Timestamp,Heart Rate (BPM),SpO₂ (%),Airflow (0-1),Chest Movement (0-1),Breath Rate (RPM),Position
2024-01-15 23:00:00,62.7,97.1,1,0.996,14.3,supine
2024-01-15 23:00:02,63,97.6,1,0.994,13.8,supine
2024-01-15 23:00:04,61.6,97.8,0.984,1,13.8,supine
2024-01-15 23:00:06,64.4,97.8,1,0.91,13.1,supine
2024-01-15 23:00:08,61.3,97.4,1,0.966,14.6,supine
2024-01-15 23:00:10,61.3,96.9,0.962,0.931,13.9,supine
2024-01-15 23:00:12,62.4,97.9,1,1,14.2,supine
2024-01-15 23:00:14,59.4,97.2,1,1,14.5,supine
2024-01-15 23:00:16,60.5,97.7,1,0.994,14,supine
2024-01-15 23:00:18,60.6,97.4,1,0.998,13.9,supine
2024-01-15 23:00:20,64.2,97.1,0.984,1,13.4,supine
2024-01-15 23:00:22,62.1,97,1,0.972,13.8,supine
2024-01-15 23:00:24,61.2,97.3,1,0.997,14.4,supine
2024-01-15 23:00:26,60.3,97.3,0.943,0.988,13.8,supine
2024-01-15 23:00:28,61.1,97.3,1,0.944,13.7,supine
2024-01-15 23:00:30,61.1,97.9,0.989,1,13.9,supine
2024-01-15 23:00:32,62,97.7,1,1,13.9,supine
2024-01-15 23:00:34,63.2,97.3,0.979,1,14.5,supine
2024-01-15 23:00:36,62.3,97.2,0.971,1,14.3,supine
2024-01-15 23:00:38,60,97.5,0.996,1,14.1,supine
2024-01-15 23:00:40,63.1,97.4,0.975,1,14,supine
2024-01-15 23:00:42,61.8,97.5,0.973,1,14.1,supine
2024-01-15 23:00:44,59.8,97.7,0.974,1,14.5,supine
2024-01-15 23:00:46,61.3,97.4,1,1,13.9,supine
2024-01-15 23:00:48,62.5,97.1,0.995,1,14.3,supine
2024-01-15 23:00:50,62.5,97.4,0.962,0.958,13.8,supine
2024-01-15 23:00:52,61,98,0.991,0.985,15.4,supine
2024-01-15 23:00:54,63.5,98,1,1,14.2,supine
2024-01-15 23:00:56,60.7,97.6,0.97,1,14.8,supine
2024-01-15 23:00:58,62.5,97.3,1,1,14.4,supine
2024-01-15 23:01:00,61.3,97.6,0.924,1,14.1,supine
2024-01-15 23:01:02,60.3,97.6,1,1,14.8,supine
2024-01-15 23:01:04,63.2,97.3,1,1,14,supine
2024-01-15 23:01:06,61.9,96.9,0.99,1,13.9,supine
2024-01-15 23:01:08,62.5,97.5,1,1,13.8,supine
2024-01-15 23:01:10,62.5,97.6,0.973,0.949,13.5,supine
2024-01-15 23:01:12,61.9,97.3,0.973,1,13.6,supine
2024-01-15 23:01:14,58.1,97.7,0.976,1,14.2,supine
2024-01-15 23:01:16,62.1,97.5,1,0.99,13.8,supine
2024-01-15 23:01:18,62.1,97.6,1,0.959,13.5,supine
2024-01-15 23:01:20,61.7,97,0.947,0.967,14,supine
2024-01-15 23:01:22,64.2,97.5,0.992,0.957,14.5,supine
2024-01-15 23:01:24,60.8,97.5,1,1,14,supine
2024-01-15 23:01:26,63.4,97.2,0.997,0.972,13.5,supine
2024-01-15 23:01:28,61.2,97.7,1,1,14,supine
2024-01-15 23:01:30,62.1,97.5,0.973,0.967,13.5,supine
2024-01-15 23:01:32,60.9,97.5,0.984,0.983,13.9,supine
2024-01-15 23:01:34,61.4,96.9,1,1,13.5,supine
2024-01-15 23:01:36,62.4,97,0.989,0.96,14.2,supine
2024-01-15 23:01:38,62,97.2,1,1,14.8,supine
2024-01-15 23:01:40,59.9,97.6,1,1,14,supine
2024-01-15 23:01:42,61.5,97.5,0.997,0.979,13.4,supine
2024-01-15 23:01:44,61.8,97.3,0.976,1,13.6,supine
2024-01-15 23:01:46,64.8,97.8,0.985,0.944,14.1,supine
2024-01-15 23:01:48,62.4,97.7,1,1,13.8,supine
2024-01-15 23:01:50,59.1,97.2,1,0.972,14,supine
2024-01-15 23:01:52,62.1,97.7,1,1,14.4,supine
2024-01-15 23:01:54,61.7,97.2,0.983,1,13.5,supine
2024-01-15 23:01:56,61.9,97.7,1,1,15.1,supine
2024-01-15 23:01:58,63.7,97.9,0.965,1,15.9,supine
2024-01-15 23:02:00,63.2,97.2,1,1,15.3,supine
2024-01-15 23:02:02,64.1,97.2,0.976,1,15.2,supine
2024-01-15 23:02:04,62.9,97.7,1,1,13.9,supine
2024-01-15 23:02:06,60.5,97.6,1,1,14,supine
2024-01-15 23:02:08,62.1,97.6,1,0.946,14,supine
2024-01-15 23:02:10,59.7,96.9,1,0.982,13.9,supine
2024-01-15 23:02:12,60.4,97.4,0.988,0.999,14.2,supine
2024-01-15 23:02:14,60.6,97.6,1,1,13.9,supine
2024-01-15 23:02:16,60.8,97.4,0.942,1,14.1,supine
2024-01-15 23:02:18,63.2,97.8,1,0.97,14.5,supine
2024-01-15 23:02:20,62.3,97.6,0.995,0.978,13.6,supine
2024-01-15 23:02:22,59.6,97.5,1,1,14.3,supine
2024-01-15 23:02:24,62.4,97.3,0.999,0.969,15.2,supine
2024-01-15 23:02:26,60.1,97.7,1,0.978,13.6,supine
2024-01-15 23:02:28,62.8,97.6,1,1,14,supine
2024-01-15 23:02:30,62.4,97.3,1,0.976,14.8,supine
2024-01-15 23:02:32,61,97.6,0.99,0.995,13.6,supine
2024-01-15 23:02:34,62.4,97.3,1,1,14.7,supine
2024-01-15 23:02:36,64.8,98.1,1,0.976,14.1,supine
2024-01-15 23:02:38,60.2,97.3,0.975,0.976,13.2,supine
2024-01-15 23:02:40,60.5,97.3,0.997,1,13.9,supine
2024-01-15 23:02:42,63.7,97.3,0.978,1,14.2,supine
2024-01-15 23:02:44,63.4,98,1,0.964,14,supine
2024-01-15 23:02:46,63.2,97.8,1,0.981,14.2,supine
2024-01-15 23:02:48,61.6,97.3,0.939,0.99,14.3,supine
2024-01-15 23:02:50,60.7,97.7,0.963,1,14.6,supine
2024-01-15 23:02:52,61.9,97.3,1,0.948,14.8,supine
2024-01-15 23:02:54,62.4,97.4,0.964,1,14.6,supine
2024-01-15 23:02:56,62,97.3,1,0.985,14.3,supine
2024-01-15 23:02:58,61.6,97.2,1,1,14.3,supine
2024-01-15 23:03:00,62.9,97.1,1,1,13.7,supine
2024-01-15 23:03:02,60.4,97.3,0.979,0.988,13.4,supine
2024-01-15 23:03:04,61.7,97.7,0.982,0.976,14.6,supine
2024-01-15 23:03:06,62.7,97.2,0.959,1,14.6,supine
2024-01-15 23:03:08,60.7,97.5,1,0.99,13.1,supine
2024-01-15 23:03:10,61.3,97.1,0.996,0.999,14.3,supine
2024-01-15 23:03:12,62.3,97.2,1,1,13.8,supine
2024-01-15 23:03:14,62.3,97.1,1,1,14,supine
2024-01-15 23:03:16,60.7,97.4,1,1,13.6,supine
2024-01-15 23:03:18,62.1,98.1,1,0.988,13.5,supine
2024-01-15 23:03:20,62.5,97.7,0.974,1,14.1,supine
2024-01-15 23:03:22,63.6,98.5,0.996,0.972,14.7,supine
2024-01-15 23:03:24,59.9,97.3,1,1,14.5,supine
2024-01-15 23:03:26,62.8,97.4,0.989,0.922,14.4,supine
2024-01-15 23:03:28,62.8,97.8,0.997,0.996,14.4,supine
2024-01-15 23:03:30,62.9,97.2,1,1,14.2,supine
2024-01-15 23:03:32,63.4,97.6,1,1,13.4,supine
2024-01-15 23:03:34,61.5,97.4,0.968,1,15.3,supine
2024-01-15 23:03:36,60.8,97.7,1,1,13.5,supine
2024-01-15 23:03:38,61.3,97.3,0.991,1,13.7,supine
2024-01-15 23:03:40,65.5,97.6,0.966,0.998,14.3,supine
2024-01-15 23:03:42,63,96.9,1,1,13.4,supine
2024-01-15 23:03:44,61.3,97.4,0.977,0.994,13.4,supine
2024-01-15 23:03:46,62.1,97.4,0.996,1,14.4,supine
2024-01-15 23:03:48,60.9,97.1,1,1,14.2,supine
2024-01-15 23:03:50,60.9,97.9,1,1,14,supine
2024-01-15 23:03:52,62.1,97.7,0.986,1,14.3,supine
2024-01-15 23:03:54,65.2,97.8,1,1,14.6,supine
2024-01-15 23:03:56,59,97.5,0.99,1,13.6,supine
2024-01-15 23:03:58,61,97.2,0.978,1,14,supine
2024-01-15 23:04:00,60.8,97.8,1,0.951,15,supine
2024-01-15 23:04:02,62.8,98,0.983,1,13.8,supine
2024-01-15 23:04:04,60.2,97.3,0.963,0.978,13.8,supine
2024-01-15 23:04:06,61.3,97.8,1,1,13.7,supine
2024-01-15 23:04:08,64.6,97.7,0.999,0.97,14.1,supine
2024-01-15 23:04:10,60.1,97.6,1,1,14.5,supine
2024-01-15 23:04:12,65.2,97.1,1,0.937,13.5,supine
2024-01-15 23:04:14,59.7,97.8,1,1,14,supine
2024-01-15 23:04:16,63.9,97.6,1,1,14.2,supine
2024-01-15 23:04:18,62.7,97.3,1,1,13.8,supine
2024-01-15 23:04:20,60.6,97.2,0.964,0.986,14.8,supine
2024-01-15 23:04:22,57.1,97.6,1,1,14.3,supine
2024-01-15 23:04:24,61.6,97,0.956,1,13.9,supine
2024-01-15 23:04:26,64.4,97.1,0.977,0.933,13.6,supine
2024-01-15 23:04:28,61.3,97.8,1,1,13.7,supine
2024-01-15 23:04:30,64.2,97.6,0.994,0.955,14,supine
2024-01-15 23:04:32,63.7,98,1,0.986,14.6,supine
2024-01-15 23:04:34,60.5,97.2,0.97,0.943,14.1,supine
2024-01-15 23:04:36,62.3,97.6,1,1,13.8,supine
2024-01-15 23:04:38,62.1,97.5,1,0.998,13.2,supine
2024-01-15 23:04:40,62.2,97.6,1,1,14.3,supine
2024-01-15 23:04:42,64.4,97.3,0.96,0.975,14.7,supine
2024-01-15 23:04:44,65.2,97.5,1,0.978,14.9,supine
2024-01-15 23:04:46,61.8,97.4,0.992,0.959,14.5,supine
2024-01-15 23:04:48,62.4,97.1,0.985,1,14.2,supine
2024-01-15 23:04:50,61.7,97.5,0.992,0.955,13.2,supine
2024-01-15 23:04:52,61.1,97.3,0.961,1,14.3,supine
2024-01-15 23:04:54,62.5,97.2,1,1,14.4,supine
2024-01-15 23:04:56,63.3,97.2,1,1,14,supine
2024-01-15 23:04:58,63.2,97.3,1,0.991,13.1,supine
2024-01-15 23:05:00,60.8,97.3,1,1,13.2,supine
2024-01-15 23:05:02,63.1,97.5,0.975,0.993,14,supine
2024-01-15 23:05:04,62,97.8,0.988,1,13.9,supine
2024-01-15 23:05:06,63.9,97,1,1,13.2,supine
2024-01-15 23:05:08,62.8,98.1,1,1,14.4,supine
2024-01-15 23:05:10,61.7,97.1,0.983,1,12.9,supine
2024-01-15 23:05:12,63.2,97.3,1,0.987,14.2,supine
2024-01-15 23:05:14,64,97.2,1,0.968,15.1,supine
2024-01-15 23:05:16,63,98,0.967,0.982,14.2,supine
2024-01-15 23:05:18,62.5,97.8,1,0.997,13.5,supine
2024-01-15 23:05:20,62.1,97.1,1,1,13,supine
2024-01-15 23:05:22,60.8,97.5,1,0.972,13.9,supine
2024-01-15 23:05:24,60.5,97.6,0.979,0.979,14.5,supine
2024-01-15 23:05:26,63.7,97.5,0.989,0.983,14,supine
2024-01-15 23:05:28,62.9,97.7,1,1,13.2,supine
2024-01-15 23:05:30,62,97.9,1,0.996,13.5,supine
2024-01-15 23:05:32,62.1,97.7,0.962,0.987,13.8,supine
2024-01-15 23:05:34,63.5,97.1,0.973,0.975,14.4,supine
2024-01-15 23:05:36,60.8,97.2,1,0.989,14.2,supine
2024-01-15 23:05:38,62.6,97.3,0.975,1,14.5,supine
2024-01-15 23:05:40,60.8,98,1,1,13.2,supine
2024-01-15 23:05:42,62.4,97.8,1,1,14,supine
2024-01-15 23:05:44,61.3,96.9,1,1,14.5,supine
2024-01-15 23:05:46,59.8,97.5,1,1,13.9,supine
2024-01-15 23:05:48,60.9,97.7,0.986,0.978,13.6,supine
2024-01-15 23:05:50,62.5,97.6,1,1,12.9,supine
2024-01-15 23:05:52,63.3,97.5,0.991,0.964,13.6,supine
2024-01-15 23:05:54,62,96.9,0.971,1,13.1,supine
2024-01-15 23:05:56,62,97,0.961,1,14.8,supine
2024-01-15 23:05:58,62.5,97.6,1,1,14.4,supine
2024-01-15 23:06:00,62.8,97.5,0.985,0.996,13.8,supine
2024-01-15 23:06:02,61.8,97.3,0.991,0.966,13.8,supine
2024-01-15 23:06:04,63,98.2,0.985,1,14.5,supine
2024-01-15 23:06:06,62.3,97.2,0.989,1,14,supine
2024-01-15 23:06:08,62.1,97.5,1,0.99,13.8,supine
2024-01-15 23:06:10,62,97.2,1,1,14.8,supine
2024-01-15 23:06:12,64.2,97.8,1,0.933,14.2,supine
2024-01-15 23:06:14,65.2,98.1,1,1,13.7,supine
2024-01-15 23:06:16,63.3,97.7,0.942,0.99,13.9,supine
2024-01-15 23:06:18,65.3,97.6,1,1,13.8,supine
2024-01-15 23:06:20,60.7,97.7,1,1,14.6,supine
2024-01-15 23:06:22,58.8,97.4,1,0.984,14.2,supine
2024-01-15 23:06:24,60.9,97.6,0.966,1,12.6,supine
2024-01-15 23:06:26,62.5,98.2,0.958,1,13.9,supine
2024-01-15 23:06:28,63.4,97.4,1,1,14.1,supine
2024-01-15 23:06:30,60.7,97.7,1,1,14.7,supine
2024-01-15 23:06:32,60,97.5,0.953,0.976,13.8,supine
2024-01-15 23:06:34,63.8,97,0.971,1,14,supine
2024-01-15 23:06:36,59.4,97.5,1,1,13.9,supine
2024-01-15 23:06:38,61.8,97.3,0.969,1,14,supine
2024-01-15 23:06:40,59.6,97.2,1,0.992,14,supine
2024-01-15 23:06:42,62,97.3,1,0.98,14.6,supine
2024-01-15 23:06:44,61.3,97.4,0.976,0.994,14.6,supine
2024-01-15 23:06:46,60.4,97.3,1,1,14,supine
2024-01-15 23:06:48,62.2,97.9,1,1,13.9,supine
2024-01-15 23:06:50,63.1,97.9,0.99,0.964,14.3,supine
2024-01-15 23:06:52,59.7,96.8,0.974,0.939,14.7,supine
2024-01-15 23:06:54,62.5,97.3,0.975,1,14.3,supine
2024-01-15 23:06:56,64.3,97.3,0.998,1,14.3,supine
2024-01-15 23:06:58,63.8,97.1,0.978,0.985,14.6,supine
2024-01-15 23:07:00,65.1,97.8,0.964,1,14.3,supine
2024-01-15 23:07:02,61.6,97.1,1,0.961,12.8,supine
2024-01-15 23:07:04,63,97.7,1,1,14,supine
2024-01-15 23:07:06,60.6,97.9,0.967,1,14.5,supine
2024-01-15 23:07:08,63.6,97.2,0.981,0.963,14.5,supine
2024-01-15 23:07:10,60.2,97.3,1,0.997,14.1,supine
2024-01-15 23:07:12,61.6,97.5,0.977,1,14,supine
2024-01-15 23:07:14,64.3,97.4,0.938,1,13.9,supine
2024-01-15 23:07:16,64.4,97.7,0.98,1,15.1,supine
2024-01-15 23:07:18,59.4,97.8,0.993,0.952,14.1,supine
2024-01-15 23:07:20,62.6,97.6,1,0.977,13.8,supine
2024-01-15 23:07:22,58.9,97.3,1,0.974,14.2,supine
2024-01-15 23:07:24,60,97.3,1,1,13.3,supine
2024-01-15 23:07:26,62.5,97.3,1,0.983,14.3,supine
2024-01-15 23:07:28,61.2,97.6,0.99,0.992,13.6,supine
2024-01-15 23:07:30,61.9,97.6,0.997,0.991,13.9,supine
2024-01-15 23:07:32,60.5,97.5,1,1,13.9,supine
2024-01-15 23:07:34,61.2,97.7,1,1,14.2,supine
2024-01-15 23:07:36,61.8,98,0.983,1,14,supine
2024-01-15 23:07:38,61.2,97.5,1,0.999,13.9,supine
2024-01-15 23:07:40,64.9,97.4,0.981,1,14.9,supine
2024-01-15 23:07:42,61,97.8,1,0.991,14.6,supine
2024-01-15 23:07:44,61.8,98,0.996,1,13.7,supine
2024-01-15 23:07:46,62.9,98.4,1,1,14.7,supine
2024-01-15 23:07:48,61.2,97.6,0.991,0.969,14.5,supine
2024-01-15 23:07:50,61.6,97.3,0.988,1,13.5,supine
2024-01-15 23:07:52,59.7,97.2,0.999,0.995,13.4,supine
2024-01-15 23:07:54,64.5,97.7,0.984,0.99,14.4,supine
2024-01-15 23:07:56,62.9,97.1,1,0.995,13.2,supine
2024-01-15 23:07:58,66.6,97.5,1,1,13.7,supine
2024-01-15 23:08:00,61.8,97.3,0.953,0.999,15.3,supine
2024-01-15 23:08:02,59.6,98,0.977,1,14.1,supine
2024-01-15 23:08:04,60.9,97.1,0.993,0.981,15.1,supine
2024-01-15 23:08:06,61,97.3,0.963,0.963,14.6,supine
2024-01-15 23:08:08,64.5,97.4,0.986,0.999,13.3,supine
2024-01-15 23:08:10,62,97.4,0.969,1,13.5,supine
2024-01-15 23:08:12,62.1,97.9,0.95,1,13.7,supine
2024-01-15 23:08:14,64.3,97.5,0.97,1,14.3,supine
2024-01-15 23:08:16,60.4,97,0.971,1,13.6,supine
2024-01-15 23:08:18,60.7,97.6,0.977,0.93,14.6,supine
2024-01-15 23:08:20,63.4,97.6,0.97,1,13.2,supine
2024-01-15 23:08:22,59.9,97.2,1,0.947,14.4,supine
2024-01-15 23:08:24,61,98.2,1,0.989,14.5,supine
2024-01-15 23:08:26,61.1,98,1,0.975,14.5,supine
2024-01-15 23:08:28,62.1,97.6,1,1,13.1,supine
2024-01-15 23:08:30,62.4,97.8,1,0.975,14,supine
2024-01-15 23:08:32,61.6,97.7,1,1,14.6,supine
2024-01-15 23:08:34,61.1,97.6,0.993,1,15.3,supine
2024-01-15 23:08:36,62.8,97.6,1,0.941,15.1,supine
2024-01-15 23:08:38,62.1,97.1,1,0.97,14.5,supine
2024-01-15 23:08:40,59.5,97.6,1,1,14.5,supine
2024-01-15 23:08:42,61,98,1,0.998,14.8,supine
2024-01-15 23:08:44,60.9,97.4,0.984,1,13.4,supine
2024-01-15 23:08:46,59.6,97.3,0.995,0.992,14.3,supine
2024-01-15 23:08:48,62.4,97.5,1,1,13.5,supine
2024-01-15 23:08:50,63,97.7,0.988,0.956,14.2,supine
2024-01-15 23:08:52,61.9,98,1,0.999,15,supine
2024-01-15 23:08:54,61,97.4,0.997,1,13.5,supine
2024-01-15 23:08:56,60.7,97.8,0.987,0.98,13.2,supine
2024-01-15 23:08:58,63.5,97.4,0.977,0.937,13.5,supine
2024-01-15 23:09:00,63.3,97.5,0.998,1,14.3,supine
2024-01-15 23:09:02,62.8,97.3,1,0.982,13.8,supine
2024-01-15 23:09:04,58.3,97.3,0.975,0.965,13.5,supine
2024-01-15 23:09:06,62.9,97.7,0.992,1,15,supine
2024-01-15 23:09:08,62.6,97,1,1,13.8,supine
2024-01-15 23:09:10,62.1,97.3,1,1,14.3,supine
2024-01-15 23:09:12,63.8,97.9,0.97,0.996,14.9,supine
2024-01-15 23:09:14,62.5,98,0.997,0.982,13.1,supine
2024-01-15 23:09:16,61.3,97.4,1,1,13.5,supine
2024-01-15 23:09:18,62.6,97.8,0.95,0.98,14,supine
2024-01-15 23:09:20,62.4,97.8,1,0.979,13.4,supine
2024-01-15 23:09:22,63.3,97.3,0.992,0.987,13.5,supine
2024-01-15 23:09:24,63.8,97.7,1,0.99,14.3,supine
2024-01-15 23:09:26,58.9,98,1,0.954,14.2,supine
2024-01-15 23:09:28,59.2,97.5,0.988,0.996,13.6,supine
2024-01-15 23:09:30,62,97.5,1,0.992,13.9,supine
2024-01-15 23:09:32,62.5,97.4,0.986,0.985,14.2,supine
2024-01-15 23:09:34,63.2,97.7,0.978,1,14.8,supine
2024-01-15 23:09:36,62.4,97.8,0.999,1,13.5,supine
2024-01-15 23:09:38,59.8,97.8,0.967,1,13.7,supine
2024-01-15 23:09:40,62.5,97.5,1,1,14.4,supine
2024-01-15 23:09:42,62.9,97.4,0.967,1,14.1,supine
2024-01-15 23:09:44,62.3,97.6,1,1,14.1,supine
2024-01-15 23:09:46,61.3,97.1,0.996,1,13.8,supine
2024-01-15 23:09:48,63.2,97.8,0.989,0.996,14.1,supine
2024-01-15 23:09:50,62.1,97.5,1,1,13.5,supine
2024-01-15 23:09:52,62.7,97.7,0.939,1,14,supine
2024-01-15 23:09:54,63.6,97.8,0.961,0.978,13.1,supine
2024-01-15 23:09:56,61.6,97.5,1,1,13.8,supine
2024-01-15 23:09:58,61.3,97.2,0.99,0.997,14.3,supine
2024-01-15 23:10:00,63.1,97.9,1,1,14.2,supine
2024-01-15 23:10:02,63.3,97.4,1,0.953,13.5,supine
2024-01-15 23:10:04,62.6,97.3,0.985,1,14.7,supine
2024-01-15 23:10:06,60.8,97.3,0.93,1,13.5,supine
2024-01-15 23:10:08,59.3,97.5,0.979,1,14.7,supine
2024-01-15 23:10:10,63,97.1,1,0.981,13.5,supine
2024-01-15 23:10:12,62.4,98,1,1,13.1,supine
2024-01-15 23:10:14,65.7,97.2,1,1,13.8,supine
2024-01-15 23:10:16,62.2,97.5,1,0.958,13.4,supine
2024-01-15 23:10:18,62.7,97.6,0.965,1,13.6,supine
2024-01-15 23:10:20,60.8,97.6,1,0.992,14.6,supine
2024-01-15 23:10:22,64.8,97.6,1,0.983,13.6,supine
2024-01-15 23:10:24,64.4,97.3,0.986,1,14.2,supine
2024-01-15 23:10:26,60.5,97.3,0.965,1,13.8,supine
2024-01-15 23:10:28,62.1,97.1,0.998,0.998,13.9,supine
2024-01-15 23:10:30,59.5,97,1,0.992,13.7,supine
2024-01-15 23:10:32,61.8,97.2,0.942,1,14.2,supine
2024-01-15 23:10:34,60.5,97,0.979,1,14.2,supine
2024-01-15 23:10:36,63.2,97.8,1,1,14.2,supine
2024-01-15 23:10:38,60.1,97.6,1,1,14.5,supine
2024-01-15 23:10:40,61.5,97.8,0.996,0.999,13.7,supine
2024-01-15 23:10:42,61.6,97.1,0.975,0.986,14,supine
2024-01-15 23:10:44,61.6,97.3,1,1,14.8,supine
2024-01-15 23:10:46,58,97.7,0.988,0.999,14.1,supine
2024-01-15 23:10:48,61.7,97.7,0.965,0.973,14.1,supine
2024-01-15 23:10:50,64.8,97.7,1,0.992,13.5,supine
2024-01-15 23:10:52,61.6,97.7,1,1,13.7,supine
2024-01-15 23:10:54,65.9,97.7,0.967,0.999,13.8,supine
2024-01-15 23:10:56,62,97.6,0.99,0.978,13.7,supine
2024-01-15 23:10:58,62.3,97.2,0.995,0.966,13.7,supine
2024-01-15 23:11:00,61.1,97.6,1,0.963,13.5,supine
2024-01-15 23:11:02,62,96.9,0.989,0.992,13.9,supine
2024-01-15 23:11:04,60.9,97.4,1,1,14.8,supine
2024-01-15 23:11:06,61.6,97.3,0.988,0.975,13.5,supine
2024-01-15 23:11:08,58,97.7,0.985,1,14.4,supine
2024-01-15 23:11:10,63.9,97.5,1,0.969,13.7,supine
2024-01-15 23:11:12,61.5,97.6,1,1,13.8,supine
2024-01-15 23:11:14,59.9,97.4,0.964,1,14.6,supine
2024-01-15 23:11:16,60.3,97.6,0.993,0.998,14.4,supine
2024-01-15 23:11:18,63.4,97.6,1,1,13.9,supine
2024-01-15 23:11:20,63.1,96.9,0.99,1,13.6,supine
2024-01-15 23:11:22,61.2,97.2,1,0.951,14.1,supine
2024-01-15 23:11:24,60.2,97.5,0.968,1,13.3,supine
2024-01-15 23:11:26,61.6,97.6,1,1,14.9,supine
2024-01-15 23:11:28,63.1,97.5,0.931,1,13.4,supine
2024-01-15 23:11:30,61.5,97.7,1,0.981,13.4,supine
2024-01-15 23:11:32,60.4,97.3,0.987,1,14.3,supine
2024-01-15 23:11:34,62.9,97.4,1,1,14.8,supine
2024-01-15 23:11:36,62.5,98.1,1,1,14.6,supine
2024-01-15 23:11:38,63.4,97.8,1,0.987,13.9,supine
2024-01-15 23:11:40,61.2,97.6,0.995,0.973,13.8,supine
2024-01-15 23:11:42,60.9,97.1,1,0.975,14.1,supine
2024-01-15 23:11:44,59.7,98,0.947,0.917,12.8,supine
2024-01-15 23:11:46,60.1,97.5,0.949,1,14.7,supine
2024-01-15 23:11:48,58.9,97.7,1,1,12.5,supine
2024-01-15 23:11:50,62.3,97.6,1,1,13.9,supine
2024-01-15 23:11:52,61.2,97.3,0.989,0.977,12.9,supine
2024-01-15 23:11:54,61.9,97.7,1,1,14.4,supine
2024-01-15 23:11:56,62.2,97.5,0.963,1,13.5,supine
2024-01-15 23:11:58,61.5,97.2,1,1,15.3,supine
2024-01-15 23:12:00,62.5,96.8,1,1,14.3,supine
2024-01-15 23:12:02,60,97.2,1,1,13.9,supine
2024-01-15 23:12:04,62.3,96.8,0.968,0.993,14.2,supine
2024-01-15 23:12:06,62,97.8,1,0.961,14.3,supine
2024-01-15 23:12:08,61.2,97.6,0.962,0.989,14.2,supine
2024-01-15 23:12:10,62.3,97,0.992,0.981,14,supine
2024-01-15 23:12:12,62.6,97.7,1,1,14.4,supine
2024-01-15 23:12:14,63.5,97.4,0.965,1,14.2,supine
2024-01-15 23:12:16,62.4,98.4,1,0.972,14,supine
2024-01-15 23:12:18,64.5,96.9,1,0.98,14.1,supine
2024-01-15 23:12:20,59.2,97.7,0.998,1,14,supine
2024-01-15 23:12:22,61.1,97.4,0.959,1,13.8,supine
2024-01-15 23:12:24,62.8,97.6,1,0.92,13.5,supine
2024-01-15 23:12:26,62.3,96.7,1,1,13.8,supine
2024-01-15 23:12:28,61.1,97.3,0.989,0.956,13.9,supine
2024-01-15 23:12:30,60.6,97.3,1,0.976,14,supine
2024-01-15 23:12:32,60.5,97.8,0.993,1,13.8,supine
2024-01-15 23:12:34,60.6,97.6,1,0.958,14.2,supine
2024-01-15 23:12:36,62.7,97.7,0.997,1,14.9,supine
2024-01-15 23:12:38,60.7,97.1,0.975,0.958,13.9,supine
2024-01-15 23:12:40,61.1,96.9,0.956,1,13.6,supine
2024-01-15 23:12:42,65.8,97.4,0.993,0.998,13.7,supine
2024-01-15 23:12:44,63.7,97.6,0.963,0.968,13.7,supine
2024-01-15 23:12:46,61.9,97.5,0.982,0.987,14.3,supine
2024-01-15 23:12:48,61.1,97.3,0.98,1,12.8,supine
2024-01-15 23:12:50,63.1,98.3,1,1,14.4,supine
2024-01-15 23:12:52,62.9,97.5,0.977,1,13.9,supine
2024-01-15 23:12:54,62.9,98,0.999,0.984,13.9,supine
2024-01-15 23:12:56,60.9,97.9,0.948,1,13.9,supine
2024-01-15 23:12:58,61.9,97.9,0.948,0.98,13.2,supine
2024-01-15 23:13:00,62.3,97.4,0.988,0.982,14,supine
2024-01-15 23:13:02,62.6,97.6,1,1,14.4,supine
2024-01-15 23:13:04,62.8,97.7,0.972,1,14.2,supine
2024-01-15 23:13:06,63.3,97.5,1,1,13.6,supine
2024-01-15 23:13:08,61.9,97.5,0.97,0.989,13.7,supine
2024-01-15 23:13:10,62.6,97.3,0.964,0.981,14,supine
2024-01-15 23:13:12,62.4,98,1,1,13.7,supine
2024-01-15 23:13:14,60.4,96.5,1,0.992,14.9,supine
2024-01-15 23:13:16,61.9,97.6,0.999,0.94,13.5,supine
2024-01-15 23:13:18,62,97.3,1,1,13.6,supine
2024-01-15 23:13:20,63.4,97.3,1,1,13.5,supine
2024-01-15 23:13:22,62.1,97.5,1,1,14.7,supine
2024-01-15 23:13:24,61.3,97.8,1,0.975,14.6,supine
2024-01-15 23:13:26,62.3,97,1,0.957,14.3,supine
2024-01-15 23:13:28,63.9,97.6,1,0.972,13.5,supine
2024-01-15 23:13:30,61.7,98.1,0.982,1,14.3,supine
2024-01-15 23:13:32,64.2,97.3,0.959,0.958,13.6,supine
2024-01-15 23:13:34,63.5,97.8,1,1,14,supine
2024-01-15 23:13:36,62.4,97.6,0.993,0.993,14.4,supine
2024-01-15 23:13:38,62.1,97.5,1,1,14.3,supine
2024-01-15 23:13:40,61.2,97.4,1,0.961,14,supine
2024-01-15 23:13:42,65.4,97.8,0.974,0.985,14.3,supine
2024-01-15 23:13:44,61.3,97.5,0.96,1,13.6,supine
2024-01-15 23:13:46,64.4,98,0.992,1,13.9,supine
2024-01-15 23:13:48,61.4,97.7,1,0.988,14,supine
2024-01-15 23:13:50,60,97.3,0.967,1,14,supine
2024-01-15 23:13:52,60.5,97.1,0.997,0.998,14,supine
2024-01-15 23:13:54,61.9,97.2,1,0.99,13.2,supine
2024-01-15 23:13:56,64.3,98,0.999,1,14.2,supine
2024-01-15 23:13:58,63.5,97.8,1,0.96,13.9,supine
2024-01-15 23:14:00,61.9,97.5,0.956,0.977,14,supine
2024-01-15 23:14:02,60.3,97.4,1,0.98,15,supine
2024-01-15 23:14:04,62.2,98,0.942,0.969,13.9,supine
2024-01-15 23:14:06,62.4,97.3,0.983,1,13.5,supine
2024-01-15 23:14:08,61,97.8,1,1,13.9,supine
2024-01-15 23:14:10,61.1,97.6,0.997,0.953,15.2,supine
2024-01-15 23:14:12,61,97.5,0.989,0.995,13.4,supine
2024-01-15 23:14:14,64.1,97.7,1,0.975,14.1,supine
2024-01-15 23:14:16,60.8,97.6,0.981,0.974,13.6,supine
2024-01-15 23:14:18,61.2,97,1,1,13.6,supine
2024-01-15 23:14:20,62.3,97.6,1,1,14.7,supine
2024-01-15 23:14:22,64.3,97.4,0.991,0.981,14.2,supine
2024-01-15 23:14:24,61.1,97.3,0.971,1,13.7,supine
2024-01-15 23:14:26,62.4,97.8,1,1,13.2,supine
2024-01-15 23:14:28,63,97.5,1,0.992,14.6,supine
2024-01-15 23:14:30,61.7,98,1,1,13.8,supine
2024-01-15 23:14:32,59.9,97.4,1,0.998,13.6,supine
2024-01-15 23:14:34,62,98.1,1,1,13,supine
2024-01-15 23:14:36,61.2,97.4,0.981,1,14.7,supine
2024-01-15 23:14:38,62,97,1,1,13.7,supine
2024-01-15 23:14:40,65.8,98.1,1,0.99,13.7,supine
2024-01-15 23:14:42,61.3,97.5,0.95,1,14.1,supine
2024-01-15 23:14:44,63,97.4,1,1,14.1,supine
2024-01-15 23:14:46,62.9,97.7,1,0.984,14.4,supine
2024-01-15 23:14:48,62.9,96.8,1,1,13.9,supine
2024-01-15 23:14:50,63.2,98.1,1,0.973,14.6,supine
2024-01-15 23:14:52,63.6,97.1,0.988,1,13.5,supine
2024-01-15 23:14:54,64.1,98,0.941,0.97,14,supine
2024-01-15 23:14:56,61.7,98,0.984,1,13.7,supine
2024-01-15 23:14:58,63.8,97.7,1,1,14.1,supine
2024-01-15 23:15:00,62.6,97.6,1,0.993,13.2,supine
2024-01-15 23:15:02,62,97.5,1,0.979,13.7,supine
2024-01-15 23:15:04,62.3,97.6,0.982,0.96,14.4,supine
2024-01-15 23:15:06,60,97.7,1,0.978,13.5,supine
2024-01-15 23:15:08,63,97.4,0.987,1,13.7,supine
2024-01-15 23:15:10,61.5,97.2,1,0.971,14.4,supine
2024-01-15 23:15:12,62.4,97.4,1,1,14.4,supine
2024-01-15 23:15:14,61.9,97.7,0.984,0.98,14.4,supine
2024-01-15 23:15:16,62.9,97.9,1,1,13.4,supine
2024-01-15 23:15:18,61.3,97.5,1,0.963,13.4,supine
2024-01-15 23:15:20,63.6,97.5,1,1,14.1,supine
2024-01-15 23:15:22,62.2,97.1,1,1,14.4,supine
2024-01-15 23:15:24,63.8,97.4,1,1,13.3,supine
2024-01-15 23:15:26,61.2,97.5,0.999,0.974,12.7,supine
2024-01-15 23:15:28,64.3,97.6,1,0.971,13.4,supine
2024-01-15 23:15:30,61.2,97.6,1,0.996,14.1,supine
2024-01-15 23:15:32,59.8,97.2,1,1,14.4,supine
2024-01-15 23:15:34,62.7,97.9,1,0.969,14.3,supine
2024-01-15 23:15:36,60.5,97.9,0.975,0.987,14.5,supine
2024-01-15 23:15:38,62.4,97.4,0.987,1,14.4,supine
2024-01-15 23:15:40,60.1,97.5,0.97,0.971,14.2,supine
2024-01-15 23:15:42,63,97.4,1,1,14.2,supine
2024-01-15 23:15:44,64.8,97.5,0.96,1,13.1,supine
2024-01-15 23:15:46,59.7,97.7,1,1,14.3,supine
2024-01-15 23:15:48,61.9,97.5,1,1,14.6,supine
2024-01-15 23:15:50,61.6,98,1,1,14.1,supine
2024-01-15 23:15:52,60.1,97.2,1,0.954,13.8,supine
2024-01-15 23:15:54,61.9,97.6,0.94,1,14.6,supine
2024-01-15 23:15:56,62.5,97.7,0.996,0.984,14,supine
2024-01-15 23:15:58,62.9,97.3,1,1,14.4,supine
2024-01-15 23:16:00,63,97.5,1,1,13.9,supine
2024-01-15 23:16:02,62.3,97.7,1,1,13.5,supine
2024-01-15 23:16:04,61.9,97.6,0.985,0.977,14.6,supine
2024-01-15 23:16:06,61,97.9,0.994,0.988,14.2,supine
2024-01-15 23:16:08,61.9,98.3,1,0.922,13.8,supine
2024-01-15 23:16:10,62.2,97.4,1,0.989,15.1,supine
2024-01-15 23:16:12,63.3,97.4,0.918,1,14.4,supine
2024-01-15 23:16:14,61.3,97.2,0.993,1,13.8,supine
2024-01-15 23:16:16,61.3,97.1,1,1,14.1,supine
2024-01-15 23:16:18,59.6,97.5,1,1,13.6,supine
2024-01-15 23:16:20,63.2,97,1,0.982,14.3,supine
2024-01-15 23:16:22,60.5,97.3,0.995,0.953,14,supine
2024-01-15 23:16:24,62,97.6,1,0.981,14.1,supine
2024-01-15 23:16:26,64.3,97.2,1,1,13.8,supine
2024-01-15 23:16:28,61.7,97,0.985,1,14.1,supine
2024-01-15 23:16:30,62.3,97.4,1,0.983,13.9,supine
2024-01-15 23:16:32,61.6,97.8,1,1,13.5,supine
2024-01-15 23:16:34,60.5,98,1,1,13.7,supine
2024-01-15 23:16:36,64.7,97.6,1,0.97,13.6,supine
2024-01-15 23:16:38,61.1,97.9,0.97,0.986,14.1,supine
2024-01-15 23:16:40,64.1,97.8,0.987,1,14.4,supine
2024-01-15 23:16:42,62.1,97.4,0.989,1,13.4,supine
2024-01-15 23:16:44,63,97.9,1,0.972,14.7,supine
2024-01-15 23:16:46,63.3,97.4,0.999,1,13.6,supine
2024-01-15 23:16:48,63.6,96.9,0.962,0.99,14.8,supine
2024-01-15 23:16:50,64,97,1,0.983,15.1,supine
2024-01-15 23:16:52,65.1,97.4,0.99,0.961,13.9,supine
2024-01-15 23:16:54,64.6,97.4,0.955,0.975,13.7,supine
2024-01-15 23:16:56,61,97.2,1,1,13.9,supine
2024-01-15 23:16:58,61.5,97.5,1,0.946,14.1,supine
2024-01-15 23:17:00,62.8,97,1,0.952,14.1,supine
2024-01-15 23:17:02,62,97.7,1,0.934,14.4,supine
2024-01-15 23:17:04,64.6,97.2,1,1,14.1,supine
2024-01-15 23:17:06,62.1,97.7,0.958,1,13.5,supine
2024-01-15 23:17:08,62.9,97.6,0.963,1,14,supine
2024-01-15 23:17:10,61.6,97.2,0.989,1,14.7,supine
2024-01-15 23:17:12,62.6,97.1,0.987,1,14.2,supine
2024-01-15 23:17:14,61.3,97.9,1,0.935,14.1,supine
2024-01-15 23:17:16,60.2,97.7,0.982,1,13.8,supine
2024-01-15 23:17:18,62.3,97.7,0.996,1,14.6,supine
2024-01-15 23:17:20,64.5,97.4,0.997,1,13.9,supine
2024-01-15 23:17:22,63.6,96.8,1,1,14.7,supine
2024-01-15 23:17:24,61.7,97.4,1,1,13.4,supine
2024-01-15 23:17:26,63,97.5,1,1,13.9,supine
2024-01-15 23:17:28,64.2,97.3,0.999,1,13.9,supine
2024-01-15 23:17:30,61.1,97.7,0.949,0.999,14,supine
2024-01-15 23:17:32,62.7,97.5,0.985,1,14.1,supine
2024-01-15 23:17:34,61.2,97.2,0.971,0.983,14.2,supine
2024-01-15 23:17:36,62,97.4,0.986,1,13.4,supine
2024-01-15 23:17:38,62.8,97.5,0.983,0.942,13.2,supine
2024-01-15 23:17:40,63.2,98.2,0.994,0.968,13.7,supine
2024-01-15 23:17:42,63.7,98,0.945,1,14,supine
2024-01-15 23:17:44,61.5,97.5,1,0.929,14.2,supine
2024-01-15 23:17:46,60.1,97,0.994,1,13.9,supine
2024-01-15 23:17:48,61.3,97.7,1,1,14.3,supine
2024-01-15 23:17:50,61.9,97.6,1,0.934,13.8,supine
2024-01-15 23:17:52,62.1,97.6,0.996,0.999,14.4,supine
2024-01-15 23:17:54,63.5,97,1,0.964,14,supine
2024-01-15 23:17:56,59.7,97.9,0.999,0.989,14.4,supine
2024-01-15 23:17:58,64.3,97.3,0.964,0.99,14.3,supine
2024-01-15 23:18:00,61.5,97.9,0.946,0.966,14.1,supine
2024-01-15 23:18:02,61.5,97.9,1,0.962,14.6,supine
2024-01-15 23:18:04,62.6,97.6,1,1,13.1,supine
2024-01-15 23:18:06,63.5,97.5,1,1,14.3,supine
2024-01-15 23:18:08,61.6,97.3,1,1,15,supine
2024-01-15 23:18:10,61.9,97.7,1,0.989,13.7,supine
2024-01-15 23:18:12,63.1,96.9,0.991,0.973,14.3,supine
2024-01-15 23:18:14,63.1,97.4,0.981,0.994,14.2,supine
2024-01-15 23:18:16,62.1,97.8,0.957,1,13.8,supine
2024-01-15 23:18:18,63.4,97.3,0.966,1,15,supine
2024-01-15 23:18:20,63.5,97.5,1,0.99,14,supine
2024-01-15 23:18:22,65.1,97.9,1,1,13.9,supine
2024-01-15 23:18:24,63.7,97,1,0.951,14,supine
2024-01-15 23:18:26,62.9,97,1,1,14.2,supine
2024-01-15 23:18:28,61.1,97.7,0.976,1,14.3,supine
2024-01-15 23:18:30,61.7,97.4,1,1,13.9,supine
2024-01-15 23:18:32,63.3,97.5,0.994,1,14.5,supine
2024-01-15 23:18:34,62.2,97.7,0.959,1,14.4,supine
2024-01-15 23:18:36,65.6,97.5,0.961,1,14,supine
2024-01-15 23:18:38,62.3,97,1,0.995,14.2,supine
2024-01-15 23:18:40,63.7,97.4,1,1,13.7,supine
2024-01-15 23:18:42,63,97.3,1,1,14.2,supine
2024-01-15 23:18:44,64.5,97.3,1,1,13.1,supine
2024-01-15 23:18:46,62.5,97.7,0.974,1,14.2,supine
2024-01-15 23:18:48,61.9,97.9,1,0.97,14.1,supine
2024-01-15 23:18:50,62.5,97.5,0.976,1,14.2,supine
2024-01-15 23:18:52,64.4,97.5,0.997,1,14.4,supine
2024-01-15 23:18:54,61.6,97.4,1,0.966,13.6,supine
2024-01-15 23:18:56,63.8,97.6,1,1,13.6,supine
2024-01-15 23:18:58,62.9,97.5,1,0.989,14.7,supine
2024-01-15 23:19:00,61.6,97.4,1,1,13.9,supine
2024-01-15 23:19:02,61.8,96.9,0.98,1,14,supine
2024-01-15 23:19:04,61.7,97.6,0.956,0.973,14,supine
2024-01-15 23:19:06,60.4,97.4,1,1,12.9,supine
2024-01-15 23:19:08,64.4,97.8,0.992,0.992,13.8,supine
2024-01-15 23:19:10,60.5,97.7,0.941,0.991,13.3,supine
2024-01-15 23:19:12,61,97.8,0.998,0.998,14.2,supine
2024-01-15 23:19:14,64.5,98.2,1,0.991,13.7,supine
2024-01-15 23:19:16,61,97.9,0.973,1,14.5,supine
2024-01-15 23:19:18,63.5,97.3,1,1,13.9,supine
2024-01-15 23:19:20,58.3,97.8,0.99,0.98,13,supine
2024-01-15 23:19:22,59.9,97.7,1,0.972,14.6,supine
2024-01-15 23:19:24,63.5,97.7,0.948,1,14.5,supine
2024-01-15 23:19:26,64.1,97.3,0.966,1,13.9,supine
2024-01-15 23:19:28,62.9,97.7,0.997,0.978,13.4,supine
2024-01-15 23:19:30,63.1,97.7,1,0.965,14,supine
2024-01-15 23:19:32,62.2,97.8,1,1,14.9,supine
2024-01-15 23:19:34,60.9,96.9,0.949,0.994,15.2,supine
2024-01-15 23:19:36,59.5,98,0.96,1,13.6,supine
2024-01-15 23:19:38,60.5,97.2,0.99,0.973,14,supine
2024-01-15 23:19:40,62.3,97,0.947,1,14.4,supine
2024-01-15 23:19:42,63.4,97.2,0.997,1,14.2,supine
2024-01-15 23:19:44,60.5,97.6,0.949,0.977,14.4,supine
2024-01-15 23:19:46,60.5,97.4,1,0.978,14.6,supine
2024-01-15 23:19:48,62.8,97.8,0.968,1,13.7,supine
2024-01-15 23:19:50,62.2,97.4,1,0.929,13.3,supine
2024-01-15 23:19:52,61.1,97.8,0.987,0.989,14.7,supine
2024-01-15 23:19:54,59.6,97.1,1,0.99,13.8,supine
2024-01-15 23:19:56,62,97.9,0.985,1,14.4,supine
2024-01-15 23:19:58,62.3,96.9,0.957,1,13.6,supine
2024-01-15 23:20:00,62.2,96.9,1,0.989,14.4,supine
2024-01-15 23:20:02,62.2,97.3,1,1,14.4,supine
2024-01-15 23:20:04,62.1,97.8,1,0.977,13.9,supine
2024-01-15 23:20:06,60.9,97.1,0.983,1,13.2,supine
2024-01-15 23:20:08,59.9,97.5,1,0.965,14,supine
2024-01-15 23:20:10,60.1,97.4,0.988,1,14.1,supine
2024-01-15 23:20:12,60.9,97.2,1,1,13.8,supine
2024-01-15 23:20:14,61.6,96.6,1,0.997,14.4,supine
2024-01-15 23:20:16,61,97.1,0.997,0.956,14.3,supine
2024-01-15 23:20:18,60.7,97.7,1,0.946,14.8,supine
2024-01-15 23:20:20,60.2,97.8,1,0.989,14.2,supine
2024-01-15 23:20:22,63,97.4,0.974,1,13.4,supine
2024-01-15 23:20:24,61.7,97.8,1,1,14.2,supine
2024-01-15 23:20:26,62.1,97.8,1,1,14.3,supine
2024-01-15 23:20:28,63.4,97.5,1,0.993,13.9,supine
2024-01-15 23:20:30,61.2,97.5,1,0.978,13.6,supine
2024-01-15 23:20:32,61.9,98,1,1,13.9,supine
2024-01-15 23:20:34,60.8,97.3,0.932,0.995,14.1,supine
2024-01-15 23:20:36,64.5,97.2,0.971,0.993,14,supine
2024-01-15 23:20:38,62.9,97.5,1,1,13.9,supine
2024-01-15 23:20:40,61.4,97.7,0.972,1,13.5,supine
2024-01-15 23:20:42,61.1,97.3,1,0.968,14.9,supine
2024-01-15 23:20:44,61,97.2,0.959,1,13.9,supine
2024-01-15 23:20:46,62.1,97.8,1,1,14,supine
2024-01-15 23:20:48,62.4,97,1,1,13.8,supine
2024-01-15 23:20:50,62.5,97.3,0.949,0.953,13.1,supine
2024-01-15 23:20:52,59,97.6,1,1,13.9,supine
2024-01-15 23:20:54,63.8,97.7,1,0.987,15.1,supine
2024-01-15 23:20:56,64.5,97.5,1,1,13.9,supine
2024-01-15 23:20:58,60.9,97.3,1,1,13.9,supine
2024-01-15 23:21:00,62.8,97.6,0.985,1,14.6,supine
2024-01-15 23:21:02,62.8,97.5,1,0.983,12.8,supine
2024-01-15 23:21:04,62.3,97.6,0.989,0.99,13.8,supine
2024-01-15 23:21:06,61.8,97.8,1,1,13.7,supine
2024-01-15 23:21:08,60.9,98.2,1,0.985,14.2,supine
2024-01-15 23:21:10,63.6,97.2,1,0.998,13.4,supine
2024-01-15 23:21:12,60.4,97.6,1,1,13.7,supine
2024-01-15 23:21:14,63.8,97.7,1,0.997,14.1,supine
2024-01-15 23:21:16,65.5,97.1,0.925,1,14.7,supine
2024-01-15 23:21:18,62.3,97.4,1,0.989,13.2,supine
2024-01-15 23:21:20,62.2,97.3,1,0.964,13.9,supine
2024-01-15 23:21:22,63.1,97.4,0.996,0.972,13.8,supine
2024-01-15 23:21:24,60.8,97.4,0.998,0.973,14.2,supine
2024-01-15 23:21:26,59.2,97.2,1,0.986,13.6,supine
2024-01-15 23:21:28,60.3,97.4,1,1,14.5,supine
2024-01-15 23:21:30,62.6,97.7,0.971,1,13.5,supine
2024-01-15 23:21:32,62,97.8,0.978,1,14.6,supine
2024-01-15 23:21:34,62.1,97.5,0.927,0.983,13.1,supine
2024-01-15 23:21:36,63.4,96.9,1,0.946,14.6,supine
2024-01-15 23:21:38,62.4,97.4,1,0.987,13.2,supine
2024-01-15 23:21:40,61,97.7,0.995,0.957,13.6,supine
2024-01-15 23:21:42,61.7,97,1,0.987,13.4,supine
2024-01-15 23:21:44,62.8,97.6,0.985,1,13.9,supine
2024-01-15 23:21:46,62,97.8,0.999,1,13.9,supine
2024-01-15 23:21:48,63.6,97.9,0.966,1,13.4,supine
2024-01-15 23:21:50,62,97.2,1,1,14.4,supine
2024-01-15 23:21:52,64.1,97.4,0.98,1,14.2,supine
2024-01-15 23:21:54,62,98.1,1,1,14.1,supine
2024-01-15 23:21:56,60.4,97.6,1,0.974,13.7,supine
2024-01-15 23:21:58,61.1,97,1,1,13.7,supine
2024-01-15 23:22:00,62.1,97.8,0.955,1,13.9,supine
2024-01-15 23:22:02,61.9,97.6,1,0.98,13.9,supine
2024-01-15 23:22:04,62.1,97.9,1,1,13.9,supine
2024-01-15 23:22:06,60.6,97.6,0.97,0.998,14.5,supine
2024-01-15 23:22:08,60.2,97.3,0.926,1,14,supine
2024-01-15 23:22:10,64.3,97.2,1,1,13.7,supine
2024-01-15 23:22:12,61.7,98.1,0.992,0.979,12.9,supine
2024-01-15 23:22:14,62.2,97.6,1,0.989,13.4,supine
2024-01-15 23:22:16,61.1,97.3,1,1,13.8,supine
2024-01-15 23:22:18,61.4,97,0.97,1,14.5,supine
2024-01-15 23:22:20,62.2,97.6,1,1,14.4,supine
2024-01-15 23:22:22,62.7,97.4,0.955,0.96,14.4,supine
2024-01-15 23:22:24,63.4,97.2,0.967,1,15.3,supine
2024-01-15 23:22:26,58.2,97.7,1,1,14.9,supine
2024-01-15 23:22:28,59.9,96.9,0.978,1,13.6,supine
2024-01-15 23:22:30,60.2,97.5,1,0.97,13.6,supine
2024-01-15 23:22:32,62.8,97.1,0.971,0.982,13.2,supine
2024-01-15 23:22:34,61.1,97.6,1,1,13.9,supine
2024-01-15 23:22:36,61.2,97.9,0.962,1,13.7,supine
2024-01-15 23:22:38,59.8,97.3,1,1,14.3,supine
2024-01-15 23:22:40,62,97.3,1,1,14.2,supine
2024-01-15 23:22:42,62.2,97.6,1,0.994,14.4,supine
2024-01-15 23:22:44,63.8,97.8,0.977,0.986,13.2,supine
2024-01-15 23:22:46,62,97.9,0.981,1,13.4,supine
2024-01-15 23:22:48,61.3,97.4,0.993,1,13.4,supine
2024-01-15 23:22:50,61.7,97.5,0.974,0.988,14.3,supine
2024-01-15 23:22:52,59.9,97.4,1,1,14,supine
2024-01-15 23:22:54,64.2,97.5,1,1,14.2,supine
2024-01-15 23:22:56,61,97.6,1,0.964,13.5,supine
2024-01-15 23:22:58,61.1,97.3,1,0.991,13.5,supine
2024-01-15 23:23:00,63,97.3,1,0.994,14.3,supine
2024-01-15 23:23:02,65.2,97.7,0.983,0.999,13.8,supine
2024-01-15 23:23:04,63.1,97.5,1,0.987,14.6,supine
2024-01-15 23:23:06,64,97.7,1,0.978,13.8,supine
2024-01-15 23:23:08,62,97,0.92,1,14.1,supine
2024-01-15 23:23:10,62.7,97.6,0.945,1,13.9,supine
2024-01-15 23:23:12,65,97.4,1,1,13.3,supine
2024-01-15 23:23:14,61.5,97.6,0.987,0.979,14.6,supine
2024-01-15 23:23:16,60,97.1,0.983,1,13.9,supine
2024-01-15 23:23:18,63.8,97.7,1,1,14.1,supine
2024-01-15 23:23:20,60.4,96.7,0.991,1,14.2,supine
2024-01-15 23:23:22,63.8,97.4,1,1,14.6,supine
2024-01-15 23:23:24,63.5,97.7,1,0.949,14.2,supine
2024-01-15 23:23:26,59.9,97.6,0.959,1,13.4,supine
2024-01-15 23:23:28,61.5,97.2,0.994,0.973,14.1,supine
2024-01-15 23:23:30,64,97.5,0.985,1,13.8,supine
2024-01-15 23:23:32,62.7,97.7,0.977,1,14,supine
2024-01-15 23:23:34,61,97.9,1,1,14.1,supine
2024-01-15 23:23:36,62.1,98.1,1,0.939,13.7,supine
2024-01-15 23:23:38,64.3,97.5,1,1,13.4,supine
2024-01-15 23:23:40,62.8,97.4,1,0.981,14.9,supine
2024-01-15 23:23:42,61.5,97.4,1,1,14.1,supine
2024-01-15 23:23:44,60.4,96.4,1,1,14.1,supine
2024-01-15 23:23:46,65.1,97.6,1,1,13.6,supine
2024-01-15 23:23:48,61.7,97.5,1,0.995,13.5,supine
2024-01-15 23:23:50,62.5,97.4,1,0.986,12.9,supine
2024-01-15 23:23:52,63.3,97.8,1,0.987,14.1,supine
2024-01-15 23:23:54,61.7,97.5,0.994,1,13,supine
2024-01-15 23:23:56,61.6,97.9,1,1,14.3,supine
2024-01-15 23:23:58,62.7,97.7,0.989,1,14.3,supine
2024-01-15 23:24:00,63,97.1,1,1,13.7,supine
2024-01-15 23:24:02,62.3,97.4,0.972,1,13.9,supine
2024-01-15 23:24:04,62.6,97.7,0.994,0.986,13.8,supine
2024-01-15 23:24:06,61.2,97.2,0.952,1,13.9,supine
2024-01-15 23:24:08,63.9,97.5,1,0.959,13.6,supine
2024-01-15 23:24:10,62.5,97,0.983,1,13,supine
2024-01-15 23:24:12,62.4,97.1,1,1,14.4,supine
2024-01-15 23:24:14,62.8,97.2,0.956,1,14.1,supine
2024-01-15 23:24:16,63.1,97.5,1,0.989,13.9,supine
2024-01-15 23:24:18,63.9,96.8,0.996,0.978,13.7,supine
2024-01-15 23:24:20,61.8,97.3,1,0.986,14,supine
2024-01-15 23:24:22,61.7,97.5,0.975,1,14.6,supine
2024-01-15 23:24:24,61.1,98,1,0.997,13.8,supine
2024-01-15 23:24:26,64.5,97.4,1,0.974,14.9,supine
2024-01-15 23:24:28,60.2,97.4,0.997,0.953,14.6,supine
2024-01-15 23:24:30,63.8,97.4,1,0.969,14.7,supine
2024-01-15 23:24:32,61.8,97.4,0.982,1,13.6,supine
2024-01-15 23:24:34,60.8,97.6,0.983,1,13.7,supine
2024-01-15 23:24:36,61.8,97.5,1,1,13.2,supine
2024-01-15 23:24:38,60.7,97.3,0.994,1,13.5,supine
2024-01-15 23:24:40,63.1,97.4,1,0.99,12.7,supine
2024-01-15 23:24:42,64.6,97.7,1,0.995,13.7,supine
2024-01-15 23:24:44,62.3,97.4,0.996,1,13.4,supine
2024-01-15 23:24:46,59.9,97.3,0.963,0.988,14.3,supine
2024-01-15 23:24:48,59.7,97.4,1,1,13.6,supine
2024-01-15 23:24:50,61.2,97.7,1,0.986,13.5,supine
2024-01-15 23:24:52,61.2,97.8,0.973,0.984,13.7,supine
2024-01-15 23:24:54,64.3,97.6,1,1,13.3,supine
2024-01-15 23:24:56,65.1,97.6,1,1,13.9,supine
2024-01-15 23:24:58,63.5,97.7,1,0.973,12.8,supine
2024-01-15 23:25:00,63.2,97.5,0.957,0.974,14,supine
2024-01-15 23:25:02,60.8,98.1,1,1,14.2,supine
2024-01-15 23:25:04,61.7,97.2,1,1,13.9,supine
2024-01-15 23:25:06,63,97.6,1,0.938,13.9,supine
2024-01-15 23:25:08,62.1,97.4,1,1,14,supine
2024-01-15 23:25:10,60.3,97.2,0.968,0.997,14.5,supine
2024-01-15 23:25:12,60.9,97.3,1,0.961,13.8,supine
2024-01-15 23:25:14,61.9,97.6,1,0.986,14.1,supine
2024-01-15 23:25:16,64.3,97.2,0.947,0.988,13,supine
2024-01-15 23:25:18,60.5,97.8,1,0.999,14.2,supine
2024-01-15 23:25:20,63.8,97.5,0.988,1,14.1,supine
2024-01-15 23:25:22,61.7,97.2,0.923,0.981,14.2,supine
2024-01-15 23:25:24,61.4,97.4,1,1,13.4,supine
2024-01-15 23:25:26,64.8,97.7,0.971,0.971,15.1,supine
2024-01-15 23:25:28,61.3,97.4,0.96,0.981,13.4,supine
2024-01-15 23:25:30,62.2,96.9,0.962,1,14.7,supine
2024-01-15 23:25:32,62.5,97.2,0.965,0.945,13,supine
2024-01-15 23:25:34,61.3,97.4,0.966,1,13.3,supine
2024-01-15 23:25:36,62.8,97,0.967,0.97,13.9,supine
2024-01-15 23:25:38,60.2,97.8,0.967,1,14.1,supine
2024-01-15 23:25:40,62,97,0.995,1,14.9,supine
2024-01-15 23:25:42,64.5,97.7,0.97,1,14.2,supine
2024-01-15 23:25:44,61.1,97.6,0.978,1,14.8,supine
2024-01-15 23:25:46,60.5,98,0.987,1,13.4,supine
2024-01-15 23:25:48,63.1,97.5,0.977,0.974,13.5,supine
2024-01-15 23:25:50,61.8,97.5,0.993,1,13.3,supine
2024-01-15 23:25:52,60.7,97.7,1,0.981,14.6,supine
2024-01-15 23:25:54,61.7,97.3,0.985,1,14.1,supine
2024-01-15 23:25:56,63.4,98.3,1,0.973,14.4,supine
2024-01-15 23:25:58,64.2,97.3,0.927,0.958,13.8,supine
2024-01-15 23:26:00,62,97.7,1,0.914,13.8,supine
2024-01-15 23:26:02,58.4,97.7,0.963,0.954,13.2,supine
2024-01-15 23:26:04,63.1,97.6,1,0.979,13.5,supine
2024-01-15 23:26:06,62.1,97.2,0.99,1,14.2,supine
2024-01-15 23:26:08,59.7,97.6,0.988,1,13.7,supine
2024-01-15 23:26:10,63.2,97.7,1,1,14.7,supine
2024-01-15 23:26:12,62.4,97.9,1,0.996,14,supine
2024-01-15 23:26:14,62.7,97.7,1,0.977,14.2,supine
2024-01-15 23:26:16,59.6,97.4,1,1,14.2,supine
2024-01-15 23:26:18,60.9,97.4,1,1,15.3,supine
2024-01-15 23:26:20,62.3,97.5,1,1,14.5,supine
2024-01-15 23:26:22,60.5,97.4,1,0.957,12.7,supine
2024-01-15 23:26:24,62.6,97.1,1,1,13.6,supine
2024-01-15 23:26:26,62.3,97.7,0.989,0.963,14.1,supine
2024-01-15 23:26:28,60.8,97.2,1,1,13.6,supine
2024-01-15 23:26:30,60.4,97.4,0.988,0.988,14.8,supine
2024-01-15 23:26:32,62.7,97.1,1,0.976,14.3,supine
2024-01-15 23:26:34,58.5,97.6,1,1,14.3,supine
2024-01-15 23:26:36,62.9,97.5,1,0.994,13.2,supine
2024-01-15 23:26:38,62,97,1,1,12.9,supine
2024-01-15 23:26:40,61.7,97.8,0.917,0.999,14.4,supine
2024-01-15 23:26:42,61,97.1,1,1,13.8,supine
2024-01-15 23:26:44,61.3,97.3,0.941,1,14.5,supine
2024-01-15 23:26:46,62.2,97.6,0.968,0.998,13.1,supine
2024-01-15 23:26:48,62.5,97.6,0.971,1,14.3,supine
2024-01-15 23:26:50,61.6,97.3,1,0.994,14,supine
2024-01-15 23:26:52,63.3,97.7,0.96,0.956,14,supine
2024-01-15 23:26:54,61.7,97.5,0.984,1,13.2,supine
2024-01-15 23:26:56,62.4,97.3,1,0.942,13.9,supine
2024-01-15 23:26:58,61.4,97.4,1,1,13.6,supine
2024-01-15 23:27:00,62.2,97.1,1,0.99,14.2,supine
2024-01-15 23:27:02,63.4,97.9,1,1,13.7,supine
2024-01-15 23:27:04,64.8,97.1,0.977,1,14.7,supine
2024-01-15 23:27:06,61.3,98.3,0.932,0.991,14.4,supine
2024-01-15 23:27:08,62.1,97.4,1,0.924,14.9,supine
2024-01-15 23:27:10,62.7,97.6,1,0.986,14.3,supine
2024-01-15 23:27:12,61,97.3,0.975,1,14.1,supine
2024-01-15 23:27:14,61.5,97.3,0.996,0.986,13.6,supine
2024-01-15 23:27:16,60.6,97.6,0.991,1,14.2,supine
2024-01-15 23:27:18,65.1,98.3,1,1,13.8,supine
2024-01-15 23:27:20,62,97.1,1,0.976,13.5,supine
2024-01-15 23:27:22,61.9,97.3,0.977,1,14.5,supine
2024-01-15 23:27:24,60.4,97.6,0.943,0.93,14.6,supine
2024-01-15 23:27:26,61.7,97.3,1,1,14,supine
2024-01-15 23:27:28,63.8,97.4,0.98,1,13.9,supine
2024-01-15 23:27:30,62.9,97.4,1,1,13.5,supine
2024-01-15 23:27:32,62.3,97.3,1,1,14.4,supine
2024-01-15 23:27:34,62.5,97.7,1,1,14.1,supine
2024-01-15 23:27:36,62.3,97.2,1,0.991,13.9,supine
2024-01-15 23:27:38,60.5,97.2,1,1,13.8,supine
2024-01-15 23:27:40,64,98.1,1,1,14,supine
2024-01-15 23:27:42,58.8,97.5,0.995,0.953,14.1,supine
2024-01-15 23:27:44,63.9,97.5,1,1,13.8,supine
2024-01-15 23:27:46,60.5,96.9,0.984,0.971,14.1,supine
2024-01-15 23:27:48,63.3,96.9,0.975,1,13.9,supine
2024-01-15 23:27:50,61.6,97.4,1,1,13.9,supine
2024-01-15 23:27:52,61.4,97.7,1,1,13.6,supine
2024-01-15 23:27:54,64.4,97.4,1,0.989,14.5,supine
2024-01-15 23:27:56,63.8,97.3,0.949,0.996,14.3,supine
2024-01-15 23:27:58,63.5,97.9,0.927,1,13.9,supine
2024-01-15 23:28:00,62.6,97.4,1,0.975,14.1,supine
2024-01-15 23:28:02,60.6,98.4,1,1,14.1,supine
2024-01-15 23:28:04,60.2,97.8,0.995,0.99,14,supine
2024-01-15 23:28:06,61.3,97.8,0.982,1,13.9,supine
2024-01-15 23:28:08,62.4,97.6,1,1,14.3,supine
2024-01-15 23:28:10,62.9,97.6,0.998,0.923,13.9,supine
2024-01-15 23:28:12,63.3,97.7,1,0.993,14.3,supine
2024-01-15 23:28:14,62.2,97.7,0.949,0.98,13.7,supine
2024-01-15 23:28:16,60.5,96.6,1,0.994,13.6,supine
2024-01-15 23:28:18,62.8,96.9,0.972,0.968,13.4,supine
2024-01-15 23:28:20,62.5,97.4,1,1,14.1,supine
2024-01-15 23:28:22,63,97.6,1,1,13.8,supine
2024-01-15 23:28:24,62.6,97.8,1,0.98,13.8,supine
2024-01-15 23:28:26,63,97.4,1,0.996,12.9,supine
2024-01-15 23:28:28,61.8,98,0.987,1,14.6,supine
2024-01-15 23:28:30,63.7,97.7,1,1,15.4,supine
2024-01-15 23:28:32,58.7,97.3,0.97,1,13.3,supine
2024-01-15 23:28:34,61.2,97.5,1,1,14.4,supine
2024-01-15 23:28:36,62.5,97.2,1,1,13.2,supine
2024-01-15 23:28:38,63.1,97.1,1,1,14.6,supine
2024-01-15 23:28:40,62.8,97.6,0.978,0.966,14.8,supine
2024-01-15 23:28:42,63.1,97.3,0.969,1,14,supine
2024-01-15 23:28:44,60.6,97.9,0.976,0.996,13.7,supine
2024-01-15 23:28:46,61.2,97.6,0.984,1,13.7,supine
2024-01-15 23:28:48,62.6,97.5,1,0.979,14,supine
2024-01-15 23:28:50,61.7,97.1,0.942,0.987,15.3,supine
2024-01-15 23:28:52,62,97.8,0.988,1,13.9,supine
2024-01-15 23:28:54,63.2,97.4,1,1,13.3,supine
2024-01-15 23:28:56,60.4,96.7,1,1,14.8,supine
2024-01-15 23:28:58,63.4,97.7,1,0.946,14.4,supine
2024-01-15 23:29:00,61.8,97.5,1,0.985,14.7,supine
2024-01-15 23:29:02,62.1,97.2,1,0.988,14.7,supine
2024-01-15 23:29:04,60.6,97.5,1,0.976,14.8,supine
2024-01-15 23:29:06,63.5,97.9,0.981,0.981,14.7,supine
2024-01-15 23:29:08,62.3,97.2,1,1,14.1,supine
2024-01-15 23:29:10,57.9,98.1,0.966,1,14.7,supine
2024-01-15 23:29:12,61,97.8,0.955,1,14.7,supine
2024-01-15 23:29:14,62.8,97.4,1,0.998,14.2,supine
2024-01-15 23:29:16,61.8,97.7,1,0.987,14.1,supine
2024-01-15 23:29:18,64.4,97.7,0.965,1,14.2,supine
2024-01-15 23:29:20,64.5,97.6,0.96,1,13.6,supine
2024-01-15 23:29:22,62.1,97.5,1,1,13.4,supine
2024-01-15 23:29:24,61.6,97.9,0.997,1,14.4,supine
2024-01-15 23:29:26,65.3,97.4,0.965,0.965,14.1,supine
2024-01-15 23:29:28,62.2,97.7,1,1,14.5,supine
2024-01-15 23:29:30,62.1,97.4,0.986,0.998,13.4,supine
2024-01-15 23:29:32,61.1,97.3,1,0.989,12.8,supine
2024-01-15 23:29:34,60.9,97.6,1,0.993,14.1,supine
2024-01-15 23:29:36,61.1,96.8,1,1,15.2,supine
2024-01-15 23:29:38,61.4,97.6,1,1,14.2,supine
2024-01-15 23:29:40,59.9,97.4,0.984,0.97,14,supine
2024-01-15 23:29:42,59.7,97.6,0.996,0.993,13.2,supine
2024-01-15 23:29:44,62.1,97.8,0.989,0.978,13.3,supine
2024-01-15 23:29:46,61.5,98.1,0.966,1,14,supine
2024-01-15 23:29:48,62.5,97.3,0.992,0.968,14.3,supine
2024-01-15 23:29:50,59.2,97.3,0.963,0.978,14.4,supine
2024-01-15 23:29:52,61.8,97.6,1,0.981,14.3,supine
2024-01-15 23:29:54,62.3,97.9,0.963,0.984,14.3,supine
2024-01-15 23:29:56,61.5,97.6,0.992,0.999,13.8,supine
2024-01-15 23:29:58,63.6,97.5,0.965,0.98,13.5,supine
2024-01-15 23:30:00,64.9,97.2,0.99,0.999,13,supine
2024-01-15 23:30:02,60.9,97.3,1,0.995,13.3,supine
2024-01-15 23:30:04,59.3,97.5,1,0.918,14.3,supine
2024-01-15 23:30:06,62.4,96.7,1,0.976,14.4,supine
2024-01-15 23:30:08,59.6,97.7,0.955,1,13.4,supine
2024-01-15 23:30:10,61.3,97.4,0.98,1,13.4,supine
2024-01-15 23:30:12,64.4,97.2,0.988,0.973,14.5,supine
2024-01-15 23:30:14,61.6,97.2,1,0.997,13.4,supine
2024-01-15 23:30:16,58.8,97.5,0.931,0.942,13.7,supine
2024-01-15 23:30:18,61.7,97.7,1,0.969,13.7,supine
2024-01-15 23:30:20,61.8,97.7,0.919,1,13.6,supine
2024-01-15 23:30:22,61.7,97.6,1,1,14.4,supine
2024-01-15 23:30:24,62.3,97.7,1,0.988,14.3,supine
2024-01-15 23:30:26,60.4,97.7,0.992,1,14.1,supine
2024-01-15 23:30:28,61.9,97.8,0.963,1,14.8,supine
2024-01-15 23:30:30,63.1,97.5,1,0.98,13.9,supine
2024-01-15 23:30:32,63.4,98.2,1,1,14.2,supine
2024-01-15 23:30:34,61.1,97.5,1,0.977,13.9,supine
2024-01-15 23:30:36,60.3,97.7,0.973,1,14.7,supine
2024-01-15 23:30:38,62,97.8,1,0.97,14.9,supine
2024-01-15 23:30:40,61.8,97.8,0.962,0.965,14,supine
2024-01-15 23:30:42,61.2,97.3,1,0.931,14.2,supine
2024-01-15 23:30:44,62.2,98,0.992,0.989,14.1,supine
2024-01-15 23:30:46,63.9,98.2,0.935,0.965,14.2,supine
2024-01-15 23:30:48,63.5,97.7,1,1,13.7,supine
2024-01-15 23:30:50,61,97.3,1,1,14.9,supine
2024-01-15 23:30:52,60.2,97.4,1,1,14.2,supine
2024-01-15 23:30:54,63.5,97.8,0.967,0.957,14.3,supine
2024-01-15 23:30:56,64.1,96.9,0.959,0.978,13.9,supine
2024-01-15 23:30:58,62.4,98.1,1,0.97,14.1,supine
2024-01-15 23:31:00,61.8,97.2,1,1,14.7,supine
2024-01-15 23:31:02,63.2,97,1,0.973,14.8,supine
2024-01-15 23:31:04,64,97.4,1,1,14.6,supine
2024-01-15 23:31:06,63.5,97.4,0.967,1,14.2,supine
2024-01-15 23:31:08,60.4,97.1,0.968,0.971,14.2,supine
2024-01-15 23:31:10,60.3,97.1,1,1,13.5,supine
2024-01-15 23:31:12,61.5,97.8,0.992,0.978,13.8,supine
2024-01-15 23:31:14,64,97.7,0.997,0.991,14.3,supine
2024-01-15 23:31:16,61.2,97.5,1,0.968,13.9,supine
2024-01-15 23:31:18,59.5,97.4,1,1,14.2,supine
2024-01-15 23:31:20,63.4,97.2,1,1,13.5,supine
2024-01-15 23:31:22,60.1,97.6,1,0.99,15,supine
2024-01-15 23:31:24,62,97.5,1,0.971,14.6,supine
2024-01-15 23:31:26,60.8,97.5,0.988,1,13.7,supine
2024-01-15 23:31:28,61.3,97.2,0.973,0.952,13.7,supine
2024-01-15 23:31:30,62.8,97.9,1,0.995,13.2,supine
2024-01-15 23:31:32,61.3,97.2,1,1,13.2,supine
2024-01-15 23:31:34,61.9,97.4,0.965,0.963,14.4,supine
2024-01-15 23:31:36,61.6,97.4,1,0.994,14.1,supine
2024-01-15 23:31:38,62.8,97.5,1,1,13.5,supine
2024-01-15 23:31:40,63,97.8,1,0.941,14.3,supine
2024-01-15 23:31:42,63.8,98,0.991,0.932,14.6,supine
2024-01-15 23:31:44,61.8,97.7,1,0.994,13.8,supine
2024-01-15 23:31:46,59.6,97.4,0.983,0.993,14,supine
2024-01-15 23:31:48,60.2,97.3,0.987,0.979,13.7,supine
2024-01-15 23:31:50,64.6,97.9,1,0.971,13.5,supine
2024-01-15 23:31:52,63,96.8,0.915,1,15.2,supine
2024-01-15 23:31:54,59.3,97.2,1,0.997,14.7,supine
2024-01-15 23:31:56,60.8,97.2,0.969,1,14.5,supine
2024-01-15 23:31:58,61.7,98.1,0.994,0.962,13.8,supine
2024-01-15 23:32:00,59,97.9,1,0.986,13.7,supine
2024-01-15 23:32:02,60.4,97.2,1,1,14.4,supine
2024-01-15 23:32:04,65.1,97.4,0.949,0.95,13.4,supine
2024-01-15 23:32:06,58.2,97.5,1,1,13.5,supine
2024-01-15 23:32:08,63.7,97,1,0.998,14.2,supine
2024-01-15 23:32:10,60.2,97.8,0.999,0.974,14.1,supine
2024-01-15 23:32:12,61.3,97.5,0.96,0.999,13.6,supine
2024-01-15 23:32:14,66,97.5,1,1,15,supine
2024-01-15 23:32:16,62.4,97.5,0.993,1,14.3,supine
2024-01-15 23:32:18,63.6,97.2,0.992,1,15.4,supine
2024-01-15 23:32:20,62.5,97.6,0.973,1,14.2,supine
2024-01-15 23:32:22,62.4,97.7,1,1,13.5,supine
2024-01-15 23:32:24,62.9,97.8,0.995,0.996,14.4,supine
2024-01-15 23:32:26,62.6,97.5,1,1,13.2,supine
2024-01-15 23:32:28,63.7,97.3,0.987,0.977,13.9,supine
2024-01-15 23:32:30,59.3,97.7,0.971,0.982,14,supine
2024-01-15 23:32:32,60.6,97.2,0.988,1,14.1,supine
2024-01-15 23:32:34,61.1,97.1,1,0.973,14.5,supine
2024-01-15 23:32:36,58.8,97.3,0.965,1,13.6,supine
2024-01-15 23:32:38,63.6,97.9,1,1,14.5,supine
2024-01-15 23:32:40,61.9,97.9,0.957,1,14.1,supine
2024-01-15 23:32:42,62.8,97.6,0.974,1,14.7,supine
2024-01-15 23:32:44,62.8,97.4,1,1,13.8,supine
2024-01-15 23:32:46,61.7,97.7,1,1,14,supine
2024-01-15 23:32:48,61.7,97.4,1,1,13.9,supine
2024-01-15 23:32:50,62.9,97.6,0.994,0.983,13.5,supine
2024-01-15 23:32:52,63,97.9,1,1,13.5,supine
2024-01-15 23:32:54,62,97.5,1,0.958,14.5,supine
2024-01-15 23:32:56,63.7,97.9,0.993,0.984,14.8,supine
2024-01-15 23:32:58,60.8,97.3,0.957,1,14.6,supine
2024-01-15 23:33:00,60.5,97.5,0.986,1,14.3,supine
2024-01-15 23:33:02,61.1,97.7,1,0.97,14.6,supine
2024-01-15 23:33:04,63.4,97.8,1,0.973,13.8,supine
2024-01-15 23:33:06,63.1,97.7,1,0.993,14.1,supine
2024-01-15 23:33:08,61,97.5,0.935,1,14.8,supine
2024-01-15 23:33:10,63.2,97.1,0.998,1,13.8,supine
2024-01-15 23:33:12,63.8,97.5,1,1,13.7,supine
2024-01-15 23:33:14,62.5,97.7,0.99,0.926,13.4,supine
2024-01-15 23:33:16,62,96.9,1,1,13.6,supine
2024-01-15 23:33:18,61.8,97.3,1,0.986,14.2,supine
2024-01-15 23:33:20,61,97.7,1,0.952,15,supine
2024-01-15 23:33:22,60.8,97.7,0.956,0.958,13.8,supine
2024-01-15 23:33:24,59.2,98,0.93,1,14.1,supine
2024-01-15 23:33:26,62,97.6,1,1,13,supine
2024-01-15 23:33:28,63,97.4,0.994,1,13.6,supine
2024-01-15 23:33:30,59.6,96.9,1,0.994,13.6,supine
2024-01-15 23:33:32,60.8,98,0.976,0.998,14.3,supine
2024-01-15 23:33:34,63.2,97.5,0.985,0.994,13.5,supine
2024-01-15 23:33:36,61.6,97.6,1,1,13.5,supine
2024-01-15 23:33:38,63,97.5,1,0.984,14.6,supine
2024-01-15 23:33:40,62.1,97.6,0.994,1,14.8,supine
2024-01-15 23:33:42,64,97.8,1,0.955,14.2,supine
2024-01-15 23:33:44,57.5,97.3,1,1,14.3,supine
2024-01-15 23:33:46,64.7,97.6,0.973,0.995,14.9,supine
2024-01-15 23:33:48,62.3,97.3,1,0.96,14.1,supine
2024-01-15 23:33:50,63.2,97.9,1,1,13.8,supine
2024-01-15 23:33:52,62.7,97.7,1,1,13.4,supine
2024-01-15 23:33:54,63.6,97.4,0.976,1,13,supine
2024-01-15 23:33:56,62.6,97.4,1,0.939,13.7,supine
2024-01-15 23:33:58,62,97.3,0.996,1,14.2,supine
2024-01-15 23:34:00,61,97.7,0.987,1,13.7,supine
2024-01-15 23:34:02,61.2,97.5,1,1,14.2,supine
2024-01-15 23:34:04,60.8,97.9,1,0.948,14,supine
2024-01-15 23:34:06,62,97.3,1,0.991,13.7,supine
2024-01-15 23:34:08,61.5,97.8,0.951,0.982,14.1,supine
2024-01-15 23:34:10,63.2,97.3,0.951,0.973,13.4,supine
2024-01-15 23:34:12,61,97.9,1,0.991,14.2,supine
2024-01-15 23:34:14,60,97.1,1,0.992,15.6,supine
2024-01-15 23:34:16,61.3,97.7,0.998,1,13.9,supine
2024-01-15 23:34:18,62.4,97.9,0.972,0.967,13.3,supine
2024-01-15 23:34:20,63.3,97.5,0.962,0.938,13.7,supine
2024-01-15 23:34:22,62.6,96.9,1,0.899,14,supine
2024-01-15 23:34:24,62.4,97.4,0.98,1,14.2,supine
2024-01-15 23:34:26,58.3,97.3,1,1,14.6,supine
2024-01-15 23:34:28,64.1,97.2,1,1,14.3,supine
2024-01-15 23:34:30,63.4,97.5,1,1,13.6,supine
2024-01-15 23:34:32,62.1,97.6,1,1,12.8,supine
2024-01-15 23:34:34,61.1,98,0.968,0.98,14.3,supine
2024-01-15 23:34:36,62.9,97.7,1,0.997,13.9,supine
2024-01-15 23:34:38,61.8,98.2,1,0.94,13.8,supine
2024-01-15 23:34:40,62,97.3,0.991,1,13.5,supine
2024-01-15 23:34:42,59.8,97.6,1,1,14.6,supine
2024-01-15 23:34:44,61.2,98.2,1,0.98,13.4,supine
2024-01-15 23:34:46,61.2,97.5,0.987,0.975,13,supine
2024-01-15 23:34:48,61.3,97.7,1,0.957,13.7,supine
2024-01-15 23:34:50,62.5,98.2,0.944,0.968,14.4,supine
2024-01-15 23:34:52,62.9,97.7,1,0.943,13.9,supine
2024-01-15 23:34:54,63.6,97.5,0.984,1,13.7,supine
2024-01-15 23:34:56,63,97.9,1,0.973,14.2,supine
2024-01-15 23:34:58,59.7,97.9,1,1,14.5,supine
2024-01-15 23:35:00,62.6,97.5,1,1,13.5,supine
2024-01-15 23:35:02,60.7,97.3,0.949,0.964,14,supine
2024-01-15 23:35:04,60.2,97.5,1,0.994,13.7,supine
2024-01-15 23:35:06,60.6,97.5,1,1,14.7,supine
2024-01-15 23:35:08,61.5,97.3,1,1,13.5,supine
2024-01-15 23:35:10,61.2,97.4,1,1,13.9,supine
2024-01-15 23:35:12,62.1,97.5,1,1,13.8,supine
2024-01-15 23:35:14,63.1,98.3,1,1,12.8,supine
2024-01-15 23:35:16,61.7,97.3,1,0.977,13.1,supine
2024-01-15 23:35:18,58.2,97.6,0.989,0.981,13.2,supine
2024-01-15 23:35:20,65.6,97.6,0.998,0.999,14.5,supine
2024-01-15 23:35:22,62,97.4,0.98,0.998,13.7,supine
2024-01-15 23:35:24,62,97.4,1,1,14.2,supine
2024-01-15 23:35:26,60.2,97.1,1,0.96,14.4,supine
2024-01-15 23:35:28,63.1,96.9,0.943,0.947,13.8,supine
2024-01-15 23:35:30,62.7,97.4,1,1,14.5,supine
2024-01-15 23:35:32,63,96.9,0.99,0.992,14.7,supine
2024-01-15 23:35:34,61.5,97.5,1,1,14.5,supine
2024-01-15 23:35:36,62.2,97.2,1,1,13.4,supine
2024-01-15 23:35:38,60.1,97.1,1,1,13.9,supine
2024-01-15 23:35:40,62.2,97.2,0.955,0.991,14.2,supine
2024-01-15 23:35:42,62.3,97.3,1,0.99,14.3,supine
2024-01-15 23:35:44,61.7,97.1,1,0.977,14.1,supine
2024-01-15 23:35:46,59.6,97.2,1,0.986,14.6,supine
2024-01-15 23:35:48,61.8,97.6,0.993,1,13.4,supine
2024-01-15 23:35:50,61.7,97.2,1,1,14.8,supine
2024-01-15 23:35:52,62,97.4,1,1,14.2,supine
2024-01-15 23:35:54,60.1,97.8,0.998,1,14.1,supine
2024-01-15 23:35:56,61.4,97.2,1,1,13.8,supine
2024-01-15 23:35:58,63.9,98,0.978,0.987,14.2,supine
2024-01-15 23:36:00,60.3,97.1,0.965,0.995,14.6,supine
2024-01-15 23:36:02,62.7,97.8,0.985,0.966,13.6,supine
2024-01-15 23:36:04,64.4,97.6,0.966,1,14.1,supine
2024-01-15 23:36:06,60.8,98,0.977,0.98,14.4,supine
2024-01-15 23:36:08,61.6,97.3,0.969,0.976,14.4,supine
2024-01-15 23:36:10,63.5,97.1,0.998,1,13.4,supine
2024-01-15 23:36:12,61.5,97.9,0.959,0.97,13.8,supine
2024-01-15 23:36:14,60.7,98,1,0.993,14.3,supine
2024-01-15 23:36:16,59.6,97.6,1,1,13.6,supine
2024-01-15 23:36:18,65,97.3,0.99,0.987,13.9,supine
2024-01-15 23:36:20,61.7,96.9,1,1,14.1,supine
2024-01-15 23:36:22,61.7,97.5,0.995,1,13.4,supine
2024-01-15 23:36:24,58.7,97.3,0.996,1,13.9,supine
2024-01-15 23:36:26,59.9,96.9,0.995,1,13.5,supine
2024-01-15 23:36:28,61.4,97.2,1,0.998,14.2,supine
2024-01-15 23:36:30,59.6,97.6,0.976,1,14.2,supine
2024-01-15 23:36:32,65,97.5,1,1,14.2,supine
2024-01-15 23:36:34,62.3,97.2,1,1,14.4,supine
2024-01-15 23:36:36,62.6,97.3,0.986,1,14.3,supine
2024-01-15 23:36:38,61,97.1,0.971,0.989,13.7,supine
2024-01-15 23:36:40,64.7,97.1,1,0.979,13.7,supine
2024-01-15 23:36:42,63.1,97.2,0.982,0.978,12.9,supine
2024-01-15 23:36:44,60.6,97.5,1,1,13.4,supine
2024-01-15 23:36:46,64.2,98,1,1,13.5,supine
2024-01-15 23:36:48,61.5,97.4,1,1,13.4,supine
2024-01-15 23:36:50,60.1,97.1,1,0.974,14.8,supine
2024-01-15 23:36:52,63.3,97.8,0.989,0.954,14.6,supine
2024-01-15 23:36:54,61.3,97.8,0.997,1,13.9,supine
2024-01-15 23:36:56,61.3,97.2,1,0.959,14.2,supine
2024-01-15 23:36:58,65.1,97.4,1,0.992,14.6,supine
2024-01-15 23:37:00,61.5,97.2,1,0.991,13.7,supine
2024-01-15 23:37:02,63.1,97.6,1,1,14,supine
2024-01-15 23:37:04,61,97.5,0.975,0.97,14.4,supine
2024-01-15 23:37:06,64.1,97.2,1,1,13.4,supine
2024-01-15 23:37:08,59.2,98.3,1,1,14.2,supine
2024-01-15 23:37:10,61,98,1,0.972,14.1,supine
2024-01-15 23:37:12,59,97.4,1,0.973,14.4,supine
2024-01-15 23:37:14,60.2,97.5,1,1,14,supine
2024-01-15 23:37:16,62,97.7,0.992,0.992,14.1,supine
2024-01-15 23:37:18,61.4,97.6,0.948,1,14.4,supine
2024-01-15 23:37:20,62.2,97.1,0.999,1,14.2,supine
2024-01-15 23:37:22,65,97.9,1,0.99,13.9,supine
2024-01-15 23:37:24,64.4,97.3,1,0.966,13.8,supine
2024-01-15 23:37:26,60.7,97.4,1,1,13.9,supine
2024-01-15 23:37:28,61.7,97.8,0.987,0.998,14.1,supine
2024-01-15 23:37:30,61.8,97.5,1,1,14.3,supine
2024-01-15 23:37:32,59.8,97.9,1,0.975,13.9,supine
2024-01-15 23:37:34,60.1,98.1,0.992,1,14.8,supine
2024-01-15 23:37:36,63.3,96.9,1,1,12.7,supine
2024-01-15 23:37:38,58.1,96.8,1,1,14.1,supine
2024-01-15 23:37:40,62.7,97.1,1,1,13.6,supine
2024-01-15 23:37:42,63.9,97.8,1,0.979,13.6,supine
2024-01-15 23:37:44,63,97.5,1,1,14.5,supine
2024-01-15 23:37:46,59.3,97.5,1,0.989,14,supine
2024-01-15 23:37:48,61.2,96.8,0.962,1,14.6,supine
2024-01-15 23:37:50,62.5,98,1,0.984,14.2,supine
2024-01-15 23:37:52,61,98,1,0.942,14,supine
2024-01-15 23:37:54,60.4,97,1,0.988,14.4,supine
2024-01-15 23:37:56,63,97.8,0.94,0.967,14.6,supine
2024-01-15 23:37:58,63,97.6,0.987,1,14.8,supine
2024-01-15 23:38:00,59.4,97.5,0.975,0.977,13.8,supine
2024-01-15 23:38:02,63.8,97.7,1,1,13.5,supine
2024-01-15 23:38:04,61.3,97.4,1,1,14.2,supine
2024-01-15 23:38:06,63.2,97.6,1,0.99,14.3,supine
2024-01-15 23:38:08,61.1,97.1,1,1,13.7,supine
2024-01-15 23:38:10,64.6,97.7,0.986,0.949,15.2,supine
2024-01-15 23:38:12,62.1,97.7,1,1,13.6,supine
2024-01-15 23:38:14,60.8,97.9,1,0.971,14.8,supine
2024-01-15 23:38:16,62.6,97.7,1,0.974,14,supine
2024-01-15 23:38:18,63,97.4,0.972,0.946,13.2,supine
2024-01-15 23:38:20,63.6,97.2,0.989,1,14.4,supine
2024-01-15 23:38:22,61.4,97.9,0.991,1,13.8,supine
2024-01-15 23:38:24,65,97,0.971,0.955,14.1,supine
2024-01-15 23:38:26,62.9,97.4,0.996,0.955,14.1,supine
2024-01-15 23:38:28,62.8,97.5,1,1,13.6,supine
2024-01-15 23:38:30,61.5,97.4,1,1,13.6,supine
2024-01-15 23:38:32,62.3,97.1,1,1,13.8,supine
2024-01-15 23:38:34,63,97.4,0.994,1,14.1,supine
2024-01-15 23:38:36,63.3,97,1,1,14.2,supine
2024-01-15 23:38:38,61.2,97.5,0.988,0.972,14.4,supine
2024-01-15 23:38:40,62.7,98.1,0.992,1,13,supine
2024-01-15 23:38:42,62.7,97.6,0.961,0.947,14.5,supine
2024-01-15 23:38:44,62,97.4,0.994,0.933,14.1,supine
2024-01-15 23:38:46,60.4,97.8,1,1,13.2,supine
2024-01-15 23:38:48,63,98.1,0.97,1,14.5,supine
2024-01-15 23:38:50,61.6,98.2,1,0.971,14.3,supine
2024-01-15 23:38:52,59.7,97.3,1,0.999,14.4,supine
2024-01-15 23:38:54,63.3,97.4,0.975,1,14.2,supine
2024-01-15 23:38:56,62.8,97.9,0.976,0.994,13.5,supine
2024-01-15 23:38:58,62,97,1,1,14.1,supine
2024-01-15 23:39:00,63,97.5,1,1,13.4,supine
2024-01-15 23:39:02,62.7,97.6,1,0.966,13.7,supine
2024-01-15 23:39:04,58.8,97.7,1,0.973,13.4,supine
2024-01-15 23:39:06,61.3,97.6,1,0.953,13.9,supine
2024-01-15 23:39:08,63,98.1,0.984,0.963,12.6,supine
2024-01-15 23:39:10,63.6,97.5,1,0.97,14.4,supine
2024-01-15 23:39:12,63,97.6,1,0.994,15.1,supine
2024-01-15 23:39:14,63.8,97.4,1,1,14.4,supine
2024-01-15 23:39:16,61.4,97.8,1,0.94,13.7,supine
2024-01-15 23:39:18,59.3,97.7,1,0.941,14.3,supine
2024-01-15 23:39:20,60.5,97.8,1,1,13.1,supine
2024-01-15 23:39:22,59.7,97,0.991,0.993,14.1,supine
2024-01-15 23:39:24,61.1,97.7,0.968,1,13.7,supine
2024-01-15 23:39:26,61.2,97.5,1,0.996,13.7,supine
2024-01-15 23:39:28,60.3,97.9,0.991,0.962,14.4,supine
2024-01-15 23:39:30,61.8,97.9,1,1,14.3,supine
2024-01-15 23:39:32,62.2,97.8,1,0.949,14.4,supine
2024-01-15 23:39:34,63.7,97.5,1,0.999,14.1,supine
2024-01-15 23:39:36,61.5,97.3,1,1,13.5,supine
2024-01-15 23:39:38,61.4,97.8,0.951,1,14.1,supine
2024-01-15 23:39:40,60.6,97.7,0.982,1,14.3,supine
2024-01-15 23:39:42,62.5,97.6,0.986,1,14.4,supine
2024-01-15 23:39:44,62,97.5,1,1,14.1,supine
2024-01-15 23:39:46,61.7,97.4,0.985,1,14,supine
2024-01-15 23:39:48,63.3,97.5,0.992,1,14.3,supine
2024-01-15 23:39:50,59.2,97,0.997,1,14.2,supine
2024-01-15 23:39:52,59.8,98.2,0.976,0.996,14.1,supine
2024-01-15 23:39:54,61.9,97.4,1,1,13.4,supine
2024-01-15 23:39:56,60.6,97.3,0.967,1,14,supine
2024-01-15 23:39:58,62.3,97.6,0.935,1,13.9,supine
2024-01-15 23:40:00,60.9,97.5,1,0.977,13.6,supine
2024-01-15 23:40:02,61.2,97.5,1,1,13,supine
2024-01-15 23:40:04,64.5,97.5,0.994,1,13.8,supine
2024-01-15 23:40:06,60.1,97.1,1,0.998,13.9,supine
2024-01-15 23:40:08,63.2,97.2,1,1,14.9,supine
2024-01-15 23:40:10,63.2,96.9,0.971,0.975,13.7,supine
2024-01-15 23:40:12,60.3,97.6,1,1,14.2,supine
2024-01-15 23:40:14,63.5,97.1,0.986,0.978,13.3,supine
2024-01-15 23:40:16,62.8,97.7,1,0.983,14.8,supine
2024-01-15 23:40:18,62.6,97.2,0.955,0.981,14,supine
2024-01-15 23:40:20,63.6,97.7,1,1,14.9,supine
2024-01-15 23:40:22,61.7,97.3,1,0.956,14.3,supine
2024-01-15 23:40:24,59.7,98,1,0.979,14.6,supine
2024-01-15 23:40:26,62.9,97.9,0.983,1,14.6,supine
2024-01-15 23:40:28,63.7,97.4,0.984,0.996,14.2,supine
2024-01-15 23:40:30,62.8,98.1,1,0.936,13.7,supine
2024-01-15 23:40:32,62,97.8,0.995,0.997,13.8,supine
2024-01-15 23:40:34,62.3,97.1,1,0.998,13.9,supine
2024-01-15 23:40:36,61.8,97.4,0.963,0.99,14.5,supine
2024-01-15 23:40:38,61.3,97.8,1,0.991,14.5,supine
2024-01-15 23:40:40,64.6,97.7,1,1,13.4,supine
2024-01-15 23:40:42,60.1,97.5,1,1,14.6,supine
2024-01-15 23:40:44,61.2,98,1,1,14.1,supine
2024-01-15 23:40:46,62.4,97.1,1,1,14.6,supine
2024-01-15 23:40:48,60.8,97.8,0.977,1,14.5,supine
2024-01-15 23:40:50,60.6,97.7,1,0.957,14.4,supine
2024-01-15 23:40:52,61.9,97.1,1,0.995,13.5,supine
2024-01-15 23:40:54,63,97.1,1,0.969,13.1,supine
2024-01-15 23:40:56,61.1,97.7,0.978,1,14.1,supine
2024-01-15 23:40:58,62.7,97.5,0.981,1,14.2,supine
2024-01-15 23:41:00,62.1,97.3,1,0.98,13.7,supine
2024-01-15 23:41:02,62.7,97.5,1,0.95,13.3,supine
2024-01-15 23:41:04,63.3,97.9,1,1,14.8,supine
2024-01-15 23:41:06,60.9,97.8,0.992,0.954,14.4,supine
2024-01-15 23:41:08,63,97.1,1,0.944,13.8,supine
2024-01-15 23:41:10,63.6,97.2,0.975,1,13.7,supine
2024-01-15 23:41:12,60.8,98.1,0.998,1,14.5,supine
2024-01-15 23:41:14,62.5,98.2,0.975,1,13.6,supine
2024-01-15 23:41:16,61.7,97,1,0.974,13.6,supine
2024-01-15 23:41:18,60,97.3,0.977,1,13.9,supine
2024-01-15 23:41:20,61.1,97.1,0.966,0.975,13.6,supine
2024-01-15 23:41:22,65,97.1,1,0.954,13.5,supine
2024-01-15 23:41:24,61.2,97.4,1,0.973,14.8,supine
2024-01-15 23:41:26,61.4,97.7,0.999,0.925,14.1,supine
2024-01-15 23:41:28,62,97.6,0.958,1,13.6,supine
2024-01-15 23:41:30,62,97.4,1,0.994,14.1,supine
2024-01-15 23:41:32,61.3,97.5,0.934,1,14,supine
2024-01-15 23:41:34,60.1,97.6,1,1,14.1,supine
2024-01-15 23:41:36,61.6,97.9,1,0.982,13.8,supine
2024-01-15 23:41:38,63.2,97.5,1,0.977,14.5,supine
2024-01-15 23:41:40,62.9,97.7,1,0.986,14.7,supine
2024-01-15 23:41:42,61.5,97.5,1,1,14,supine
2024-01-15 23:41:44,60.4,96.5,0.987,1,13.7,supine
2024-01-15 23:41:46,66.4,97.8,0.994,1,14.2,supine
2024-01-15 23:41:48,60,97.8,0.966,0.996,14.9,supine
2024-01-15 23:41:50,62.7,97.7,1,0.995,13.9,supine
2024-01-15 23:41:52,62.8,97.7,0.973,1,14,supine
2024-01-15 23:41:54,61.8,97.3,0.977,1,14.5,supine
2024-01-15 23:41:56,62.1,97.4,1,1,13.4,supine
2024-01-15 23:41:58,61.7,97.4,1,0.973,13.5,supine
2024-01-15 23:42:00,62.3,97.5,1,1,15.1,supine
2024-01-15 23:42:02,62.6,97.5,0.996,0.947,13.6,supine
2024-01-15 23:42:04,63.4,97.8,1,0.973,14.2,supine
2024-01-15 23:42:06,62.6,97.1,1,1,14.1,supine
2024-01-15 23:42:08,65.1,97.9,0.991,0.949,13.7,supine
2024-01-15 23:42:10,62.7,97.3,1,1,13.8,supine
2024-01-15 23:42:12,62.8,97.4,0.985,1,13.8,supine
2024-01-15 23:42:14,61.4,97.4,0.976,0.994,14.6,supine
2024-01-15 23:42:16,63.5,97.8,1,1,13.4,supine
2024-01-15 23:42:18,60.1,97.2,1,1,13.7,supine
2024-01-15 23:42:20,60.9,97.5,1,1,14.5,supine
2024-01-15 23:42:22,61.7,97.9,1,1,13.2,supine
2024-01-15 23:42:24,65.6,97.4,0.949,0.98,13.7,supine
2024-01-15 23:42:26,59.9,97.6,0.997,0.967,13.8,supine
2024-01-15 23:42:28,63.5,97.5,1,1,14.2,supine
2024-01-15 23:42:30,59.6,97.1,0.941,0.947,15.1,supine
2024-01-15 23:42:32,64.8,97.7,1,0.966,13.9,supine
2024-01-15 23:42:34,60.7,97.8,1,0.939,13.6,supine
2024-01-15 23:42:36,58,97.4,1,1,14.5,supine
2024-01-15 23:42:38,62.5,97.6,1,1,14.5,supine
2024-01-15 23:42:40,60.5,97.1,0.947,1,14.6,supine
2024-01-15 23:42:42,60.6,97.5,1,0.996,13.7,supine
2024-01-15 23:42:44,60.7,97.3,1,0.988,14.2,supine
2024-01-15 23:42:46,60.5,97.6,1,1,14.2,supine
2024-01-15 23:42:48,63.3,97.6,1,1,14,supine
2024-01-15 23:42:50,62.1,97.6,0.983,0.993,14.5,supine
2024-01-15 23:42:52,61.6,97.4,0.987,1,14.5,supine
2024-01-15 23:42:54,65.9,97.3,0.958,0.985,14.2,supine
2024-01-15 23:42:56,64.2,97.4,1,1,14.8,supine
2024-01-15 23:42:58,62.4,97.8,0.983,0.987,14.2,supine
2024-01-15 23:43:00,62.6,97.3,1,1,14.9,supine
2024-01-15 23:43:02,61.9,96.9,0.98,0.946,14,supine
2024-01-15 23:43:04,63.6,97.1,1,0.984,14.6,supine
2024-01-15 23:43:06,60,97.5,1,0.989,14.5,supine
2024-01-15 23:43:08,60.8,97.6,1,0.969,14.1,supine
2024-01-15 23:43:10,63.9,96.9,1,0.978,13.8,supine
2024-01-15 23:43:12,61.9,97.1,1,0.991,14,supine
2024-01-15 23:43:14,63.3,98,1,1,13.8,supine
2024-01-15 23:43:16,61.1,97.6,0.954,1,13.3,supine
2024-01-15 23:43:18,63.8,97.8,1,0.971,14.6,supine
2024-01-15 23:43:20,59.2,97.3,0.991,1,14.3,supine
2024-01-15 23:43:22,61,97.2,1,1,13.4,supine
2024-01-15 23:43:24,61.1,97.5,0.952,1,13,supine
2024-01-15 23:43:26,61.1,97.3,0.988,0.962,14.4,supine
2024-01-15 23:43:28,63.3,97.6,1,0.982,13.4,supine
2024-01-15 23:43:30,63,97.5,0.985,0.961,14.8,supine
2024-01-15 23:43:32,61.7,97.5,0.954,0.974,13.7,supine
2024-01-15 23:43:34,62.9,97.1,1,1,14.5,supine
2024-01-15 23:43:36,60.9,97,1,1,13.1,supine
2024-01-15 23:43:38,62.7,97.7,0.994,0.949,14.5,supine
2024-01-15 23:43:40,63.1,98.2,1,1,14.3,supine
2024-01-15 23:43:42,62.1,97.3,1,1,13.6,supine
2024-01-15 23:43:44,62.6,97.3,0.994,1,13.3,supine
2024-01-15 23:43:46,64.1,97.2,0.988,1,13.8,supine
2024-01-15 23:43:48,61.3,97.4,1,1,13.8,supine
2024-01-15 23:43:50,62.4,97.4,1,1,13.6,supine
2024-01-15 23:43:52,62.3,97.7,0.919,1,15,supine
2024-01-15 23:43:54,64.5,97.2,0.966,0.969,14.4,supine
2024-01-15 23:43:56,62.3,97.7,1,1,14.4,supine
2024-01-15 23:43:58,60.5,97,1,0.996,14.5,supine
2024-01-15 23:44:00,64.7,97.3,0.989,1,13.3,supine
2024-01-15 23:44:02,60.7,97.4,0.98,1,14.3,supine
2024-01-15 23:44:04,60.4,97.4,1,0.99,14,supine
2024-01-15 23:44:06,61.4,97.4,0.981,1,14.3,supine
2024-01-15 23:44:08,62,97.7,1,0.966,14.2,supine
2024-01-15 23:44:10,60.6,97.6,0.963,1,14.1,supine
2024-01-15 23:44:12,62.8,97.4,0.958,0.98,14.4,supine
2024-01-15 23:44:14,61,97.2,0.974,0.98,15.1,supine
2024-01-15 23:44:16,60.4,97.3,1,1,13.3,supine
2024-01-15 23:44:18,62.3,97.8,1,0.992,14,supine
2024-01-15 23:44:20,60.2,98,1,1,12.8,supine
2024-01-15 23:44:22,62.9,97.3,0.947,1,15,supine
2024-01-15 23:44:24,62.7,97.7,1,0.944,13.8,supine
2024-01-15 23:44:26,63.3,97.5,0.984,0.98,14,supine
2024-01-15 23:44:28,62.8,97.4,1,0.966,13.7,supine
2024-01-15 23:44:30,61,98,0.99,1,15.1,supine
2024-01-15 23:44:32,62.4,97.6,1,1,14.7,supine
2024-01-15 23:44:34,60.5,97.3,0.976,0.997,14,supine
2024-01-15 23:44:36,62.5,97.3,0.948,1,13.3,supine
2024-01-15 23:44:38,62.1,97.6,0.964,1,14.3,supine
2024-01-15 23:44:40,63,97.9,0.967,0.964,14.6,supine
2024-01-15 23:44:42,61.5,97.9,0.989,0.975,13.9,supine
2024-01-15 23:44:44,62.5,97.4,1,0.94,13.3,supine
2024-01-15 23:44:46,62.7,97.4,1,0.989,14.3,supine
2024-01-15 23:44:48,63.1,97.1,1,0.978,13.7,supine
2024-01-15 23:44:50,60.5,96.9,0.986,1,14.4,supine
2024-01-15 23:44:52,61.9,97.5,1,0.952,13.7,supine
2024-01-15 23:44:54,62.5,97.3,1,0.966,13.9,supine
2024-01-15 23:44:56,63.6,97.5,0.922,1,13.3,supine
2024-01-15 23:44:58,62.9,97.6,1,1,13.8,supine
2024-01-15 23:45:00,62.6,97.3,0.946,1,14.2,supine
2024-01-15 23:45:02,65,97.6,1,1,13.3,supine
2024-01-15 23:45:04,62.4,97.5,0.99,0.986,13.8,supine
2024-01-15 23:45:06,62.2,97.9,1,1,14.7,supine
2024-01-15 23:45:08,61.5,97.3,0.979,1,13.9,supine
2024-01-15 23:45:10,60.8,98,0.98,0.975,14.1,supine
2024-01-15 23:45:12,62.7,97.4,1,0.967,14.9,supine
2024-01-15 23:45:14,62.6,98,1,0.98,14.4,supine
2024-01-15 23:45:16,62.9,97.5,0.996,1,13.5,supine
2024-01-15 23:45:18,61.1,97.5,0.962,0.988,13.5,supine
2024-01-15 23:45:20,64.9,97.3,0.983,0.988,13.9,supine
2024-01-15 23:45:22,60.4,97.4,0.995,1,13,supine
2024-01-15 23:45:24,64.9,97.5,0.987,1,14.5,supine
2024-01-15 23:45:26,63.5,97.9,1,1,14.2,supine
2024-01-15 23:45:28,60.9,97.3,1,1,13.3,supine
2024-01-15 23:45:30,63.8,97.8,1,1,14,supine
2024-01-15 23:45:32,62.8,97.2,0.998,0.974,13.8,supine
2024-01-15 23:45:34,65,97.4,1,0.997,13,supine
2024-01-15 23:45:36,61.5,97.6,0.961,1,13.5,supine
2024-01-15 23:45:38,64.3,97,1,0.968,13.9,supine
2024-01-15 23:45:40,62.6,97.5,1,0.99,14,supine
2024-01-15 23:45:42,62.1,97.3,1,1,14.3,supine
2024-01-15 23:45:44,58.2,97.3,0.998,0.974,13.8,supine
2024-01-15 23:45:46,62.4,97.3,1,1,13.1,supine
2024-01-15 23:45:48,62.6,97.4,0.958,1,14.5,supine
2024-01-15 23:45:50,64.6,97.3,1,0.981,14.3,supine
2024-01-15 23:45:52,61.3,97.4,1,1,13.5,supine
2024-01-15 23:45:54,61.9,96.9,1,0.972,13.4,supine
2024-01-15 23:45:56,62.3,97.5,1,0.981,13.7,supine
2024-01-15 23:45:58,60.3,97.4,1,1,14.1,supine
2024-01-15 23:46:00,62.9,96.9,0.958,0.962,14.3,supine
2024-01-15 23:46:02,63.3,97.6,0.982,0.944,12.5,supine
2024-01-15 23:46:04,62.4,97.5,0.979,1,13.4,supine
2024-01-15 23:46:06,61.9,97.2,0.937,1,13.8,supine
2024-01-15 23:46:08,61.2,97.4,0.976,0.987,13.7,supine
2024-01-15 23:46:10,61.7,97.9,1,1,13.3,supine
2024-01-15 23:46:12,61.7,97.6,1,0.992,13,supine
2024-01-15 23:46:14,61.3,97,1,0.963,13.3,supine
2024-01-15 23:46:16,61.6,96.8,1,0.967,14.2,supine
2024-01-15 23:46:18,61.9,98,1,0.992,13.9,supine
2024-01-15 23:46:20,63.3,97.2,1,0.97,13.9,supine
2024-01-15 23:46:22,60.2,97.7,1,1,15.3,supine
2024-01-15 23:46:24,61.3,97.3,1,0.967,13.8,supine
2024-01-15 23:46:26,60.8,97.3,1,1,13.8,supine
2024-01-15 23:46:28,61.3,97.9,1,0.992,13.1,supine
2024-01-15 23:46:30,62.9,97.4,1,0.995,13.5,supine
2024-01-15 23:46:32,61.4,97,0.978,1,14.8,supine
2024-01-15 23:46:34,62,97.8,0.964,0.995,13.8,supine
2024-01-15 23:46:36,62.9,97.1,1,0.997,14.2,supine
2024-01-15 23:46:38,61.5,97.6,0.977,0.996,13.5,supine
2024-01-15 23:46:40,62.3,97.5,1,0.996,14.1,supine
2024-01-15 23:46:42,62.5,97.6,1,0.954,13.7,supine
2024-01-15 23:46:44,61.9,97.3,0.959,1,13.7,supine
2024-01-15 23:46:46,61.9,97.7,0.969,0.997,14.3,supine
2024-01-15 23:46:48,63.4,97.4,0.971,1,13.3,supine
2024-01-15 23:46:50,61.8,97.4,1,1,14.2,supine
2024-01-15 23:46:52,64.6,98,0.987,1,15.2,supine
2024-01-15 23:46:54,64.7,97.4,0.949,0.973,14.3,supine
2024-01-15 23:46:56,62.7,97.7,1,0.987,13.6,supine
2024-01-15 23:46:58,62.6,97.5,0.954,1,14.2,supine
2024-01-15 23:47:00,61.6,97.4,1,1,14,supine
2024-01-15 23:47:02,61.9,97.5,0.957,1,14.1,supine
2024-01-15 23:47:04,61.9,98,1,1,14.3,supine
2024-01-15 23:47:06,63.9,97.9,0.997,0.993,13.7,supine
2024-01-15 23:47:08,63.4,97.6,0.987,0.997,13.1,supine
2024-01-15 23:47:10,59.4,97.1,1,1,14.3,supine
2024-01-15 23:47:12,64.3,97.3,0.952,0.981,13.9,supine
2024-01-15 23:47:14,61.6,97.7,1,1,14.1,supine
2024-01-15 23:47:16,64.9,97.7,0.986,1,14,supine
2024-01-15 23:47:18,65.3,97.4,1,0.981,13.2,supine
2024-01-15 23:47:20,62.4,98,1,0.996,14.1,supine
2024-01-15 23:47:22,64.2,97.5,0.979,0.999,14.3,supine
2024-01-15 23:47:24,62.3,97.3,1,1,13.8,supine
2024-01-15 23:47:26,61.1,97.6,1,0.992,14.5,supine
2024-01-15 23:47:28,61.1,97.7,1,0.988,12.8,supine
2024-01-15 23:47:30,61.2,97.7,0.998,1,14.1,supine
2024-01-15 23:47:32,60.3,97.5,0.956,1,13.6,supine
2024-01-15 23:47:34,63.8,97.5,0.995,1,14.4,supine
2024-01-15 23:47:36,60.9,97.5,1,1,14.3,supine
2024-01-15 23:47:38,63.8,97.7,0.987,0.986,13.8,supine
2024-01-15 23:47:40,61.2,97.4,1,1,14.4,supine
2024-01-15 23:47:42,60.3,97.4,1,1,13.4,supine
2024-01-15 23:47:44,62.6,97.5,1,0.993,13.5,supine
2024-01-15 23:47:46,60.7,97.8,0.997,0.997,14,supine
2024-01-15 23:47:48,62.8,97,0.988,0.943,14.3,supine
2024-01-15 23:47:50,61,97.1,1,1,15.1,supine
2024-01-15 23:47:52,58.9,97.5,0.993,1,13.7,supine
2024-01-15 23:47:54,62,97.7,1,0.996,13.8,supine
2024-01-15 23:47:56,60.6,97.4,1,1,14.4,supine
2024-01-15 23:47:58,62.4,97.2,0.996,1,14.9,supine
2024-01-15 23:48:00,58.6,97.7,1,0.959,13.6,supine
2024-01-15 23:48:02,61.1,97.5,1,0.997,14.6,supine
2024-01-15 23:48:04,57.9,97.8,0.995,0.996,14.6,supine
2024-01-15 23:48:06,61.2,97.7,1,1,13,supine
2024-01-15 23:48:08,61.4,97.1,0.99,1,13.2,supine
2024-01-15 23:48:10,62.2,97.7,1,0.994,15,supine
2024-01-15 23:48:12,63.2,97.4,0.974,1,13.4,supine
2024-01-15 23:48:14,62.8,97.2,0.946,1,13.4,supine
2024-01-15 23:48:16,58.9,97.5,1,0.993,13.2,supine
2024-01-15 23:48:18,61.6,97.5,0.947,0.997,13.2,supine
2024-01-15 23:48:20,61.9,97.3,0.918,0.952,13.2,supine
2024-01-15 23:48:22,61.1,97.5,1,0.971,14.4,supine
2024-01-15 23:48:24,59.7,97.5,0.961,0.944,13.4,supine
2024-01-15 23:48:26,61.4,97.6,1,1,13.7,supine
2024-01-15 23:48:28,61.3,96.8,1,0.955,13.4,supine
2024-01-15 23:48:30,61.2,97,0.985,0.991,13.9,supine
2024-01-15 23:48:32,60.9,98.2,0.982,1,14.5,supine
2024-01-15 23:48:34,63,97.6,1,0.999,13.8,supine
2024-01-15 23:48:36,61.7,97.7,1,1,13.6,supine
2024-01-15 23:48:38,62.1,97.3,0.982,0.98,14.3,supine
2024-01-15 23:48:40,60.9,97.2,0.973,1,14,supine
2024-01-15 23:48:42,61.7,97.4,1,0.989,14.1,supine
2024-01-15 23:48:44,62.1,97.3,1,1,14.6,supine
2024-01-15 23:48:46,61.8,97.5,0.982,1,13.8,supine
2024-01-15 23:48:48,64.4,97.6,1,1,14.9,supine
2024-01-15 23:48:50,63.3,97.3,1,1,13.7,supine
2024-01-15 23:48:52,60.7,97.4,0.962,1,15.5,supine
2024-01-15 23:48:54,63.3,97.8,0.986,1,13.9,supine
2024-01-15 23:48:56,61.1,97.7,1,1,13.1,supine
2024-01-15 23:48:58,59.5,97.1,1,0.966,13.1,supine
2024-01-15 23:49:00,63.5,97.8,1,0.972,14,supine
2024-01-15 23:49:02,63,97.4,1,1,13.5,supine
2024-01-15 23:49:04,62.5,97.7,1,1,14.2,supine
2024-01-15 23:49:06,62.1,97.8,1,0.981,14.4,supine
2024-01-15 23:49:08,61.7,97.9,1,1,14.7,supine
2024-01-15 23:49:10,63.8,97.3,0.954,0.988,14.4,supine
2024-01-15 23:49:12,62.7,97.2,0.973,1,14.3,supine
2024-01-15 23:49:14,60.6,97.6,1,1,14.1,supine
2024-01-15 23:49:16,63.4,97.2,1,1,14.3,supine
2024-01-15 23:49:18,63.7,97.5,0.988,1,14.2,supine
2024-01-15 23:49:20,60.8,97.6,1,1,14,supine
2024-01-15 23:49:22,61.2,97.8,1,1,14.2,supine
2024-01-15 23:49:24,63.8,97.4,0.98,1,13.2,supine
2024-01-15 23:49:26,62.5,97.4,1,0.975,14.3,supine
2024-01-15 23:49:28,59.3,97.4,1,1,14.2,supine
2024-01-15 23:49:30,59.1,97,1,0.948,14.4,supine
2024-01-15 23:49:32,59.9,97.5,0.984,0.998,13.6,supine
2024-01-15 23:49:34,63.4,97.7,1,1,13.4,supine
2024-01-15 23:49:36,63.9,97.4,0.985,1,13.9,supine
2024-01-15 23:49:38,62.8,98.2,1,0.981,13.8,supine
2024-01-15 23:49:40,62.4,97.8,1,1,13.7,supine
2024-01-15 23:49:42,63.1,97.3,1,0.966,14.4,supine
2024-01-15 23:49:44,59.5,97.7,1,0.999,14.1,supine
2024-01-15 23:49:46,61.8,98,0.952,0.966,14.3,supine
2024-01-15 23:49:48,60.3,97.7,1,0.943,14.4,supine
2024-01-15 23:49:50,64.3,97.7,0.991,1,14.1,supine
2024-01-15 23:49:52,62.1,97.6,1,0.946,13.3,supine
2024-01-15 23:49:54,60.6,96.9,1,0.994,13.1,supine
2024-01-15 23:49:56,62.4,97.7,0.965,0.963,14,supine
2024-01-15 23:49:58,62.5,97.1,0.981,0.974,13.7,supine
2024-01-15 23:50:00,59.1,97.4,0.969,0.993,14.6,supine
2024-01-15 23:50:02,61.4,97.8,1,0.97,14.3,supine
2024-01-15 23:50:04,62.8,97.8,0.995,0.975,13.5,supine
2024-01-15 23:50:06,62.7,97.4,1,1,13.7,supine
2024-01-15 23:50:08,63.6,97,1,0.967,14.2,supine
2024-01-15 23:50:10,61.9,97.3,1,1,13.5,supine
2024-01-15 23:50:12,60.1,97.5,0.991,1,14.3,supine
2024-01-15 23:50:14,61.1,97.6,0.997,0.986,14,supine
2024-01-15 23:50:16,59.7,97.2,0.943,0.994,13.7,supine
2024-01-15 23:50:18,61.3,97.5,0.986,1,13.7,supine
2024-01-15 23:50:20,63.8,97.2,0.981,1,14.3,supine
2024-01-15 23:50:22,61.4,97.7,0.964,1,14.5,supine
2024-01-15 23:50:24,59.2,97.4,0.993,0.994,13.8,supine
2024-01-15 23:50:26,62.3,97.5,0.954,1,13.7,supine
2024-01-15 23:50:28,61.2,97.3,0.973,1,14.4,supine
2024-01-15 23:50:30,58.3,98,0.967,1,13,supine
2024-01-15 23:50:32,62.7,97.5,1,1,14.6,supine
2024-01-15 23:50:34,62.1,98.3,1,0.957,14.1,supine
2024-01-15 23:50:36,61.5,97.3,0.967,1,13.8,supine
2024-01-15 23:50:38,60.6,97.7,0.972,1,13,supine
2024-01-15 23:50:40,62.9,97.6,0.972,1,14.9,supine
2024-01-15 23:50:42,61.1,96.9,0.997,1,14.1,supine
2024-01-15 23:50:44,63.1,97.5,0.988,1,14.2,supine
2024-01-15 23:50:46,63.7,97.8,1,1,14.9,supine
2024-01-15 23:50:48,62.6,97.8,1,1,14.4,supine
2024-01-15 23:50:50,59.9,97.1,0.993,0.961,14,supine
2024-01-15 23:50:52,61.6,97,1,0.966,14.2,supine
2024-01-15 23:50:54,64.6,97.7,1,1,13.9,supine
2024-01-15 23:50:56,61.2,97.5,0.966,1,14.1,supine
2024-01-15 23:50:58,60.2,97.8,1,1,13.5,supine
2024-01-15 23:51:00,62.5,97.7,0.97,0.997,14.6,supine
2024-01-15 23:51:02,61.9,97.7,1,0.995,13.5,supine
2024-01-15 23:51:04,59.7,97.3,1,0.987,14.1,supine
2024-01-15 23:51:06,64.6,97,0.989,0.982,13.7,supine
2024-01-15 23:51:08,62.3,97.9,0.968,1,13.1,supine
2024-01-15 23:51:10,60.1,97.4,0.977,1,14.4,supine
2024-01-15 23:51:12,62.3,97.3,1,1,13.7,supine
2024-01-15 23:51:14,60.9,97.3,1,1,14.1,supine
2024-01-15 23:51:16,63.2,97.3,1,1,13.5,supine
2024-01-15 23:51:18,62.4,98.1,1,1,13.5,supine
2024-01-15 23:51:20,63.8,97.6,0.964,1,13.4,supine
2024-01-15 23:51:22,59,97.2,0.964,1,14.3,supine
2024-01-15 23:51:24,61.7,97.9,1,1,14.2,supine
2024-01-15 23:51:26,61.9,98.2,0.991,0.987,13.9,supine
2024-01-15 23:51:28,59.1,97.6,0.979,1,13.6,supine
2024-01-15 23:51:30,59.3,97.5,0.985,0.999,14.3,supine
2024-01-15 23:51:32,61.9,97.3,1,1,14.3,supine
2024-01-15 23:51:34,60.7,97.5,0.95,0.97,13.7,supine
2024-01-15 23:51:36,63.6,97.7,0.991,0.984,14.5,supine
2024-01-15 23:51:38,61.8,97.2,1,0.999,14,supine
2024-01-15 23:51:40,60.9,97.1,0.937,1,13.7,supine
2024-01-15 23:51:42,64.5,97.2,0.98,0.942,14.5,supine
2024-01-15 23:51:44,60.9,97.9,0.966,1,13.6,supine
2024-01-15 23:51:46,60.1,97.6,0.933,0.992,14.3,supine
2024-01-15 23:51:48,62.7,98,0.974,0.994,14.4,supine
2024-01-15 23:51:50,60.3,97.7,1,0.976,13.9,supine
2024-01-15 23:51:52,61.5,97.4,0.981,0.982,13.9,supine
2024-01-15 23:51:54,62.6,97.7,1,0.98,13.5,supine
2024-01-15 23:51:56,61.7,98.1,0.971,0.968,12.7,supine
2024-01-15 23:51:58,63.6,97.5,0.983,0.97,14.1,supine
2024-01-15 23:52:00,61.3,97.7,1,1,13.6,supine
2024-01-15 23:52:02,62.7,97.5,0.973,1,14.4,supine
2024-01-15 23:52:04,61.8,97.5,0.964,1,13.8,supine
2024-01-15 23:52:06,59.1,97.6,0.95,1,14.2,supine
2024-01-15 23:52:08,62.1,97.7,1,1,14.4,supine
2024-01-15 23:52:10,61.9,97.4,0.97,0.958,13.6,supine
2024-01-15 23:52:12,59.4,97.5,0.966,1,14.2,supine
2024-01-15 23:52:14,62.1,97.3,1,1,14,supine
2024-01-15 23:52:16,63.4,97.3,0.964,0.987,13.6,supine
2024-01-15 23:52:18,62.7,97.4,1,1,13.4,supine
2024-01-15 23:52:20,63.3,97.2,1,0.985,13.7,supine
2024-01-15 23:52:22,61.9,98,0.982,0.979,13.6,supine
2024-01-15 23:52:24,62.6,97.5,1,0.998,14.1,supine
2024-01-15 23:52:26,60.9,97.7,1,0.983,13.8,supine
2024-01-15 23:52:28,61.8,97.8,1,1,14.5,supine
2024-01-15 23:52:30,63.3,97.1,1,1,15.4,supine
2024-01-15 23:52:32,57.6,97.3,0.974,0.954,14.3,supine
2024-01-15 23:52:34,60.4,97.1,0.991,0.999,14.1,supine
2024-01-15 23:52:36,60.1,97.4,1,0.965,15.1,supine
2024-01-15 23:52:38,64,97.2,0.998,1,13.8,supine
2024-01-15 23:52:40,61.1,97.3,1,1,14.8,supine
2024-01-15 23:52:42,61.3,96.8,1,0.966,14.4,supine
2024-01-15 23:52:44,60.3,97.8,1,0.981,14.8,supine
2024-01-15 23:52:46,61.4,97.2,1,1,13.3,supine
2024-01-15 23:52:48,61.9,97.5,0.963,0.963,14,supine
2024-01-15 23:52:50,60.6,96.7,1,0.973,13.7,supine
2024-01-15 23:52:52,60,97,0.939,0.944,14.6,supine
2024-01-15 23:52:54,60.5,97.6,0.962,0.952,14.3,supine
2024-01-15 23:52:56,59.8,97.3,1,0.963,14.5,supine
2024-01-15 23:52:58,63.5,97.7,1,0.973,14.2,supine
2024-01-15 23:53:00,63.5,98.2,0.993,1,13.1,supine
2024-01-15 23:53:02,60.3,97.3,0.963,0.918,13.7,supine
2024-01-15 23:53:04,60.8,97,1,1,14.1,supine
2024-01-15 23:53:06,60.2,97.6,1,1,13.3,supine
2024-01-15 23:53:08,63.3,97.6,1,1,14.2,supine
2024-01-15 23:53:10,61.4,97.4,1,1,14,supine
2024-01-15 23:53:12,65.4,97.1,0.966,0.968,14.1,supine
2024-01-15 23:53:14,59.7,97.1,1,0.987,13.3,supine
2024-01-15 23:53:16,63.1,97.2,1,1,13.8,supine
2024-01-15 23:53:18,61.4,97.6,1,1,13.9,supine
2024-01-15 23:53:20,62.3,97.7,0.995,0.98,14.1,supine
2024-01-15 23:53:22,62.3,97.3,0.952,1,12.8,supine
2024-01-15 23:53:24,60.6,97.6,0.986,1,14.3,supine
2024-01-15 23:53:26,60.8,96.9,1,0.983,14.3,supine
2024-01-15 23:53:28,63.4,96.8,1,0.956,14.1,supine
2024-01-15 23:53:30,63.8,97.1,1,0.993,14,supine
2024-01-15 23:53:32,64.5,96.8,0.975,0.997,13.8,supine
2024-01-15 23:53:34,63.1,97.1,0.985,1,14.7,supine
2024-01-15 23:53:36,59.5,97,0.965,1,13.1,supine
2024-01-15 23:53:38,60.9,98,1,1,13.7,supine
2024-01-15 23:53:40,60.4,97.3,1,0.998,14,supine
2024-01-15 23:53:42,64.1,97.3,1,0.971,14.3,supine
2024-01-15 23:53:44,62.4,97.7,1,1,14.3,supine
2024-01-15 23:53:46,60.7,97.6,1,1,14.6,supine
2024-01-15 23:53:48,63.2,97.4,0.961,0.981,13.4,supine
2024-01-15 23:53:50,61.4,97.3,0.97,1,14.5,supine
2024-01-15 23:53:52,60.4,97.7,0.99,1,13.8,supine
2024-01-15 23:53:54,60.1,97.4,1,1,13.4,supine
2024-01-15 23:53:56,63.5,97.7,0.981,1,14.4,supine
2024-01-15 23:53:58,62.3,98.2,1,1,14,supine
2024-01-15 23:54:00,62,97.9,1,1,14.3,supine
2024-01-15 23:54:02,59.5,97.5,1,0.991,14.2,supine
2024-01-15 23:54:04,61.7,97.2,1,0.976,14.2,supine
2024-01-15 23:54:06,62.7,97.8,0.996,1,14.3,supine
2024-01-15 23:54:08,62.3,97.2,0.988,0.988,14.2,supine
2024-01-15 23:54:10,62.9,97.1,1,1,14.3,supine
2024-01-15 23:54:12,63,97.3,1,0.982,14.8,supine
2024-01-15 23:54:14,62.6,97.7,1,0.984,13.9,supine
2024-01-15 23:54:16,60.7,97.6,0.973,0.983,14.1,supine
2024-01-15 23:54:18,63.8,97.7,1,0.981,14.2,supine
2024-01-15 23:54:20,61.6,96.9,1,0.958,14.9,supine
2024-01-15 23:54:22,60.6,97.7,1,1,13.3,supine
2024-01-15 23:54:24,63,97.9,1,0.972,13.7,supine
2024-01-15 23:54:26,60.7,97.3,0.981,0.954,13.1,supine
2024-01-15 23:54:28,62.3,97.3,1,0.987,13.4,supine
2024-01-15 23:54:30,61.7,97.1,1,1,13.8,supine
2024-01-15 23:54:32,63.3,97.8,1,1,14.3,supine
2024-01-15 23:54:34,60.6,97.3,1,1,14.1,supine
2024-01-15 23:54:36,63.8,97.4,0.962,0.997,13.5,supine
2024-01-15 23:54:38,62.1,97.5,0.998,0.997,13.6,supine
2024-01-15 23:54:40,60.7,98.2,1,0.974,14.8,supine
2024-01-15 23:54:42,58.8,97.8,0.985,0.971,14.2,supine
2024-01-15 23:54:44,59.7,97.2,1,1,13.6,supine
2024-01-15 23:54:46,61.5,97.5,1,0.966,14,supine
2024-01-15 23:54:48,61.1,97.3,0.992,1,14.2,supine
2024-01-15 23:54:50,64.1,97.3,1,1,13.6,supine
2024-01-15 23:54:52,63.9,96.8,1,1,13.9,supine
2024-01-15 23:54:54,60.2,97.5,1,1,13.9,supine
2024-01-15 23:54:56,64.5,97.6,1,1,13.7,supine
2024-01-15 23:54:58,60.3,97.5,1,0.995,14.2,supine
2024-01-15 23:55:00,62.5,98.2,1,1,13.9,supine
2024-01-15 23:55:02,62.3,97.1,0.949,0.972,14,supine
2024-01-15 23:55:04,63.7,97.4,0.995,0.967,13.5,supine
2024-01-15 23:55:06,62.8,98,1,0.985,13.8,supine
2024-01-15 23:55:08,64.6,97.1,0.988,1,13.8,supine
2024-01-15 23:55:10,60.2,97.5,0.975,0.987,14.2,supine
2024-01-15 23:55:12,65.1,97.5,1,1,14.1,supine
2024-01-15 23:55:14,61.5,97,1,1,14.6,supine
2024-01-15 23:55:16,61.9,97.6,1,0.967,14.5,supine
2024-01-15 23:55:18,63.7,97.5,1,0.96,13.4,supine
2024-01-15 23:55:20,62.3,97.8,0.937,1,13.1,supine
2024-01-15 23:55:22,59.7,97.5,0.976,1,13.4,supine
2024-01-15 23:55:24,63.7,97.5,1,1,14.7,supine
2024-01-15 23:55:26,62,97.8,1,0.994,14.3,supine
2024-01-15 23:55:28,60.4,97.1,1,0.996,14,supine
2024-01-15 23:55:30,63.4,97.3,1,0.964,13.4,supine
2024-01-15 23:55:32,64.4,97.8,1,0.988,14.3,supine
2024-01-15 23:55:34,64.1,97.9,1,0.996,13.7,supine
2024-01-15 23:55:36,60,98,0.967,0.963,13.6,supine
2024-01-15 23:55:38,62.8,97.9,1,1,14.5,supine
2024-01-15 23:55:40,63.1,97.2,0.98,0.957,14.5,supine
2024-01-15 23:55:42,60.5,97.4,1,1,13.7,supine
2024-01-15 23:55:44,60.6,97.5,1,1,13.8,supine
2024-01-15 23:55:46,61.6,97.2,0.947,0.984,14.8,supine
2024-01-15 23:55:48,63,97.3,0.96,1,13.7,supine
2024-01-15 23:55:50,61.2,97.4,1,1,14.2,supine
2024-01-15 23:55:52,62.6,97.6,1,0.961,13.4,supine
2024-01-15 23:55:54,61.1,96.9,0.969,0.992,14.3,supine
2024-01-15 23:55:56,62.1,97.2,0.956,1,13.8,supine
2024-01-15 23:55:58,62.7,97.5,1,1,13.4,supine
2024-01-15 23:56:00,60.3,97.8,1,0.972,14,supine
2024-01-15 23:56:02,59.3,97.5,0.986,1,14.2,supine
2024-01-15 23:56:04,60.9,97.7,1,1,13.4,supine
2024-01-15 23:56:06,61.2,97.2,0.99,1,13,supine
2024-01-15 23:56:08,62.6,97.5,1,1,13.7,supine
2024-01-15 23:56:10,61.9,97.5,1,1,13.7,supine
2024-01-15 23:56:12,64.2,96.7,0.98,0.967,13.8,supine
2024-01-15 23:56:14,59.5,96.6,1,0.949,14.2,supine
2024-01-15 23:56:16,61.6,97.8,1,0.969,14.1,supine
2024-01-15 23:56:18,62.8,97.1,0.971,0.999,14.2,supine
2024-01-15 23:56:20,65.2,97.2,1,1,13.8,supine
2024-01-15 23:56:22,62.3,97.7,0.997,1,14.2,supine
2024-01-15 23:56:24,63.7,97.1,1,0.99,14.1,supine
2024-01-15 23:56:26,60.8,98.2,1,0.992,13.3,supine
2024-01-15 23:56:28,63.3,97.4,0.968,1,14.3,supine
2024-01-15 23:56:30,59.6,97.4,1,0.996,14,supine
2024-01-15 23:56:32,61.9,97.2,1,1,13.7,supine
2024-01-15 23:56:34,65,97.6,1,1,13.5,supine
2024-01-15 23:56:36,62.8,97.7,1,0.999,14.3,supine
2024-01-15 23:56:38,65.4,97.4,0.972,1,14.1,supine
2024-01-15 23:56:40,62.7,96.9,0.963,0.995,13.7,supine
2024-01-15 23:56:42,62.3,97.6,1,0.968,14.8,supine
2024-01-15 23:56:44,62.7,97.3,1,1,13,supine
2024-01-15 23:56:46,63,97.7,1,1,14.4,supine
2024-01-15 23:56:48,61.7,97.2,1,0.989,13.6,supine
2024-01-15 23:56:50,61,97.9,1,0.996,13.4,supine
2024-01-15 23:56:52,65,97.3,0.979,1,14,supine
2024-01-15 23:56:54,61.2,97.5,1,1,14.3,supine
2024-01-15 23:56:56,63.3,97.5,1,0.998,14.5,supine
2024-01-15 23:56:58,60.1,97.6,1,1,13.8,supine
2024-01-15 23:57:00,61.1,97.2,0.996,1,14.2,supine
2024-01-15 23:57:02,62.6,97.1,1,1,14.8,supine
2024-01-15 23:57:04,59.3,98,1,0.991,14.4,supine
2024-01-15 23:57:06,62.4,97.3,0.992,1,13.7,supine
2024-01-15 23:57:08,62.7,97.2,1,0.97,14.4,supine
2024-01-15 23:57:10,62.7,97.9,1,0.946,13.4,supine
2024-01-15 23:57:12,62.8,97.5,0.975,0.95,12.4,supine
2024-01-15 23:57:14,65.4,97.6,0.982,1,14.9,supine
2024-01-15 23:57:16,62.9,96.8,0.964,0.983,13.6,supine
2024-01-15 23:57:18,60.1,97.8,0.983,0.98,13.4,supine
2024-01-15 23:57:20,62.2,97.6,1,0.975,14.5,supine
2024-01-15 23:57:22,62.2,97,0.956,0.983,13.5,supine
2024-01-15 23:57:24,63,97.6,0.988,1,13.9,supine
2024-01-15 23:57:26,61.8,97.4,0.94,1,14.2,supine
2024-01-15 23:57:28,61.4,97.5,1,1,13.7,supine
2024-01-15 23:57:30,61.3,97.6,0.991,0.983,15.2,supine
2024-01-15 23:57:32,61.8,97.4,1,1,14.4,supine
2024-01-15 23:57:34,57.6,97.9,1,1,14.2,supine
2024-01-15 23:57:36,63.6,97,1,0.999,13.7,supine
2024-01-15 23:57:38,62,97.3,0.998,1,13.9,supine
2024-01-15 23:57:40,64.5,97.5,0.973,0.999,14.2,supine
2024-01-15 23:57:42,62.2,97.3,0.963,0.967,14.1,supine
2024-01-15 23:57:44,62.3,97.7,0.984,1,14.5,supine
2024-01-15 23:57:46,61.4,97.3,1,1,13.8,supine
2024-01-15 23:57:48,61.3,97.2,1,1,13.6,supine
2024-01-15 23:57:50,61.9,97.7,0.967,0.969,14.3,supine
2024-01-15 23:57:52,62.1,98.1,0.966,1,13.8,supine
2024-01-15 23:57:54,60.9,97.8,0.986,0.949,14.6,supine
2024-01-15 23:57:56,63.5,97.5,1,1,13.9,supine
2024-01-15 23:57:58,63.7,97.3,1,0.995,13.5,supine
2024-01-15 23:58:00,61.5,97.8,1,1,13,supine
2024-01-15 23:58:02,61.5,96.9,1,0.997,13.9,supine
2024-01-15 23:58:04,60.5,97.7,0.957,0.983,13.8,supine
2024-01-15 23:58:06,64.3,97.1,0.994,1,14.1,supine
2024-01-15 23:58:08,60.6,97.8,1,0.954,13.9,supine
2024-01-15 23:58:10,61.5,97.4,1,0.966,14.2,supine
2024-01-15 23:58:12,62.7,97.3,1,0.992,14.7,supine
2024-01-15 23:58:14,62.8,97.1,0.992,1,14.8,supine
2024-01-15 23:58:16,63.2,97.4,1,1,13.4,supine
2024-01-15 23:58:18,61.7,97.5,1,1,14.6,supine
2024-01-15 23:58:20,63.8,97.6,1,0.971,13.9,supine
2024-01-15 23:58:22,62.1,97.5,0.951,0.982,13.7,supine
2024-01-15 23:58:24,61.2,97.6,1,0.936,14.3,supine
2024-01-15 23:58:26,62.5,98,1,0.984,13.7,supine
2024-01-15 23:58:28,62.8,97.7,0.986,1,13.9,supine
2024-01-15 23:58:30,63.8,97.7,0.981,1,14.2,supine
2024-01-15 23:58:32,64.6,97.5,0.979,0.979,13.2,supine
2024-01-15 23:58:34,62.7,97.3,0.994,1,13.8,supine
2024-01-15 23:58:36,60.8,97.3,1,0.99,12.7,supine
2024-01-15 23:58:38,63.9,97.2,1,0.931,13.5,supine
2024-01-15 23:58:40,62.8,97.7,0.962,0.958,14.1,supine
2024-01-15 23:58:42,60.6,97.2,0.963,0.986,14.1,supine
2024-01-15 23:58:44,61.1,97.5,0.979,0.933,13.6,supine
2024-01-15 23:58:46,61.7,97.2,1,1,13,supine
2024-01-15 23:58:48,59.3,97.9,0.974,0.997,13.9,supine
2024-01-15 23:58:50,64.2,97.7,0.97,1,13.9,supine
2024-01-15 23:58:52,61.8,97.4,0.975,1,13.9,supine
2024-01-15 23:58:54,65.1,97.6,0.983,0.969,14.8,supine
2024-01-15 23:58:56,63,97.4,1,0.962,14.2,supine
2024-01-15 23:58:58,61.9,97.8,0.968,1,14.2,supine
2024-01-15 23:59:00,62.5,97.5,1,0.975,14,supine
2024-01-15 23:59:02,63.3,97.7,0.974,0.963,13.6,supine
2024-01-15 23:59:04,64.1,97.2,1,1,14.3,supine
2024-01-15 23:59:06,63,97.9,1,0.982,14.2,supine
2024-01-15 23:59:08,60.3,97.6,0.985,1,13.7,supine
2024-01-15 23:59:10,61.2,98.4,0.96,1,15.2,supine
2024-01-15 23:59:12,62.5,96.9,0.984,0.962,13.3,supine
2024-01-15 23:59:14,59.2,97.4,1,1,14.1,supine
2024-01-15 23:59:16,63,97.3,0.991,1,13.9,supine
2024-01-15 23:59:18,61.8,97.6,0.99,1,13.6,supine
2024-01-15 23:59:20,62.3,97.3,0.981,1,14.3,supine
2024-01-15 23:59:22,58.7,96.8,1,1,14.7,supine
2024-01-15 23:59:24,63.4,98,0.979,1,13.7,supine
2024-01-15 23:59:26,62.3,97.3,0.986,0.995,13.9,supine
2024-01-15 23:59:28,62.3,97.5,1,1,13.9,supine
2024-01-15 23:59:30,61.6,98.3,1,0.969,14.3,supine
2024-01-15 23:59:32,62.5,97.2,1,0.992,14.4,supine
2024-01-15 23:59:34,60.1,97.1,1,0.942,14.1,supine
2024-01-15 23:59:36,60.8,97.4,0.998,1,14.2,supine
2024-01-15 23:59:38,60.8,98.1,1,1,14,supine
2024-01-15 23:59:40,65.2,97.5,0.973,0.982,14.3,supine
2024-01-15 23:59:42,64.9,97.6,1,1,14.1,supine
2024-01-15 23:59:44,62.1,97.8,1,1,13,supine
2024-01-15 23:59:46,61,97.1,1,0.951,14.3,supine
2024-01-15 23:59:48,63.9,97.2,1,1,14,supine
2024-01-15 23:59:50,63.6,97.6,1,1,14.4,supine
2024-01-15 23:59:52,65.5,97.8,1,0.992,13.1,supine
2024-01-15 23:59:54,63.9,96.6,1,0.94,13,supine
2024-01-15 23:59:56,60.5,97.9,1,0.98,14.2,supine
2024-01-15 23:59:58,62.5,97.1,1,1,13.5,supine
2024-01-16 00:00:00,57.8,97.7,0.054,0.799,0,supine
2024-01-16 00:00:02,62.1,97.5,0.055,0.693,0,supine
2024-01-16 00:00:04,60.2,97.2,0.074,0.725,0,supine
2024-01-16 00:00:06,57.8,97.8,0.033,0.718,0,supine
2024-01-16 00:00:08,57,97.9,0.064,0.748,0,supine
2024-01-16 00:00:10,59.1,98,0.069,0.762,0,supine
2024-01-16 00:00:12,58.7,97.1,0.021,0.788,0,supine
2024-01-16 00:00:14,60,97.2,0.027,0.77,0,supine
2024-01-16 00:00:16,57.5,95.1,0.059,0.601,0,supine
2024-01-16 00:00:18,60.8,94.8,0.055,0.707,0,supine
2024-01-16 00:00:20,56.9,94.7,0.049,0.692,0,supine
2024-01-16 00:00:22,56,93.6,0.038,0.664,0,supine
2024-01-16 00:00:24,61.8,93.1,0.046,0.644,0,supine
2024-01-16 00:00:26,65.7,93.1,0.984,1,13.6,supine
2024-01-16 00:00:28,64.7,92.6,0.964,1,13.5,supine
2024-01-16 00:00:30,67.9,92.5,0.989,1,14.5,supine
2024-01-16 00:00:32,66.6,92.6,1,0.972,14.5,supine
2024-01-16 00:00:34,67.6,92.7,0.97,0.974,14.5,supine
2024-01-16 00:00:36,61.5,91.8,1,0.992,14.6,supine
2024-01-16 00:00:38,61.8,92,0.977,0.987,14.5,supine
2024-01-16 00:00:40,61.3,97.5,0.985,0.979,14.8,supine
2024-01-16 00:00:42,60.5,97.5,1,0.991,14.2,supine
2024-01-16 00:00:44,60.8,97.5,0.971,0.95,13.6,supine
2024-01-16 00:00:46,62.4,97.4,1,0.989,14.5,supine
2024-01-16 00:00:48,63.2,97.5,0.983,0.997,13.3,supine
2024-01-16 00:00:50,62.6,97.2,0.946,1,14,supine
2024-01-16 00:00:52,62.7,97.3,0.938,1,13.9,supine
2024-01-16 00:00:54,62.2,97.3,0.987,0.978,13.7,supine
2024-01-16 00:00:56,62,97.4,1,1,13.9,supine
2024-01-16 00:00:58,62.2,97.3,1,0.968,13.3,supine
2024-01-16 00:01:00,61.5,97.4,0.97,1,15.3,supine
2024-01-16 00:01:02,62.6,97.8,1,1,14.5,supine
2024-01-16 00:01:04,63.8,96.9,0.993,0.994,14.1,supine
2024-01-16 00:01:06,63.1,97.2,1,1,12.8,supine
2024-01-16 00:01:08,61.8,97.7,1,1,13.5,supine
2024-01-16 00:01:10,63.5,97.8,0.989,1,14.2,supine
2024-01-16 00:01:12,60.3,98.2,1,1,14.8,supine
2024-01-16 00:01:14,61.9,98,0.997,1,14.1,supine
2024-01-16 00:01:16,62.1,97.3,1,1,13.6,supine
2024-01-16 00:01:18,63.8,97.5,1,1,14.5,supine
2024-01-16 00:01:20,60.3,98,1,0.988,14.3,supine
2024-01-16 00:01:22,62.3,97.4,0.929,0.992,14.2,supine
2024-01-16 00:01:24,62.9,97.6,1,0.995,14.6,supine
2024-01-16 00:01:26,65.7,97.6,1,1,15.7,supine
2024-01-16 00:01:28,63.9,97.3,1,0.961,14.3,supine
2024-01-16 00:01:30,62.8,97.4,1,1,13.8,supine
2024-01-16 00:01:32,63.8,98,0.979,1,14,supine
2024-01-16 00:01:34,63.3,97.7,1,1,13.9,supine
2024-01-16 00:01:36,61.1,97.6,0.984,0.976,13.7,supine
2024-01-16 00:01:38,63.4,97.2,1,1,13.9,supine
2024-01-16 00:01:40,63.6,97.8,0.985,0.935,14.4,supine
2024-01-16 00:01:42,60.6,97.1,0.987,0.993,13.5,supine
2024-01-16 00:01:44,61.8,97.7,0.973,1,13.8,supine
2024-01-16 00:01:46,61.2,97.6,0.948,0.998,14.3,supine
2024-01-16 00:01:48,62.6,97.2,1,0.982,13.9,supine
2024-01-16 00:01:50,59.8,97.6,0.987,1,14.4,supine
2024-01-16 00:01:52,62.4,97.6,1,1,13.3,supine
2024-01-16 00:01:54,63.5,97.6,1,0.95,13.6,supine
2024-01-16 00:01:56,66.9,97.6,0.968,0.994,14.2,supine
2024-01-16 00:01:58,61.7,97.8,0.995,0.989,13.3,supine
2024-01-16 00:02:00,63.5,97.4,1,0.964,14.2,supine
2024-01-16 00:02:02,59.5,97.6,0.992,1,14.2,supine
2024-01-16 00:02:04,61.1,97.4,1,0.999,14,supine
2024-01-16 00:02:06,62.7,97.8,1,1,14.4,supine
2024-01-16 00:02:08,60.2,97.5,1,1,12.6,supine
2024-01-16 00:02:10,63.3,97.3,0.996,1,14.4,supine
2024-01-16 00:02:12,59,97.5,0.94,0.975,13.5,supine
2024-01-16 00:02:14,63.2,97.7,0.994,1,14.3,supine
2024-01-16 00:02:16,61.3,97.1,1,0.967,13.4,supine
2024-01-16 00:02:18,61.4,97.8,0.978,1,12.9,supine
2024-01-16 00:02:20,60.9,97.5,0.964,0.92,13.6,supine
2024-01-16 00:02:22,62.5,97.3,1,0.985,14.2,supine
2024-01-16 00:02:24,60.5,97.2,0.977,1,14.3,supine
2024-01-16 00:02:26,58.7,98.1,1,1,14.4,supine
2024-01-16 00:02:28,64.1,97.7,1,1,14,supine
2024-01-16 00:02:30,61.1,97.4,0.995,1,14.5,supine
2024-01-16 00:02:32,63.9,97.5,0.984,0.955,14.2,supine
2024-01-16 00:02:34,61,97,0.981,0.986,15,supine
2024-01-16 00:02:36,62.2,97.7,1,1,13.9,supine
2024-01-16 00:02:38,62.4,97.6,0.995,0.979,14,supine
2024-01-16 00:02:40,62.5,97.6,0.972,1,14.4,supine
2024-01-16 00:02:42,60.8,97.7,1,1,13.2,supine
2024-01-16 00:02:44,62.3,97.1,0.998,1,14.9,supine
2024-01-16 00:02:46,60.5,97.7,0.998,1,13.8,supine
2024-01-16 00:02:48,63,97.2,1,0.983,14.3,supine
2024-01-16 00:02:50,63.5,96.9,0.981,1,13.5,supine
2024-01-16 00:02:52,60.8,97.8,0.995,1,13.9,supine
2024-01-16 00:02:54,59.3,97,1,0.98,13.4,supine
2024-01-16 00:02:56,59.3,97.7,0.985,1,14.3,supine
2024-01-16 00:02:58,58.9,97.8,1,0.996,14.4,supine
2024-01-16 00:03:00,61.8,97.4,0.982,0.993,13.5,supine
2024-01-16 00:03:02,60.4,97.3,1,1,13.3,supine
2024-01-16 00:03:04,62.7,97.7,0.98,1,13.5,supine
2024-01-16 00:03:06,62.5,97.3,1,1,13.1,supine
2024-01-16 00:03:08,62.3,97.6,0.98,1,14.3,supine
2024-01-16 00:03:10,62.9,97.5,0.963,0.999,13.6,supine
2024-01-16 00:03:12,62.4,97.2,1,0.983,13.4,supine
2024-01-16 00:03:14,62,97.6,1,1,15,supine
2024-01-16 00:03:16,61.8,97.7,1,0.995,14.5,supine
2024-01-16 00:03:18,60.5,97.8,1,1,14.2,supine
2024-01-16 00:03:20,59.9,97.8,0.995,1,13.5,supine
2024-01-16 00:03:22,60.2,97.6,0.986,1,13.8,supine
2024-01-16 00:03:24,60.7,97.7,1,0.98,14.1,supine
2024-01-16 00:03:26,62.1,97,0.987,1,15,supine
2024-01-16 00:03:28,63,97.6,0.984,1,14,supine
2024-01-16 00:03:30,60.5,97.6,1,0.999,14,supine
2024-01-16 00:03:32,60.7,98.5,0.985,0.985,14.2,supine
2024-01-16 00:03:34,60.1,97.7,0.936,0.961,14.5,supine
2024-01-16 00:03:36,61.4,97.3,0.989,0.992,13.5,supine
2024-01-16 00:03:38,61.4,97.5,0.967,0.977,14.2,supine
2024-01-16 00:03:40,61.4,97.3,0.965,1,13.1,supine
2024-01-16 00:03:42,61.9,97.6,0.994,0.97,14.4,supine
2024-01-16 00:03:44,61,97.7,1,1,13.8,supine
2024-01-16 00:03:46,60.2,97.6,1,1,14.6,supine
2024-01-16 00:03:48,63.8,97.7,0.969,0.973,13.8,supine
2024-01-16 00:03:50,61.7,97.6,0.974,0.991,14.4,supine
2024-01-16 00:03:52,63.6,97.1,0.988,0.964,13.6,supine
2024-01-16 00:03:54,60.5,97.6,1,1,14.2,supine
2024-01-16 00:03:56,63.9,97.2,1,0.982,13.8,supine
2024-01-16 00:03:58,60.5,97.6,1,1,14,supine
2024-01-16 00:04:00,61.1,97.8,1,1,14.3,supine
2024-01-16 00:04:02,63.5,98,1,0.987,13.4,supine
2024-01-16 00:04:04,64.4,98.2,1,1,14.1,supine
2024-01-16 00:04:06,63.6,97.5,0.99,1,14.4,supine
2024-01-16 00:04:08,61.8,97.4,0.974,0.944,13,supine
2024-01-16 00:04:10,61.2,97.4,1,0.994,14.2,supine
2024-01-16 00:04:12,63.9,97.4,1,1,14.2,supine
2024-01-16 00:04:14,61.5,97.3,0.96,0.995,13.7,supine
2024-01-16 00:04:16,59.9,97.7,0.987,0.99,14.1,supine
2024-01-16 00:04:18,60.9,98.3,0.979,1,14.5,supine
2024-01-16 00:04:20,61.3,97.4,1,1,14.2,supine
2024-01-16 00:04:22,62,97.5,1,1,13.7,supine
2024-01-16 00:04:24,61.4,98,1,0.987,15.2,supine
2024-01-16 00:04:26,62.5,97.5,0.947,1,13.7,supine
2024-01-16 00:04:28,62.2,97.3,0.975,0.979,14.6,supine
2024-01-16 00:04:30,59.9,97.5,1,1,13.2,supine
2024-01-16 00:04:32,60.4,97.7,0.97,1,12.9,supine
2024-01-16 00:04:34,60.9,97.4,0.982,0.976,13.7,supine
2024-01-16 00:04:36,63.4,97.1,0.996,0.949,13.7,supine
2024-01-16 00:04:38,59.7,97.8,0.956,1,14.6,supine
2024-01-16 00:04:40,62.5,97.4,0.972,1,14.7,supine
2024-01-16 00:04:42,59.2,97.8,0.991,0.993,14.2,supine
2024-01-16 00:04:44,61.9,97.5,1,1,14.3,supine
2024-01-16 00:04:46,58.7,97.1,1,1,14.3,supine
2024-01-16 00:04:48,62.2,98.1,1,0.996,14.1,supine
2024-01-16 00:04:50,63,97.6,0.944,0.979,14.9,supine
2024-01-16 00:04:52,60.8,97.3,0.988,0.961,13.6,supine
2024-01-16 00:04:54,61.4,97.5,0.971,1,14.8,supine
2024-01-16 00:04:56,64.1,97.8,0.968,0.948,13.7,supine
2024-01-16 00:04:58,62.6,97.7,0.986,1,14.2,supine
2024-01-16 00:05:00,61.2,97.2,0.989,1,13.6,supine
2024-01-16 00:05:02,64.5,97.6,1,1,13.6,supine
2024-01-16 00:05:04,64.4,97.5,0.975,0.991,14.4,supine
2024-01-16 00:05:06,64,97.7,0.982,0.998,13.8,supine
2024-01-16 00:05:08,62.9,97.3,0.982,0.999,13.5,supine
2024-01-16 00:05:10,59.9,97.6,0.96,1,13.9,supine
2024-01-16 00:05:12,63.5,97.3,0.954,1,13.7,supine
2024-01-16 00:05:14,59.8,97.4,0.972,1,13.1,supine
2024-01-16 00:05:16,61.9,97.9,0.955,1,13.7,supine
2024-01-16 00:05:18,63.4,97.1,1,0.941,14.2,supine
2024-01-16 00:05:20,64.8,97.5,0.989,0.961,13.3,supine
2024-01-16 00:05:22,61.5,97.8,1,1,13.8,supine
2024-01-16 00:05:24,61.6,98.2,1,0.992,14.3,supine
2024-01-16 00:05:26,63.4,97.8,1,0.929,14.2,supine
2024-01-16 00:05:28,60.2,97.9,0.993,0.966,15.3,supine
2024-01-16 00:05:30,63,98,1,0.967,13.8,supine
2024-01-16 00:05:32,63.3,97.5,1,1,14,supine
2024-01-16 00:05:34,62.1,97.3,1,1,13.7,supine
2024-01-16 00:05:36,63.9,97.2,1,0.974,14.3,supine
2024-01-16 00:05:38,61.5,97.5,1,0.983,13.7,supine
2024-01-16 00:05:40,62.6,97.3,1,1,15,supine
2024-01-16 00:05:42,61.1,97.6,1,1,14,supine
2024-01-16 00:05:44,61.4,97.2,0.978,0.98,13.5,supine
2024-01-16 00:05:46,62.8,98,1,0.929,15,supine
2024-01-16 00:05:48,61.6,97.1,1,1,15.1,supine
2024-01-16 00:05:50,62.8,97.9,0.991,1,14.5,supine
2024-01-16 00:05:52,65.3,97.4,0.96,1,13.6,supine
2024-01-16 00:05:54,61.1,97.8,0.985,0.985,12.9,supine
2024-01-16 00:05:56,61.9,97.4,1,1,13.9,supine
2024-01-16 00:05:58,63.7,97.9,0.953,1,14.9,supine
2024-01-16 00:06:00,60.9,97.4,1,0.975,13.6,supine
2024-01-16 00:06:02,62.1,98.1,1,0.962,13.7,supine
2024-01-16 00:06:04,61.1,97.4,0.993,0.955,13.7,supine
2024-01-16 00:06:06,62.5,97.2,1,0.951,14.4,supine
2024-01-16 00:06:08,65,97.2,1,1,14.4,supine
2024-01-16 00:06:10,61.4,97.7,1,0.988,14.2,supine
2024-01-16 00:06:12,62.5,97,1,1,13.7,supine
2024-01-16 00:06:14,62.5,97.2,1,0.981,14.4,supine
2024-01-16 00:06:16,62.8,97.1,1,1,13.3,supine
2024-01-16 00:06:18,62.9,97.2,1,0.968,13.7,supine
2024-01-16 00:06:20,64,96.8,0.959,0.995,13,supine
2024-01-16 00:06:22,66.7,97.6,1,0.994,13.6,supine
2024-01-16 00:06:24,62.4,97.6,0.957,0.975,14.4,supine
2024-01-16 00:06:26,62.8,97.1,1,1,13.5,supine
2024-01-16 00:06:28,64.9,97.6,0.996,1,13.9,supine
2024-01-16 00:06:30,59.5,97.5,1,1,15,supine
2024-01-16 00:06:32,59,97.4,1,1,13,supine
2024-01-16 00:06:34,58.9,97.8,1,0.99,13.5,supine
2024-01-16 00:06:36,58.9,97,1,0.993,14.1,supine
2024-01-16 00:06:38,64.5,97.2,0.968,1,13.3,supine
2024-01-16 00:06:40,60.7,98.1,1,0.976,13.5,supine
2024-01-16 00:06:42,62,97.8,0.962,0.988,14.1,supine
2024-01-16 00:06:44,59.9,97,1,0.977,13.6,supine
2024-01-16 00:06:46,57.9,97.6,1,0.993,13.7,supine
2024-01-16 00:06:48,61.3,97.8,1,1,14.7,supine
2024-01-16 00:06:50,62,97.7,1,0.983,13.9,supine
2024-01-16 00:06:52,60.5,97.1,0.963,1,13.6,supine
2024-01-16 00:06:54,61.9,97.9,1,1,14,supine
2024-01-16 00:06:56,61.3,97.6,0.978,0.982,13.8,supine
2024-01-16 00:06:58,61.2,97.9,0.964,0.991,13.2,supine
2024-01-16 00:07:00,65.3,98.6,0.962,0.968,12.9,supine
2024-01-16 00:07:02,59.2,97.7,0.96,0.959,13.5,supine
2024-01-16 00:07:04,61,97.4,1,1,12.4,supine
2024-01-16 00:07:06,60.8,97.3,0.993,0.991,13.3,supine
2024-01-16 00:07:08,64.4,97.6,1,1,13.5,supine
2024-01-16 00:07:10,63.3,97.3,0.995,1,14.1,supine
2024-01-16 00:07:12,60.3,97.7,1,0.991,14.2,supine
2024-01-16 00:07:14,60.8,97.4,0.959,0.976,13.5,supine
2024-01-16 00:07:16,62.8,97.6,1,0.967,14.3,supine
2024-01-16 00:07:18,62,97.5,0.969,1,13.5,supine
2024-01-16 00:07:20,62.3,97.8,1,1,14.7,supine
2024-01-16 00:07:22,59.6,97.3,0.994,0.982,13.9,supine
2024-01-16 00:07:24,63.4,97.3,0.999,0.941,13.3,supine
2024-01-16 00:07:26,63.1,97.7,0.963,1,13.9,supine
2024-01-16 00:07:28,61.8,97.5,0.976,1,13.2,supine
2024-01-16 00:07:30,60.9,97.7,0.947,1,14.4,supine
2024-01-16 00:07:32,62.7,97.5,1,1,14.3,supine
2024-01-16 00:07:34,60.5,97.4,0.978,0.984,13.4,supine
2024-01-16 00:07:36,64.2,97.6,1,1,14.4,supine
2024-01-16 00:07:38,63.4,97.3,1,1,14.5,supine
2024-01-16 00:07:40,63.1,97.8,0.998,0.997,14,supine
2024-01-16 00:07:42,60.6,97.5,1,1,14.2,supine
2024-01-16 00:07:44,60.5,97,1,0.974,13.7,supine
2024-01-16 00:07:46,62.3,97.4,1,0.978,14.4,supine
2024-01-16 00:07:48,60.2,97.4,1,1,13.9,supine
2024-01-16 00:07:50,62.9,97,1,0.959,13.7,supine
2024-01-16 00:07:52,59.7,97.3,0.972,0.991,13.7,supine
2024-01-16 00:07:54,61.3,97.5,1,0.98,13.8,supine
2024-01-16 00:07:56,61.5,97.4,1,0.997,13.9,supine
2024-01-16 00:07:58,61.4,97.2,1,1,14.9,supine
2024-01-16 00:08:00,63,97.5,0.978,1,14.1,supine
2024-01-16 00:08:02,64.5,96.9,1,1,14.3,supine
2024-01-16 00:08:04,64,98.1,0.979,1,13.3,supine
2024-01-16 00:08:06,63.3,98,1,0.972,14.4,supine
2024-01-16 00:08:08,63.7,97.4,1,1,14.1,supine
2024-01-16 00:08:10,60.4,97.7,0.985,1,14,supine
2024-01-16 00:08:12,61.8,97.1,0.972,0.955,13,supine
2024-01-16 00:08:14,63.9,98.3,1,1,14.4,supine
2024-01-16 00:08:16,62.9,97.9,0.975,1,14.2,supine
2024-01-16 00:08:18,61.8,97.4,1,1,14.8,supine
2024-01-16 00:08:20,59.7,97.1,1,0.975,14,supine
2024-01-16 00:08:22,64,97,1,0.991,14.6,supine
2024-01-16 00:08:24,61.9,98.2,1,1,13.6,supine
2024-01-16 00:08:26,61.6,97.4,1,0.985,13.2,supine
2024-01-16 00:08:28,61.7,97.8,1,0.993,13.9,supine
2024-01-16 00:08:30,63.7,97.8,0.929,0.98,13.7,supine
2024-01-16 00:08:32,64.3,97.6,1,0.957,14.4,supine
2024-01-16 00:08:34,64.4,97.7,0.985,0.955,13.4,supine
2024-01-16 00:08:36,61.6,97.4,0.988,1,14.4,supine
2024-01-16 00:08:38,61.3,97,0.976,0.999,14.2,supine
2024-01-16 00:08:40,61.1,97.5,1,0.976,14.2,supine
2024-01-16 00:08:42,63.4,97.2,1,1,13.5,supine
2024-01-16 00:08:44,62.5,97.5,1,1,13,supine
2024-01-16 00:08:46,60.7,97.7,1,1,13.6,supine
2024-01-16 00:08:48,60.9,97,0.98,1,13.9,supine
2024-01-16 00:08:50,61.6,97.7,1,0.995,13.7,supine
2024-01-16 00:08:52,63.6,98,1,0.978,14.6,supine
2024-01-16 00:08:54,61.8,96.9,0.996,0.967,14.3,supine
2024-01-16 00:08:56,61.9,97.6,1,0.984,14.2,supine
2024-01-16 00:08:58,63.3,97.7,1,1,14.4,supine
2024-01-16 00:09:00,62.9,97.5,0.981,1,13.5,supine
2024-01-16 00:09:02,62.6,97.7,0.967,1,13.5,supine
2024-01-16 00:09:04,59.7,97.4,1,0.941,14,supine
2024-01-16 00:09:06,62.6,97.3,1,0.968,13.9,supine
2024-01-16 00:09:08,61.2,97.5,0.999,1,14.8,supine
2024-01-16 00:09:10,61.9,97.9,0.972,1,13.3,supine
2024-01-16 00:09:12,62.1,97.5,1,1,13.9,supine
2024-01-16 00:09:14,63.5,97.5,0.993,1,13.3,supine
2024-01-16 00:09:16,62.8,97.9,1,1,14.6,supine
2024-01-16 00:09:18,61,97.3,1,0.985,13.8,supine
2024-01-16 00:09:20,62,97.3,0.98,0.961,14.3,supine
2024-01-16 00:09:22,61.6,97.3,1,1,14.4,supine
2024-01-16 00:09:24,61.4,97.6,0.973,1,13.9,supine
2024-01-16 00:09:26,61.6,97.5,0.947,0.986,14.2,supine
2024-01-16 00:09:28,63.5,97.5,1,1,13.4,supine
2024-01-16 00:09:30,59.7,96.7,1,1,13.1,supine
2024-01-16 00:09:32,61.3,97.7,0.909,0.96,13.2,supine
2024-01-16 00:09:34,61.7,98,0.953,0.975,13.6,supine
2024-01-16 00:09:36,62,97.8,0.976,0.986,14.5,supine
2024-01-16 00:09:38,64.7,98,0.971,1,14.6,supine
2024-01-16 00:09:40,62.4,97.4,0.974,0.983,14.1,supine
2024-01-16 00:09:42,60.7,97.7,1,1,13.2,supine
2024-01-16 00:09:44,61.3,97.5,1,1,14.5,supine
2024-01-16 00:09:46,65.5,97.4,0.978,1,14.4,supine
2024-01-16 00:09:48,61.4,96.9,0.965,1,14.3,supine
2024-01-16 00:09:50,62.6,97.8,0.98,0.983,14.6,supine
2024-01-16 00:09:52,63.9,97.5,0.949,1,13.4,supine
2024-01-16 00:09:54,58.4,97,1,1,14.9,supine
2024-01-16 00:09:56,63.6,97.6,1,1,13.9,supine
2024-01-16 00:09:58,57.5,97.8,0.999,1,14.3,supine
2024-01-16 00:10:00,62.4,97.3,0.993,1,14.6,supine
2024-01-16 00:10:02,60.5,97.4,1,0.956,13.7,supine
2024-01-16 00:10:04,62.2,97.3,1,1,13.5,supine
2024-01-16 00:10:06,62.7,97.6,0.98,0.981,14,supine
2024-01-16 00:10:08,60.7,97.6,1,0.985,13.5,supine
2024-01-16 00:10:10,61.6,97.4,1,1,13.7,supine
2024-01-16 00:10:12,63.2,97.1,0.953,0.971,13.8,supine
2024-01-16 00:10:14,62.1,97.5,0.951,0.933,13.6,supine
2024-01-16 00:10:16,64.8,97.8,1,0.995,14.3,supine
2024-01-16 00:10:18,62.5,97.9,1,1,14.9,supine
2024-01-16 00:10:20,58.4,97.8,1,1,13.9,supine
2024-01-16 00:10:22,62,97.7,1,1,14.2,supine
2024-01-16 00:10:24,59.9,98,0.995,0.978,14.4,supine
2024-01-16 00:10:26,64.8,97.8,0.991,1,13.7,supine
2024-01-16 00:10:28,62.4,97.5,0.979,0.993,13.7,supine
2024-01-16 00:10:30,59.6,97.7,1,0.992,14.2,supine
2024-01-16 00:10:32,61.1,97.5,1,0.997,13.7,supine
2024-01-16 00:10:34,59.7,97.8,0.998,1,13.4,supine
2024-01-16 00:10:36,64.2,97.6,1,1,15,supine
2024-01-16 00:10:38,64.2,97,0.975,0.985,14.1,supine
2024-01-16 00:10:40,59.2,97.4,0.967,1,14.3,supine
2024-01-16 00:10:42,61.1,97.7,1,1,14.8,supine
2024-01-16 00:10:44,62,97.1,1,1,13.6,supine
2024-01-16 00:10:46,62.2,97.9,0.973,1,14.8,supine
2024-01-16 00:10:48,62.7,97.7,1,0.959,14.7,supine
2024-01-16 00:10:50,63.6,97.2,0.96,1,13.3,supine
2024-01-16 00:10:52,62.3,97.6,1,0.996,14.5,supine
2024-01-16 00:10:54,62.4,97.6,0.96,0.975,13.5,supine
2024-01-16 00:10:56,60.7,97.8,0.933,1,13.9,supine
2024-01-16 00:10:58,61.9,97.7,0.992,0.989,14.2,supine
2024-01-16 00:11:00,63.5,97.5,1,0.955,15,supine
2024-01-16 00:11:02,63.1,97.9,0.989,0.956,14.1,supine
2024-01-16 00:11:04,61.9,97.3,0.993,0.995,13.7,supine
2024-01-16 00:11:06,62.4,97.5,1,0.968,14.1,supine
2024-01-16 00:11:08,60.3,97.5,1,1,13.7,supine
2024-01-16 00:11:10,61.8,97.9,1,1,14.6,supine
2024-01-16 00:11:12,60,97.1,0.974,1,14.2,supine
2024-01-16 00:11:14,59,97.6,1,1,13.7,supine
2024-01-16 00:11:16,61.1,97.2,1,0.933,14.5,supine
2024-01-16 00:11:18,61.9,98.2,1,1,12.8,supine
2024-01-16 00:11:20,65.1,97.6,1,0.983,14.3,supine
2024-01-16 00:11:22,63.7,97.2,0.955,0.992,13.1,supine
2024-01-16 00:11:24,60.8,97.4,0.993,1,13.8,supine
2024-01-16 00:11:26,61.3,98,0.999,1,13,supine
2024-01-16 00:11:28,64.3,97.2,1,0.977,13.4,supine
2024-01-16 00:11:30,62.8,97.8,1,0.963,13.7,supine
2024-01-16 00:11:32,59.8,97.3,0.982,0.949,14.4,supine
2024-01-16 00:11:34,63.8,97.7,1,1,14.3,supine
2024-01-16 00:11:36,60.4,97.4,1,0.951,13.1,supine
2024-01-16 00:11:38,60.5,97.4,1,1,13.3,supine
2024-01-16 00:11:40,61.4,97.3,1,0.987,13.9,supine
2024-01-16 00:11:42,60.5,97.2,0.986,1,13.6,supine
2024-01-16 00:11:44,60,97.5,1,1,13.2,supine
2024-01-16 00:11:46,61.1,97.5,0.959,0.927,14.3,supine
2024-01-16 00:11:48,61.7,97.1,0.963,0.992,13.2,supine
2024-01-16 00:11:50,62.1,97.7,1,1,14.5,supine
2024-01-16 00:11:52,62.7,97.4,1,0.993,13.6,supine
2024-01-16 00:11:54,61.4,98,0.986,1,14.8,supine
2024-01-16 00:11:56,60.3,97.4,0.978,1,15.5,supine
2024-01-16 00:11:58,62.2,97.8,0.986,1,13.8,supine
2024-01-16 00:12:00,62,97.2,1,1,14,supine
2024-01-16 00:12:02,63.8,97.3,1,0.965,14.1,supine
2024-01-16 00:12:04,60.9,97.5,0.959,1,13.9,supine
2024-01-16 00:12:06,61.1,97.6,1,0.984,13.9,supine
2024-01-16 00:12:08,64.5,97.6,0.967,0.987,13.3,supine
2024-01-16 00:12:10,63,97.5,1,0.958,14.2,supine
2024-01-16 00:12:12,63.1,97.3,1,0.988,13.9,supine
2024-01-16 00:12:14,62.7,97.8,0.967,0.975,13.9,supine
2024-01-16 00:12:16,59.5,97.7,1,1,13.9,supine
2024-01-16 00:12:18,58.9,97.9,1,0.977,13.9,supine
2024-01-16 00:12:20,63.4,97.8,1,1,13.9,supine
2024-01-16 00:12:22,64.9,97.3,1,0.969,14.4,supine
2024-01-16 00:12:24,61,97.9,1,0.974,14.3,supine
2024-01-16 00:12:26,61.9,97.3,0.996,0.993,14.4,supine
2024-01-16 00:12:28,60.6,97.3,1,1,14.1,supine
2024-01-16 00:12:30,58.9,97.3,1,1,14.7,supine
2024-01-16 00:12:32,61.6,97.6,0.97,0.991,14.5,supine
2024-01-16 00:12:34,62.6,97.8,0.975,1,13.3,supine
2024-01-16 00:12:36,62.3,97.1,1,0.983,14.9,supine
2024-01-16 00:12:38,62.9,97.3,0.975,1,14,supine
2024-01-16 00:12:40,62.5,97.2,0.996,0.977,14.2,supine
2024-01-16 00:12:42,62.4,97.3,1,1,15,supine
2024-01-16 00:12:44,61.1,97.5,0.972,1,13.3,supine
2024-01-16 00:12:46,61.2,97.7,1,1,14.3,supine
2024-01-16 00:12:48,61,97.3,0.981,0.969,14.7,supine
2024-01-16 00:12:50,59.4,97.5,1,0.962,13.8,supine
2024-01-16 00:12:52,60.4,97.3,1,1,14.2,supine
2024-01-16 00:12:54,63.5,97.8,0.972,0.996,13.5,supine
2024-01-16 00:12:56,58.4,97,1,1,12.5,supine
2024-01-16 00:12:58,62.4,97.8,0.984,0.975,13.9,supine
2024-01-16 00:13:00,62.2,97.3,0.956,1,14.1,supine
2024-01-16 00:13:02,61,97.1,1,0.992,13.9,supine
2024-01-16 00:13:04,61.1,97.4,1,1,14.7,supine
2024-01-16 00:13:06,61,97.4,1,1,13.9,supine
2024-01-16 00:13:08,62.2,97.5,0.907,1,13.6,supine
2024-01-16 00:13:10,62.8,97,1,1,13.6,supine
2024-01-16 00:13:12,62.5,97.8,1,1,14.1,supine
2024-01-16 00:13:14,63.3,97.1,0.957,0.949,14.2,supine
2024-01-16 00:13:16,60.6,97.2,0.963,0.985,14.3,supine
2024-01-16 00:13:18,63.6,97.8,1,1,14.6,supine
2024-01-16 00:13:20,62.7,97.9,1,0.98,13.7,supine
2024-01-16 00:13:22,60.7,97.4,0.976,0.931,13.2,supine
2024-01-16 00:13:24,61.8,97.1,0.987,0.955,14,supine
2024-01-16 00:13:26,61.8,97.4,1,1,13.9,supine
2024-01-16 00:13:28,62.8,97.6,1,0.963,14,supine
2024-01-16 00:13:30,61,97.2,1,1,14.9,supine
2024-01-16 00:13:32,60.4,96.9,1,0.986,14.2,supine
2024-01-16 00:13:34,62.3,97.4,0.995,0.968,14,supine
2024-01-16 00:13:36,62.4,98,0.968,0.975,13.4,supine
2024-01-16 00:13:38,61.5,97.7,0.999,1,13.5,supine
2024-01-16 00:13:40,64.1,97.5,1,1,14.9,supine
2024-01-16 00:13:42,63.9,97.7,0.954,1,13.6,supine
2024-01-16 00:13:44,60.6,97.2,0.984,1,13.3,supine
2024-01-16 00:13:46,62.5,97.6,0.942,1,14,supine
2024-01-16 00:13:48,62.2,97.5,1,0.989,14.1,supine
2024-01-16 00:13:50,59.3,97.7,0.989,0.992,13.9,supine
2024-01-16 00:13:52,62.3,98.1,1,1,14.2,supine
2024-01-16 00:13:54,61.2,97.2,0.964,1,14,supine
2024-01-16 00:13:56,63.8,97.7,1,0.962,13.2,supine
2024-01-16 00:13:58,61.5,97.4,0.987,0.962,13.2,supine
2024-01-16 00:14:00,60,97.1,1,0.979,14,supine
2024-01-16 00:14:02,62.8,97.8,0.92,1,13.6,supine
2024-01-16 00:14:04,59.1,97.6,0.992,1,13.7,supine
2024-01-16 00:14:06,60.7,98.1,1,1,14.9,supine
2024-01-16 00:14:08,62.7,97.8,1,0.979,13.5,supine
2024-01-16 00:14:10,61.3,97.8,0.905,1,14.1,supine
2024-01-16 00:14:12,63.7,97.7,0.972,0.994,13.3,supine
2024-01-16 00:14:14,63.9,97.6,1,1,13.8,supine
2024-01-16 00:14:16,60.3,97.2,1,1,14.5,supine
2024-01-16 00:14:18,59.7,97.6,1,0.998,13.4,supine
2024-01-16 00:14:20,63.8,97.6,0.951,1,14.5,supine
2024-01-16 00:14:22,63.3,97.8,1,1,12.9,supine
2024-01-16 00:14:24,61.1,97.2,0.999,1,14.1,supine
2024-01-16 00:14:26,63.3,98.2,1,0.957,14.9,supine
2024-01-16 00:14:28,62.2,97.4,0.989,0.985,14,supine
2024-01-16 00:14:30,62.5,97.7,1,1,14.6,supine
2024-01-16 00:14:32,63.9,97.9,1,1,14,supine
2024-01-16 00:14:34,63.3,97.9,1,0.98,14,supine
2024-01-16 00:14:36,61.3,98,1,0.961,13.7,supine
2024-01-16 00:14:38,59.9,97.8,0.962,0.989,12.5,supine
2024-01-16 00:14:40,60.2,98.2,1,1,13.9,supine
2024-01-16 00:14:42,60.7,97.2,1,0.992,14.3,supine
2024-01-16 00:14:44,61.9,97.4,0.978,1,14.2,supine
2024-01-16 00:14:46,62.6,97.9,0.989,0.985,14.7,supine
2024-01-16 00:14:48,63.3,97.3,1,1,14.2,supine
2024-01-16 00:14:50,62.6,97.1,1,1,14,supine
2024-01-16 00:14:52,61.1,97.4,0.94,1,14.1,supine
2024-01-16 00:14:54,63.3,97.2,1,1,13.8,supine
2024-01-16 00:14:56,60.8,97.9,1,0.995,13.5,supine
2024-01-16 00:14:58,58.7,98.2,0.979,1,14.1,supine
2024-01-16 00:15:00,60.6,97.4,1,1,13,supine
2024-01-16 00:15:02,59.6,97.4,0.978,1,14.1,supine
2024-01-16 00:15:04,61.7,97,1,0.999,14.4,supine
2024-01-16 00:15:06,63,97.5,1,1,13.8,supine
2024-01-16 00:15:08,63,97.2,0.967,0.952,13.9,supine
2024-01-16 00:15:10,60.2,97.3,1,0.975,14.3,supine
2024-01-16 00:15:12,61.1,97.8,0.965,0.967,13.7,supine
2024-01-16 00:15:14,61.7,97.8,1,1,14.7,supine
2024-01-16 00:15:16,61.4,97.8,0.99,1,14.2,supine
2024-01-16 00:15:18,62.5,97.3,1,0.983,13.8,supine
2024-01-16 00:15:20,61.3,98.6,0.998,0.998,13.8,supine
2024-01-16 00:15:22,62.7,97.5,1,0.966,13.8,supine
2024-01-16 00:15:24,63.8,97.3,1,0.992,13.1,supine
2024-01-16 00:15:26,59.9,97.8,1,0.997,14.4,supine
2024-01-16 00:15:28,61.9,97.3,1,0.995,13.2,supine
2024-01-16 00:15:30,62.3,97.4,0.904,1,13.9,supine
2024-01-16 00:15:32,62.8,97.3,1,0.996,12.7,supine
2024-01-16 00:15:34,63.1,97.1,0.992,0.993,14.3,supine
2024-01-16 00:15:36,62.3,97.8,1,1,14.4,supine
2024-01-16 00:15:38,61.7,97,1,1,14,supine
2024-01-16 00:15:40,60.4,97.2,1,1,13.1,supine
2024-01-16 00:15:42,59.3,97.6,1,0.999,13.5,supine
2024-01-16 00:15:44,62.6,97.2,0.983,1,13.7,supine
2024-01-16 00:15:46,61.8,97.3,1,0.989,13.6,supine
2024-01-16 00:15:48,62.6,98.1,0.921,1,14.2,supine
2024-01-16 00:15:50,64.1,97.5,0.952,1,14.3,supine
2024-01-16 00:15:52,63.3,97.5,0.982,1,14.3,supine
2024-01-16 00:15:54,61.9,97.9,1,1,13.9,supine
2024-01-16 00:15:56,60.5,97.8,1,1,14.1,supine
2024-01-16 00:15:58,61.2,97.6,0.957,0.997,13.9,supine
2024-01-16 00:16:00,60.4,97.5,0.968,0.981,13.4,supine
2024-01-16 00:16:02,60.7,97.3,1,0.975,12.8,supine
2024-01-16 00:16:04,63.2,97.2,1,1,15,supine
2024-01-16 00:16:06,63.3,97.9,1,0.995,13.5,supine
2024-01-16 00:16:08,64.2,97.1,0.981,1,13.3,supine
2024-01-16 00:16:10,61.1,97.4,1,1,13.3,supine
2024-01-16 00:16:12,63.2,97.5,1,1,14.4,supine
2024-01-16 00:16:14,60.9,97.3,0.984,0.978,14.3,supine
2024-01-16 00:16:16,60.2,97.7,0.991,0.997,13.2,supine
2024-01-16 00:16:18,61.2,97.6,0.988,1,13.5,supine
2024-01-16 00:16:20,62.3,97.5,0.996,1,14,supine
2024-01-16 00:16:22,62,97.8,1,1,14.1,supine
2024-01-16 00:16:24,61.7,97.3,0.942,1,13.5,supine
2024-01-16 00:16:26,63.5,97.6,0.986,1,14.9,supine
2024-01-16 00:16:28,61.3,97.4,1,0.992,13.3,supine
2024-01-16 00:16:30,61.1,97.4,1,1,14.4,supine
2024-01-16 00:16:32,62.8,97.9,0.982,0.969,14.2,supine
2024-01-16 00:16:34,62,97.6,1,1,14.7,supine
2024-01-16 00:16:36,61.6,97.2,0.947,0.971,13.9,supine
2024-01-16 00:16:38,62.6,97.3,1,0.973,13.7,supine
2024-01-16 00:16:40,61.7,97.3,0.972,0.974,13.7,supine
2024-01-16 00:16:42,64.5,97.5,0.985,0.994,14.3,supine
2024-01-16 00:16:44,60.4,97.6,0.965,0.961,13,supine
2024-01-16 00:16:46,61.5,97.6,0.953,0.971,14.8,supine
2024-01-16 00:16:48,63,97.7,1,1,13.3,supine
2024-01-16 00:16:50,62.1,98,1,1,13.9,supine
2024-01-16 00:16:52,64.2,97.5,0.952,1,13.6,supine
2024-01-16 00:16:54,62.1,97.7,0.972,0.97,14.2,supine
2024-01-16 00:16:56,63.7,98,0.991,1,14.2,supine
2024-01-16 00:16:58,62,97.5,0.99,0.99,14.5,supine
2024-01-16 00:17:00,61.3,97.5,0.965,1,13.8,supine
2024-01-16 00:17:02,60.7,97.1,0.973,0.983,14.1,supine
2024-01-16 00:17:04,62.5,97.4,0.977,1,13.4,supine
2024-01-16 00:17:06,61,97.4,1,1,13.9,supine
2024-01-16 00:17:08,63.6,97.4,1,0.96,13.4,supine
2024-01-16 00:17:10,59.7,97,0.973,1,14,supine
2024-01-16 00:17:12,62.6,97.8,0.975,0.995,13.7,supine
2024-01-16 00:17:14,61,97.6,1,1,13.8,supine
2024-01-16 00:17:16,62.8,97.6,1,0.972,14.1,supine
2024-01-16 00:17:18,59,97.6,1,1,14.1,supine
2024-01-16 00:17:20,63.2,97.7,0.981,0.97,14.3,supine
2024-01-16 00:17:22,61.7,97.3,0.97,0.982,13.9,supine
2024-01-16 00:17:24,63,97.3,0.994,1,14.7,supine
2024-01-16 00:17:26,59.9,97.8,1,1,14.7,supine
2024-01-16 00:17:28,59.6,97.2,0.978,1,14.2,supine
2024-01-16 00:17:30,61.6,97.6,1,1,14.3,supine
2024-01-16 00:17:32,62.1,97.2,1,0.987,14.3,supine
2024-01-16 00:17:34,63.1,97.2,1,1,14.3,supine
2024-01-16 00:17:36,61.5,97.3,1,1,14.5,supine
2024-01-16 00:17:38,62.4,97.5,1,1,13.1,supine
2024-01-16 00:17:40,64.2,97.8,1,1,13.7,supine
2024-01-16 00:17:42,61.2,97.2,1,1,14.3,supine
2024-01-16 00:17:44,63.1,98,1,0.977,14.4,supine
2024-01-16 00:17:46,61,97.9,1,1,14,supine
2024-01-16 00:17:48,60.7,97.6,0.982,0.971,14.7,supine
2024-01-16 00:17:50,63,97.6,1,1,14.5,supine
2024-01-16 00:17:52,62.7,97.4,0.984,0.994,14.6,supine
2024-01-16 00:17:54,63.2,97.6,1,1,13.2,supine
2024-01-16 00:17:56,63,97.7,0.99,0.954,13.6,supine
2024-01-16 00:17:58,63.3,97.5,1,1,14.1,supine
2024-01-16 00:18:00,61.7,97.5,1,1,13.9,supine
2024-01-16 00:18:02,64.2,97.4,0.97,1,13.9,supine
2024-01-16 00:18:04,60.4,97.8,1,1,14.2,supine
2024-01-16 00:18:06,60.8,97.6,1,0.974,14.3,supine
2024-01-16 00:18:08,59.8,97.5,0.976,0.982,14.6,supine
2024-01-16 00:18:10,61.9,97.9,1,0.998,15.7,supine
2024-01-16 00:18:12,63.4,97.7,1,0.966,14.8,supine
2024-01-16 00:18:14,61.7,97.6,0.954,1,14.5,supine
2024-01-16 00:18:16,62.8,97.6,1,1,13.3,supine
2024-01-16 00:18:18,62.2,97.4,0.971,1,14.5,supine
2024-01-16 00:18:20,60.5,97.3,0.985,1,14.5,supine
2024-01-16 00:18:22,63,96.9,0.997,1,14.5,supine
2024-01-16 00:18:24,62.9,97.1,0.97,1,13.5,supine
2024-01-16 00:18:26,64.1,97.6,1,0.945,14.1,supine
2024-01-16 00:18:28,63.4,98.1,0.99,0.989,13.6,supine
2024-01-16 00:18:30,61.1,97.5,0.996,1,14.3,supine
2024-01-16 00:18:32,62.6,98,0.981,1,12.8,supine
2024-01-16 00:18:34,62.1,97.4,1,0.96,13.8,supine
2024-01-16 00:18:36,65.6,97.5,1,0.995,14,supine
2024-01-16 00:18:38,63.1,98.1,0.993,0.965,13.6,supine
2024-01-16 00:18:40,63.5,96.8,1,0.967,14.7,supine
2024-01-16 00:18:42,62,97.9,1,1,13.3,supine
2024-01-16 00:18:44,61.9,97.7,1,0.916,13.8,supine
2024-01-16 00:18:46,62.3,97.5,1,1,13,supine
2024-01-16 00:18:48,64.4,97.7,1,0.963,13.5,supine
2024-01-16 00:18:50,60.2,97.5,1,0.982,14.5,supine
2024-01-16 00:18:52,60.4,97.5,0.969,1,14.3,supine
2024-01-16 00:18:54,62.4,97.8,0.993,0.996,13.9,supine
2024-01-16 00:18:56,60.8,97.6,1,1,14.1,supine
2024-01-16 00:18:58,60,97.8,0.992,0.945,14,supine
2024-01-16 00:19:00,62.8,97.2,0.988,0.973,13.8,supine
2024-01-16 00:19:02,62,97.4,0.977,0.976,13.4,supine
2024-01-16 00:19:04,64.4,97.9,1,1,14.1,supine
2024-01-16 00:19:06,62.2,97.7,0.996,1,14,supine
2024-01-16 00:19:08,60.7,98,1,1,14.3,supine
2024-01-16 00:19:10,63.7,98,1,0.931,14.2,supine
2024-01-16 00:19:12,61.6,97.5,1,0.959,14.1,supine
2024-01-16 00:19:14,61.2,97.1,1,0.965,12.8,supine
2024-01-16 00:19:16,59.8,97.7,0.986,1,13.8,supine
2024-01-16 00:19:18,61,97.7,1,0.967,14.2,supine
2024-01-16 00:19:20,60.1,97.8,0.944,1,14.4,supine
2024-01-16 00:19:22,63,97.2,0.996,0.985,13.4,supine
2024-01-16 00:19:24,60.5,97.7,0.993,1,13.4,supine
2024-01-16 00:19:26,60.2,97.8,0.97,0.951,14.2,supine
2024-01-16 00:19:28,63.5,97.4,1,0.99,13.5,supine
2024-01-16 00:19:30,62,96.7,0.961,0.962,14.1,supine
2024-01-16 00:19:32,63,97.4,1,0.989,13.7,supine
2024-01-16 00:19:34,58.5,97.3,1,0.968,14,supine
2024-01-16 00:19:36,62,97.4,0.995,0.985,14.3,supine
2024-01-16 00:19:38,60.4,97.4,0.97,0.975,13.1,supine
2024-01-16 00:19:40,62.4,97.3,0.926,0.961,14.6,supine
2024-01-16 00:19:42,59.5,97.3,0.95,1,13.6,supine
2024-01-16 00:19:44,66.1,97.4,1,0.988,14.3,supine
2024-01-16 00:19:46,63.1,97.2,1,0.976,14.3,supine
2024-01-16 00:19:48,58.9,97.9,0.963,0.992,14,supine
2024-01-16 00:19:50,61.6,97.5,1,0.962,15,supine
2024-01-16 00:19:52,61.8,97.8,1,0.962,14.3,supine
2024-01-16 00:19:54,61.8,97.5,1,0.993,13.4,supine
2024-01-16 00:19:56,62.7,97.6,0.966,1,14,supine
2024-01-16 00:19:58,58.9,97.3,1,0.962,13.7,supine
2024-01-16 00:20:00,62.8,97.8,0.161,0.645,7.8,supine
2024-01-16 00:20:02,59.9,98.3,0.212,0.671,8.4,supine
2024-01-16 00:20:04,61.6,97.2,0.289,0.657,7.1,supine
2024-01-16 00:20:06,60.9,98.2,0.292,0.722,6.1,supine
2024-01-16 00:20:08,64.1,97.2,0.538,0.551,7.2,supine
2024-01-16 00:20:10,63.1,97.4,0.337,0.633,6,supine
2024-01-16 00:20:12,63,97,0.419,0.649,9.2,supine
2024-01-16 00:20:14,62.5,97.2,0.986,0.965,13.6,supine
2024-01-16 00:20:16,64,96.8,0.986,1,14.7,supine
2024-01-16 00:20:18,62.9,95.9,0.997,1,14.1,supine
2024-01-16 00:20:20,61.8,95.5,0.994,0.99,14.4,supine
2024-01-16 00:20:22,60.7,95.1,0.994,1,14.2,supine
2024-01-16 00:20:24,61.9,95.2,1,0.937,13.4,supine
2024-01-16 00:20:26,62.1,97.5,0.947,1,14.2,supine
2024-01-16 00:20:28,63.4,97.5,0.991,0.984,13.5,supine
2024-01-16 00:20:30,63.3,97.5,0.993,1,13.6,supine
2024-01-16 00:20:32,62.9,97.6,1,0.99,13.8,supine
2024-01-16 00:20:34,59.1,97.5,0.977,1,14.4,supine
2024-01-16 00:20:36,61.3,97.3,1,1,13.9,supine
2024-01-16 00:20:38,64,97.9,1,0.984,14.4,supine
2024-01-16 00:20:40,60.8,97.7,0.974,1,13.6,supine
2024-01-16 00:20:42,63,97.2,0.968,1,14.5,supine
2024-01-16 00:20:44,63.7,97.9,0.984,0.96,13.8,supine
2024-01-16 00:20:46,58.7,98.2,1,1,14.4,supine
2024-01-16 00:20:48,61.2,97.2,0.959,0.967,14.5,supine
2024-01-16 00:20:50,58.1,97.5,0.983,0.963,14.3,supine
2024-01-16 00:20:52,62.8,97.9,0.939,1,14.7,supine
2024-01-16 00:20:54,63.8,97.1,0.979,1,14.3,supine
2024-01-16 00:20:56,63.3,97.3,1,1,14.7,supine
2024-01-16 00:20:58,62.2,97.8,1,0.997,14.9,supine
2024-01-16 00:21:00,61.3,97.9,0.984,1,14.4,supine
2024-01-16 00:21:02,61,97.7,0.973,1,14.4,supine
2024-01-16 00:21:04,61.9,97.6,1,0.962,13.8,supine
2024-01-16 00:21:06,62.3,97.9,1,1,14.7,supine
2024-01-16 00:21:08,62.2,97.4,0.985,1,13.2,supine
2024-01-16 00:21:10,66.6,97.3,0.959,1,13.7,supine
2024-01-16 00:21:12,60.1,97.1,1,0.989,13.7,supine
2024-01-16 00:21:14,61.1,97.6,0.988,0.945,14.4,supine
2024-01-16 00:21:16,60,97.4,0.982,1,13.5,supine
2024-01-16 00:21:18,61,98,0.997,0.999,14.1,supine
2024-01-16 00:21:20,63.5,97.4,1,0.974,14.1,supine
2024-01-16 00:21:22,60.7,97.3,0.958,1,14.3,supine
2024-01-16 00:21:24,62.9,97.6,0.959,1,14,supine
2024-01-16 00:21:26,60.8,97.5,1,0.993,13.1,supine
2024-01-16 00:21:28,62.3,97.7,0.975,0.986,13.2,supine
2024-01-16 00:21:30,60.8,97.6,0.975,1,13.9,supine
2024-01-16 00:21:32,61.1,97.1,0.995,0.996,13.3,supine
2024-01-16 00:21:34,60.4,97.9,0.975,1,13.4,supine
2024-01-16 00:21:36,59.5,97,0.984,0.954,14.6,supine
2024-01-16 00:21:38,63,97.2,1,1,13.2,supine
2024-01-16 00:21:40,61.4,97.8,1,0.994,14.2,supine
2024-01-16 00:21:42,60.5,97,1,1,14.3,supine
2024-01-16 00:21:44,63,97.5,0.955,1,14,supine
2024-01-16 00:21:46,61.3,97.6,1,1,14.5,supine
2024-01-16 00:21:48,62.4,97.7,0.987,1,13.6,supine
2024-01-16 00:21:50,61.2,97.6,1,0.993,13.8,supine
2024-01-16 00:21:52,63.2,97.1,1,1,13,supine
2024-01-16 00:21:54,60.1,97.3,1,0.963,14.1,supine
2024-01-16 00:21:56,63.6,97.8,1,1,13.5,supine
2024-01-16 00:21:58,64,97.6,1,0.961,13.9,supine
2024-01-16 00:22:00,64.5,96.8,0.979,1,14.3,supine
2024-01-16 00:22:02,62.9,97.5,1,1,13.7,supine
2024-01-16 00:22:04,62.7,97.3,0.963,0.965,14.2,supine
2024-01-16 00:22:06,61.3,97.7,1,1,14.4,supine
2024-01-16 00:22:08,60.1,97.8,1,0.975,14.1,supine
2024-01-16 00:22:10,63.6,97.3,0.967,1,13.1,supine
2024-01-16 00:22:12,64.3,97.5,1,1,14.1,supine
2024-01-16 00:22:14,61.3,97.8,1,0.968,15.1,supine
2024-01-16 00:22:16,62,97.4,0.968,1,14.2,supine
2024-01-16 00:22:18,63.5,97.4,1,0.98,13.5,supine
2024-01-16 00:22:20,62.9,97.6,1,0.992,13.8,supine
2024-01-16 00:22:22,62.1,96.9,1,0.985,14.1,supine
2024-01-16 00:22:24,64.6,97.2,0.939,0.992,14,supine
2024-01-16 00:22:26,60.9,97.4,1,1,13.6,supine
2024-01-16 00:22:28,61.4,97.7,0.997,1,14.4,supine
2024-01-16 00:22:30,62.4,97.5,0.998,0.988,13.6,supine
2024-01-16 00:22:32,63.2,98,0.959,1,14.5,supine
2024-01-16 00:22:34,62.5,97.4,0.933,0.956,14.1,supine
2024-01-16 00:22:36,61.7,96.9,1,1,14.2,supine
2024-01-16 00:22:38,61.9,98.2,0.992,0.991,14.6,supine
2024-01-16 00:22:40,61.5,97.3,1,0.999,14.2,supine
2024-01-16 00:22:42,61.8,97.5,1,0.957,14.1,supine
2024-01-16 00:22:44,61,97.4,1,0.94,13.1,supine
2024-01-16 00:22:46,60.6,97.5,0.987,1,14,supine
2024-01-16 00:22:48,61.6,97.6,1,0.966,14.2,supine
2024-01-16 00:22:50,64.3,97.3,0.964,0.982,13.6,supine
2024-01-16 00:22:52,60.5,97.2,0.973,1,13.8,supine
2024-01-16 00:22:54,59.8,97.1,0.977,1,14.1,supine
2024-01-16 00:22:56,64.1,97.4,1,0.993,14.9,supine
2024-01-16 00:22:58,62.6,97.2,1,0.974,14,supine
2024-01-16 00:23:00,60.2,97.5,1,0.98,13.6,supine
2024-01-16 00:23:02,62.4,97.5,0.986,1,14.5,supine
2024-01-16 00:23:04,62.8,97,1,0.957,13.6,supine
2024-01-16 00:23:06,61.7,97.3,0.986,1,14.2,supine
2024-01-16 00:23:08,62.3,97.7,0.965,0.996,14.4,supine
2024-01-16 00:23:10,58.9,97.9,1,0.992,14.1,supine
2024-01-16 00:23:12,61.8,97.1,1,0.973,14.9,supine
2024-01-16 00:23:14,61,97.7,1,0.968,14.3,supine
2024-01-16 00:23:16,63.1,97.4,1,0.98,14.6,supine
2024-01-16 00:23:18,63.2,97,0.977,0.996,14.2,supine
2024-01-16 00:23:20,61.4,97.1,1,1,14.4,supine
2024-01-16 00:23:22,59.3,98.1,0.983,1,13.8,supine
2024-01-16 00:23:24,63.1,97.2,0.999,1,14.3,supine
2024-01-16 00:23:26,63.6,97.4,0.964,0.99,13.3,supine
2024-01-16 00:23:28,60.9,98,0.948,1,13.7,supine
2024-01-16 00:23:30,64.4,98,0.964,0.964,13.6,supine
2024-01-16 00:23:32,62,97.4,1,0.99,13.9,supine
2024-01-16 00:23:34,62.1,97.4,1,0.972,13.4,supine
2024-01-16 00:23:36,58.8,97.4,1,0.984,14.6,supine
2024-01-16 00:23:38,62.2,97,0.968,0.954,13.6,supine
2024-01-16 00:23:40,61.9,97.6,0.983,0.999,14.1,supine
2024-01-16 00:23:42,61.7,98.2,1,1,13.9,supine
2024-01-16 00:23:44,65.4,97.3,1,0.968,13.3,supine
2024-01-16 00:23:46,60.5,97.2,1,0.992,13.5,supine
2024-01-16 00:23:48,63.9,97.3,1,1,13.6,supine
2024-01-16 00:23:50,60.1,97.6,0.959,1,13.8,supine
2024-01-16 00:23:52,63.1,97.6,1,0.966,15.1,supine
2024-01-16 00:23:54,63.1,97.2,0.982,0.985,12.8,supine
2024-01-16 00:23:56,65.3,97.7,1,0.977,13.9,supine
2024-01-16 00:23:58,64.4,98.3,1,0.937,14.7,supine
2024-01-16 00:24:00,62.7,97.9,1,0.966,14.5,supine
2024-01-16 00:24:02,61.7,97.6,0.972,0.998,14.3,supine
2024-01-16 00:24:04,63.2,97.5,0.996,0.985,13.8,supine
2024-01-16 00:24:06,58.9,97.3,0.956,0.975,14.7,supine
2024-01-16 00:24:08,63.7,97.1,0.979,1,13.9,supine
2024-01-16 00:24:10,63.1,97.2,0.999,0.989,14.9,supine
2024-01-16 00:24:12,62.5,97.7,1,1,13.1,supine
2024-01-16 00:24:14,60.2,97.7,0.942,1,15.1,supine
2024-01-16 00:24:16,63.1,97.6,1,1,13.5,supine
2024-01-16 00:24:18,61.8,96.9,1,0.951,14.1,supine
2024-01-16 00:24:20,61.5,97.6,1,0.991,14.6,supine
2024-01-16 00:24:22,61.5,97.5,1,1,14.2,supine
2024-01-16 00:24:24,63.1,97.5,0.996,1,13.6,supine
2024-01-16 00:24:26,62,97.6,1,0.965,14.1,supine
2024-01-16 00:24:28,62,97,1,0.981,13.7,supine
2024-01-16 00:24:30,60.2,97.6,1,0.931,13.5,supine
2024-01-16 00:24:32,62.9,97.4,1,1,15,supine
2024-01-16 00:24:34,62.3,97.8,0.998,0.977,14,supine
2024-01-16 00:24:36,62.1,97.8,1,1,13.4,supine
2024-01-16 00:24:38,62.5,97.2,0.999,1,13.8,supine
2024-01-16 00:24:40,60.5,97.2,0.999,1,13.6,supine
2024-01-16 00:24:42,62.1,97.3,1,0.997,14.5,supine
2024-01-16 00:24:44,63.4,97.5,0.98,1,13.8,supine
2024-01-16 00:24:46,62,97.7,1,0.94,14.3,supine
2024-01-16 00:24:48,62.1,97.5,0.96,1,13.7,supine
2024-01-16 00:24:50,59.3,97.7,1,0.965,14.4,supine
2024-01-16 00:24:52,59.9,97.2,0.996,0.992,14.1,supine
2024-01-16 00:24:54,61.8,97.9,1,0.996,13.5,supine
2024-01-16 00:24:56,63.3,97.3,0.971,1,14.1,supine
2024-01-16 00:24:58,60.8,97.5,1,0.97,13,supine
2024-01-16 00:25:00,63.5,97.2,0.989,0.984,14.3,supine
2024-01-16 00:25:02,62.4,97.1,1,1,14.1,supine
2024-01-16 00:25:04,62.6,97,1,0.978,14.3,supine
2024-01-16 00:25:06,60.5,97.6,0.97,0.986,14.8,supine
2024-01-16 00:25:08,60.4,97.3,0.988,1,14,supine
2024-01-16 00:25:10,61.3,97.7,0.977,1,13.6,supine
2024-01-16 00:25:12,61.9,98,0.985,0.965,13.6,supine
2024-01-16 00:25:14,61.8,97.9,0.988,1,13.7,supine
2024-01-16 00:25:16,64.5,98.1,1,1,14,supine
2024-01-16 00:25:18,59.6,97.5,0.99,1,14.8,supine
2024-01-16 00:25:20,59.9,97.4,0.947,0.986,14.3,supine
2024-01-16 00:25:22,61.6,97.1,0.967,0.989,13.7,supine
2024-01-16 00:25:24,63,98.1,1,1,14.3,supine
2024-01-16 00:25:26,61.6,97.3,0.956,1,13.7,supine
2024-01-16 00:25:28,62.2,97.5,0.987,1,12.5,supine
2024-01-16 00:25:30,62.7,97.4,0.943,0.986,14.4,supine
2024-01-16 00:25:32,62.6,97.8,1,0.976,14.3,supine
2024-01-16 00:25:34,59.6,97.4,1,0.977,13.6,supine
2024-01-16 00:25:36,62.7,97.2,1,1,14,supine
2024-01-16 00:25:38,61,97.1,0.995,0.979,13.7,supine
2024-01-16 00:25:40,61.1,97.2,1,1,14.5,supine
2024-01-16 00:25:42,63.6,97.4,0.984,0.955,14.2,supine
2024-01-16 00:25:44,63.4,97.9,0.974,1,14.5,supine
2024-01-16 00:25:46,61.8,97.8,1,0.997,13.9,supine
2024-01-16 00:25:48,63.1,97.1,1,1,15.3,supine
2024-01-16 00:25:50,65.4,97.5,1,1,14.4,supine
2024-01-16 00:25:52,62.8,97.4,1,0.992,13.6,supine
2024-01-16 00:25:54,60.7,97.8,1,0.96,14.5,supine
2024-01-16 00:25:56,62.2,97.5,1,0.957,13.3,supine
2024-01-16 00:25:58,61.7,97.4,0.965,0.97,15.5,supine
2024-01-16 00:26:00,62.4,97.2,0.991,1,13.8,supine
2024-01-16 00:26:02,61.9,98,0.992,0.952,13.7,supine
2024-01-16 00:26:04,63.2,98,1,1,14.2,supine
2024-01-16 00:26:06,61.2,97.8,1,1,14.1,supine
2024-01-16 00:26:08,60.9,97.6,1,1,14,supine
2024-01-16 00:26:10,62.5,97.3,1,1,14.8,supine
2024-01-16 00:26:12,61.4,97.6,1,1,13.8,supine
2024-01-16 00:26:14,62.8,97,1,1,14.8,supine
2024-01-16 00:26:16,60,97.4,1,1,14.2,supine
2024-01-16 00:26:18,61.8,97.5,1,1,15.1,supine
2024-01-16 00:26:20,62.3,97.5,0.966,0.942,13.9,supine
2024-01-16 00:26:22,61.7,97.7,0.996,1,14,supine
2024-01-16 00:26:24,63.6,97.5,1,0.976,12.8,supine
2024-01-16 00:26:26,61.4,97.6,0.986,1,14.7,supine
2024-01-16 00:26:28,60.6,97.8,0.989,1,14,supine
2024-01-16 00:26:30,61,97,1,1,13.8,supine
2024-01-16 00:26:32,62.8,97.2,0.999,1,14.2,supine
2024-01-16 00:26:34,59.2,97.7,1,0.984,14.1,supine
2024-01-16 00:26:36,63.5,97.5,0.974,0.999,13.2,supine
2024-01-16 00:26:38,60.7,97.6,1,0.995,13.6,supine
2024-01-16 00:26:40,61.5,98.2,0.955,0.973,13.6,supine
2024-01-16 00:26:42,62.2,97.1,0.966,0.997,13.6,supine
2024-01-16 00:26:44,65.6,97.8,0.973,0.994,14.3,supine
2024-01-16 00:26:46,63.7,97.1,1,0.97,14.5,supine
2024-01-16 00:26:48,60.5,97.3,0.962,0.987,14.3,supine
2024-01-16 00:26:50,62.2,97.6,1,1,13.6,supine
2024-01-16 00:26:52,61.7,97.7,0.999,0.993,14.8,supine
2024-01-16 00:26:54,62.5,97.7,1,0.984,14.4,supine
2024-01-16 00:26:56,62.4,97.2,0.936,0.948,13.1,supine
2024-01-16 00:26:58,61.2,97,0.964,1,13.3,supine
2024-01-16 00:27:00,64.7,97.5,1,1,15.2,supine
2024-01-16 00:27:02,61.7,97.4,1,0.982,13.4,supine
2024-01-16 00:27:04,66.4,97.9,1,1,13.6,supine
2024-01-16 00:27:06,61.4,97.5,0.985,0.984,14.2,supine
2024-01-16 00:27:08,62.9,97.1,0.973,1,15.1,supine
2024-01-16 00:27:10,64.7,97,0.986,0.937,13.8,supine
2024-01-16 00:27:12,60.4,97.8,0.988,1,14,supine
2024-01-16 00:27:14,62.5,97.6,0.988,1,14.4,supine
2024-01-16 00:27:16,59.9,97,0.981,1,14.5,supine
2024-01-16 00:27:18,62.3,97.8,1,1,14.1,supine
2024-01-16 00:27:20,61.8,97.8,0.979,1,14,supine
2024-01-16 00:27:22,63.1,97.6,1,1,13.9,supine
2024-01-16 00:27:24,63.5,97.4,1,0.997,14.1,supine
2024-01-16 00:27:26,61.1,97.9,0.968,1,14.4,supine
2024-01-16 00:27:28,63.2,97.6,0.997,0.992,14.1,supine
2024-01-16 00:27:30,60.6,97,0.992,1,13.1,supine
2024-01-16 00:27:32,61.3,97.3,1,0.974,14.8,supine
2024-01-16 00:27:34,60.8,97.5,0.967,0.986,13.8,supine
2024-01-16 00:27:36,61.4,97.8,1,1,14.7,supine
2024-01-16 00:27:38,59.6,97.6,1,0.981,13.6,supine
2024-01-16 00:27:40,63.9,97.2,1,1,14.3,supine
2024-01-16 00:27:42,62.4,97.4,0.989,0.987,14.3,supine
2024-01-16 00:27:44,63.8,98.1,0.977,0.99,13.1,supine
2024-01-16 00:27:46,63.6,97.6,0.992,1,14.2,supine
2024-01-16 00:27:48,60,97.6,1,1,13.9,supine
2024-01-16 00:27:50,63.9,98.2,0.936,1,14.4,supine
2024-01-16 00:27:52,60.2,98,0.991,1,14.7,supine
2024-01-16 00:27:54,61.4,97.6,1,1,14.3,supine
2024-01-16 00:27:56,59.8,98.3,0.991,0.94,13.5,supine
2024-01-16 00:27:58,60.8,97.5,1,1,14.2,supine
2024-01-16 00:28:00,61,97.3,1,1,14.5,supine
2024-01-16 00:28:02,63.5,97.2,1,1,13,supine
2024-01-16 00:28:04,64.4,97.3,1,0.923,13.3,supine
2024-01-16 00:28:06,60.2,97.8,1,0.973,13.9,supine
2024-01-16 00:28:08,61.1,97.7,1,1,13.8,supine
2024-01-16 00:28:10,64.4,97.1,1,1,13.8,supine
2024-01-16 00:28:12,59.8,97.4,0.97,1,13.2,supine
2024-01-16 00:28:14,64,97.7,0.968,1,14.1,supine
2024-01-16 00:28:16,62.1,97.3,1,0.993,13.3,supine
2024-01-16 00:28:18,63,97.5,1,1,13.3,supine
2024-01-16 00:28:20,61.7,97.5,0.968,0.949,12.6,supine
2024-01-16 00:28:22,63.3,97.5,0.99,1,14.5,supine
2024-01-16 00:28:24,61.6,97.2,1,0.944,14.2,supine
2024-01-16 00:28:26,61.8,97.3,0.931,1,15.1,supine
2024-01-16 00:28:28,60.9,97.4,1,0.959,14.6,supine
2024-01-16 00:28:30,61.6,97.3,0.974,0.979,13.4,supine
2024-01-16 00:28:32,60.8,97.5,0.986,0.986,13.8,supine
2024-01-16 00:28:34,61,96.8,1,1,14.1,supine
2024-01-16 00:28:36,59.7,96.7,1,0.996,14.1,supine
2024-01-16 00:28:38,61.7,97.4,1,1,14,supine
2024-01-16 00:28:40,62.3,97.3,1,1,13.5,supine
2024-01-16 00:28:42,63.6,97.8,0.96,0.997,13.7,supine
2024-01-16 00:28:44,62.3,97.4,1,0.975,15.2,supine
2024-01-16 00:28:46,61.2,97.3,0.975,1,13.7,supine
2024-01-16 00:28:48,62.7,97.9,1,1,13.6,supine
2024-01-16 00:28:50,61.2,97.8,0.998,1,13.3,supine
2024-01-16 00:28:52,62.4,96.6,1,1,15.2,supine
2024-01-16 00:28:54,60.8,97.6,1,0.979,14.5,supine
2024-01-16 00:28:56,61.2,97.2,0.98,0.971,13.8,supine
2024-01-16 00:28:58,61.5,97.8,1,0.973,14.5,supine
2024-01-16 00:29:00,60.4,97.5,0.971,0.984,15,supine
2024-01-16 00:29:02,59.4,98,0.971,0.948,13.5,supine
2024-01-16 00:29:04,61.5,97.4,1,0.989,13.6,supine
2024-01-16 00:29:06,61.6,97.7,1,0.991,14.4,supine
2024-01-16 00:29:08,59,97.1,0.983,0.965,13.7,supine
2024-01-16 00:29:10,62.9,97.8,0.968,1,13.2,supine
2024-01-16 00:29:12,62.3,97.1,1,0.923,13.7,supine
2024-01-16 00:29:14,61.2,97.8,0.974,1,13.8,supine
2024-01-16 00:29:16,59.6,97.3,0.998,1,13.4,supine
2024-01-16 00:29:18,59.3,97.4,0.968,0.989,14.1,supine
2024-01-16 00:29:20,61.9,97.4,0.978,1,14.2,supine
2024-01-16 00:29:22,62.1,98,1,1,14.3,supine
2024-01-16 00:29:24,61.7,97.7,0.993,0.991,14.3,supine
2024-01-16 00:29:26,64,97.5,0.944,1,13.6,supine
2024-01-16 00:29:28,61.3,97.5,0.951,0.949,14,supine
2024-01-16 00:29:30,60.1,97.5,1,0.965,14.4,supine
2024-01-16 00:29:32,60.4,98,0.994,0.981,13.3,supine
2024-01-16 00:29:34,62.6,97.4,1,0.983,14.2,supine
2024-01-16 00:29:36,65.9,97.6,1,1,14.3,supine
2024-01-16 00:29:38,62.9,97.2,1,1,14,supine
2024-01-16 00:29:40,61.1,97.1,0.952,0.943,12.9,supine
2024-01-16 00:29:42,60.6,98,1,0.949,13.8,supine
2024-01-16 00:29:44,63.3,97.5,0.981,1,14.9,supine
2024-01-16 00:29:46,64,97.6,1,1,13.9,supine
2024-01-16 00:29:48,60,97.4,1,1,13.6,supine
2024-01-16 00:29:50,61,97.1,0.987,1,13.5,supine
2024-01-16 00:29:52,62.2,97.4,0.957,0.986,13.7,supine
2024-01-16 00:29:54,59.9,97.5,1,1,14,supine
2024-01-16 00:29:56,62.4,97.2,1,1,13.2,supine
2024-01-16 00:29:58,59.2,97.4,1,1,14.3,supine
2024-01-16 00:30:00,60.2,96.9,0.03,0.015,0,supine
2024-01-16 00:30:02,62.8,97.7,0.04,0.049,0,supine
2024-01-16 00:30:04,60.7,97.4,0.024,0.018,0,supine
2024-01-16 00:30:06,59.7,97.1,0.018,0.037,0,supine
2024-01-16 00:30:08,61.7,97.4,0.019,0.014,0,supine
2024-01-16 00:30:10,61.2,96.9,0.043,0.028,0,supine
2024-01-16 00:30:12,60.9,97.5,1,0.997,14.2,supine
2024-01-16 00:30:14,60.9,96.7,1,0.955,14,supine
2024-01-16 00:30:16,61.4,96.1,1,1,14,supine
2024-01-16 00:30:18,61.1,95.6,0.986,1,13.2,supine
2024-01-16 00:30:20,62.1,94.9,0.978,0.963,14,supine
2024-01-16 00:30:22,63.4,94.7,0.984,1,13.1,supine
2024-01-16 00:30:24,61.7,97.7,1,1,13.6,supine
2024-01-16 00:30:26,63.4,97.8,0.969,1,13.4,supine
2024-01-16 00:30:28,60.8,97.4,0.958,1,14.2,supine
2024-01-16 00:30:30,61,97.4,0.99,1,13.9,supine
2024-01-16 00:30:32,62.2,97.6,0.993,1,14.3,supine
2024-01-16 00:30:34,63,97.4,0.989,1,13.9,supine
2024-01-16 00:30:36,61.9,97.4,0.994,0.963,14.6,supine
2024-01-16 00:30:38,62.5,97.5,1,1,14.5,supine
2024-01-16 00:30:40,61.1,97.2,1,1,13.9,supine
2024-01-16 00:30:42,60.7,97.4,0.948,0.932,14.4,supine
2024-01-16 00:30:44,63.1,97.3,0.991,1,14.4,supine
2024-01-16 00:30:46,60,97.6,1,0.984,14,supine
2024-01-16 00:30:48,62.5,97.5,0.968,0.988,13.4,supine
2024-01-16 00:30:50,61.3,97.3,1,1,14.6,supine
2024-01-16 00:30:52,64.6,97,1,0.964,13.8,supine
2024-01-16 00:30:54,63.5,97.8,0.982,1,14,supine
2024-01-16 00:30:56,61.1,97.4,0.999,0.978,13.7,supine
2024-01-16 00:30:58,60.4,97.4,1,1,13.6,supine
2024-01-16 00:31:00,61.9,97.2,0.949,0.968,14.7,supine
2024-01-16 00:31:02,63.6,97,1,0.991,14.1,supine
2024-01-16 00:31:04,59,97.1,1,0.965,14.4,supine
2024-01-16 00:31:06,62.4,97.4,1,1,13.2,supine
2024-01-16 00:31:08,61.5,97.6,0.99,1,14.4,supine
2024-01-16 00:31:10,64.3,97.5,0.997,0.978,13.2,supine
2024-01-16 00:31:12,61.4,97.3,1,1,14.2,supine
2024-01-16 00:31:14,61.7,97.4,0.944,1,14.2,supine
2024-01-16 00:31:16,61.7,97.1,1,0.961,14.1,supine
2024-01-16 00:31:18,61.3,97.3,0.991,1,14.7,supine
2024-01-16 00:31:20,64.9,97.2,0.998,0.996,13.4,supine
2024-01-16 00:31:22,62.1,96.9,0.964,1,13.7,supine
2024-01-16 00:31:24,58.4,97.5,0.974,1,13.9,supine
2024-01-16 00:31:26,62.2,97,0.955,1,14.7,supine
2024-01-16 00:31:28,60.9,97.3,1,1,14.3,supine
2024-01-16 00:31:30,61.4,97.6,1,0.981,14,supine
2024-01-16 00:31:32,61.4,97.5,1,0.969,13.4,supine
2024-01-16 00:31:34,62.6,97.6,1,0.987,13.6,supine
2024-01-16 00:31:36,61.8,97.6,0.985,1,14,supine
2024-01-16 00:31:38,58.7,98.1,0.981,1,13.2,supine
2024-01-16 00:31:40,63.1,97.5,1,1,13.1,supine
2024-01-16 00:31:42,62.2,97.2,0.973,0.966,13.8,supine
2024-01-16 00:31:44,61.3,97.2,1,1,13.8,supine
2024-01-16 00:31:46,60.4,97.5,1,1,14.4,supine
2024-01-16 00:31:48,61.7,98,0.954,0.995,14.3,supine
2024-01-16 00:31:50,62.2,96.5,1,1,13.9,supine
2024-01-16 00:31:52,63,97.7,0.99,0.959,13.8,supine
2024-01-16 00:31:54,63.8,97.1,0.977,1,13.4,supine
2024-01-16 00:31:56,62.8,97.4,1,1,13.4,supine
2024-01-16 00:31:58,60.1,97.2,1,1,14.3,supine
2024-01-16 00:32:00,60.9,97.8,0.956,0.954,12.8,supine
2024-01-16 00:32:02,63.1,97,1,1,14.3,supine
2024-01-16 00:32:04,60.7,97.7,1,1,13.5,supine
2024-01-16 00:32:06,63.7,97.2,0.974,0.997,14.4,supine
2024-01-16 00:32:08,61.7,97.7,1,0.947,14.5,supine
2024-01-16 00:32:10,63.9,97.7,0.996,0.974,13.5,supine
2024-01-16 00:32:12,64,97.2,1,1,14.6,supine
2024-01-16 00:32:14,61.8,97.9,0.997,0.998,12.8,supine
2024-01-16 00:32:16,60.4,97.1,1,1,13.5,supine
2024-01-16 00:32:18,60.2,97.5,1,0.995,14.4,supine
2024-01-16 00:32:20,64.5,97.3,0.964,1,14.5,supine
2024-01-16 00:32:22,63.8,97.3,0.964,1,14.5,supine
2024-01-16 00:32:24,61.5,97.4,1,1,13.9,supine
2024-01-16 00:32:26,65.1,98.1,0.994,0.975,14.9,supine
2024-01-16 00:32:28,61.3,97.7,1,0.934,14.3,supine
2024-01-16 00:32:30,60.5,97.9,1,1,13.4,supine
2024-01-16 00:32:32,61.7,97.5,0.986,0.999,13.2,supine
2024-01-16 00:32:34,61.9,97.5,0.998,1,14.4,supine
2024-01-16 00:32:36,62.1,97.6,1,1,14.4,supine
2024-01-16 00:32:38,62,97.4,1,1,14.5,supine
2024-01-16 00:32:40,60.4,97.3,0.998,1,13.9,supine
2024-01-16 00:32:42,61.1,97.9,0.966,1,13.1,supine
2024-01-16 00:32:44,62,97.3,0.98,1,14,supine
2024-01-16 00:32:46,63.6,97.7,1,1,13.6,supine
2024-01-16 00:32:48,62.4,97.6,1,1,14.3,supine
2024-01-16 00:32:50,62,97.4,1,1,13.4,supine
2024-01-16 00:32:52,61.5,97.1,0.968,0.991,13.5,supine
2024-01-16 00:32:54,60.5,97.6,1,0.994,14.8,supine
2024-01-16 00:32:56,61,97.7,0.949,1,14.2,supine
2024-01-16 00:32:58,60,97.6,1,1,13.4,supine
2024-01-16 00:33:00,64.9,97.4,0.987,1,14.2,supine
2024-01-16 00:33:02,64.5,97.3,0.959,0.984,14,supine
2024-01-16 00:33:04,63.8,97.2,1,0.968,14.2,supine
2024-01-16 00:33:06,61,97.7,1,0.968,13.4,supine
2024-01-16 00:33:08,63.8,97.4,0.972,1,13.7,supine
2024-01-16 00:33:10,61.2,96.9,0.969,1,14.4,supine
2024-01-16 00:33:12,60.9,97.8,0.983,1,13.6,supine
2024-01-16 00:33:14,63.7,96.9,1,0.999,14,supine
2024-01-16 00:33:16,62.6,97.2,0.964,0.969,14.2,supine
2024-01-16 00:33:18,62.2,97.6,0.994,0.994,14.1,supine
2024-01-16 00:33:20,61.7,97.3,0.986,1,13.7,supine
2024-01-16 00:33:22,61.7,97.7,1,1,13.1,supine
2024-01-16 00:33:24,62.6,97.9,0.982,0.991,14,supine
2024-01-16 00:33:26,60.1,97.9,0.981,0.998,14.6,supine
2024-01-16 00:33:28,63.3,97.6,0.962,0.977,14.2,supine
2024-01-16 00:33:30,63,96.9,1,1,13.5,supine
2024-01-16 00:33:32,63.6,97,1,1,13.6,supine
2024-01-16 00:33:34,61.2,97.4,0.968,1,13.4,supine
2024-01-16 00:33:36,61.7,97.2,1,0.993,14.1,supine
2024-01-16 00:33:38,62.6,97.4,0.961,1,14.7,supine
2024-01-16 00:33:40,61.5,97.2,1,1,13.9,supine
2024-01-16 00:33:42,60.6,97.4,1,0.974,13.2,supine
2024-01-16 00:33:44,64.6,97.4,0.986,1,14.6,supine
2024-01-16 00:33:46,62.5,97.8,1,1,14.1,supine
2024-01-16 00:33:48,60.8,98.3,1,0.98,13.9,supine
2024-01-16 00:33:50,60.9,97.5,0.971,1,14,supine
2024-01-16 00:33:52,62.2,96.9,0.974,0.967,13.6,supine
2024-01-16 00:33:54,60.8,97.3,0.958,0.992,13.3,supine
2024-01-16 00:33:56,65.1,97.3,0.984,0.965,14.4,supine
2024-01-16 00:33:58,61.5,97.4,1,1,14,supine
2024-01-16 00:34:00,63.2,97.5,0.989,0.983,13.7,supine
2024-01-16 00:34:02,57.8,97,1,1,13.9,supine
2024-01-16 00:34:04,63.1,97.6,1,1,14.8,supine
2024-01-16 00:34:06,61.1,97.4,1,0.964,13.8,supine
2024-01-16 00:34:08,64.2,97.5,0.97,0.997,13.9,supine
2024-01-16 00:34:10,61.7,97.9,0.962,1,13.7,supine
2024-01-16 00:34:12,61.8,97.9,1,1,14,supine
2024-01-16 00:34:14,60.7,97.4,0.999,1,14.1,supine
2024-01-16 00:34:16,63.5,97.4,0.926,1,14.1,supine
2024-01-16 00:34:18,64.1,96.9,0.981,1,14.8,supine
2024-01-16 00:34:20,61.9,96.9,0.952,0.979,13.6,supine
2024-01-16 00:34:22,62,97.2,1,0.999,13.6,supine
2024-01-16 00:34:24,61.3,97,1,0.987,14.3,supine
2024-01-16 00:34:26,63,97.8,1,1,14.1,supine
2024-01-16 00:34:28,59.4,97.6,0.983,1,13.4,supine
2024-01-16 00:34:30,65.7,97.5,1,1,14.9,supine
2024-01-16 00:34:32,61,97.3,0.996,1,14.5,supine
2024-01-16 00:34:34,60,96.9,1,0.97,13.9,supine
2024-01-16 00:34:36,62.3,97.4,0.918,0.999,13.7,supine
2024-01-16 00:34:38,62.5,97.8,0.997,0.971,13.3,supine
2024-01-16 00:34:40,60.6,97.4,1,0.975,14.2,supine
2024-01-16 00:34:42,60.5,97.9,0.996,0.975,13.7,supine
2024-01-16 00:34:44,61.2,97.7,1,1,13.7,supine
2024-01-16 00:34:46,63.9,97.8,1,0.989,13.1,supine
2024-01-16 00:34:48,60.1,96.9,0.999,0.998,14.4,supine
2024-01-16 00:34:50,62.1,97.6,0.968,0.985,13.3,supine
2024-01-16 00:34:52,62.5,97.6,0.97,0.988,13.6,supine
2024-01-16 00:34:54,64.6,97.4,1,0.97,13.9,supine
2024-01-16 00:34:56,61.4,97.2,1,0.99,14.1,supine
2024-01-16 00:34:58,61.8,97.8,0.994,1,13.5,supine
2024-01-16 00:35:00,62,97.1,1,0.988,13.7,supine
2024-01-16 00:35:02,62.1,97.6,1,1,13.4,supine
2024-01-16 00:35:04,61.5,97.5,0.959,1,14.6,supine
2024-01-16 00:35:06,63.5,97.5,0.996,0.996,14,supine
2024-01-16 00:35:08,60.8,97.5,1,1,14.3,supine
2024-01-16 00:35:10,62.1,97.6,0.989,1,13.8,supine
2024-01-16 00:35:12,63.3,97.6,1,0.955,13.6,supine
2024-01-16 00:35:14,62.6,97.6,1,1,13.9,supine
2024-01-16 00:35:16,62.7,98.2,0.989,0.983,13.9,supine
2024-01-16 00:35:18,62.8,97.2,1,1,14,supine
2024-01-16 00:35:20,61.3,97.3,0.994,1,14.2,supine
2024-01-16 00:35:22,60.8,97.3,0.982,1,14,supine
2024-01-16 00:35:24,61.3,97.8,0.972,0.975,14.4,supine
2024-01-16 00:35:26,58.7,97.8,1,1,14.7,supine
2024-01-16 00:35:28,62.2,97.4,1,0.983,14.1,supine
2024-01-16 00:35:30,61.8,97.6,0.944,1,14.6,supine
2024-01-16 00:35:32,63.5,97.5,1,1,13.2,supine
2024-01-16 00:35:34,61.1,98,1,1,14.3,supine
2024-01-16 00:35:36,62.9,97.8,0.942,0.952,13.7,supine
2024-01-16 00:35:38,61.1,97.7,0.991,1,13.5,supine
2024-01-16 00:35:40,62.5,97.2,0.984,1,13.6,supine
2024-01-16 00:35:42,62,97.2,1,0.96,14.2,supine
2024-01-16 00:35:44,59.3,97.6,0.981,0.98,13.8,supine
2024-01-16 00:35:46,61.4,97.4,1,0.959,14.1,supine
2024-01-16 00:35:48,62,97.5,0.965,1,13.8,supine
2024-01-16 00:35:50,61.9,98.3,1,1,14.3,supine
2024-01-16 00:35:52,64.1,97.7,1,0.992,14.4,supine
2024-01-16 00:35:54,61.7,97.3,1,1,14,supine
2024-01-16 00:35:56,62.9,97.5,0.97,1,13.7,supine
2024-01-16 00:35:58,61.2,97.2,0.964,1,13.5,supine
2024-01-16 00:36:00,62,97.4,0.993,1,14.1,supine
2024-01-16 00:36:02,60.5,97.1,1,1,13.9,supine
2024-01-16 00:36:04,62.2,97,0.929,1,13.9,supine
2024-01-16 00:36:06,62.9,97.5,1,0.983,14.8,supine
2024-01-16 00:36:08,62.3,97.3,0.945,0.957,13.5,supine
2024-01-16 00:36:10,64.8,98,1,0.936,14,supine
2024-01-16 00:36:12,63,97.8,0.958,0.995,13.5,supine
2024-01-16 00:36:14,62.5,97.7,1,0.97,14.8,supine
2024-01-16 00:36:16,62.7,97.4,0.959,1,13.6,supine
2024-01-16 00:36:18,62,97.8,1,1,13.2,supine
2024-01-16 00:36:20,60.2,97.9,0.98,1,14.3,supine
2024-01-16 00:36:22,62.7,97.1,1,1,14.2,supine
2024-01-16 00:36:24,61.8,97.2,1,0.992,14.4,supine
2024-01-16 00:36:26,61.8,97.3,0.971,1,14.3,supine
2024-01-16 00:36:28,59.4,97.4,1,0.963,13.9,supine
2024-01-16 00:36:30,59.6,97.7,0.987,0.989,14.3,supine
2024-01-16 00:36:32,62.4,97.6,0.962,0.953,14.3,supine
2024-01-16 00:36:34,61.6,97.7,0.991,1,14.1,supine
2024-01-16 00:36:36,66.6,97.3,1,1,14.2,supine
2024-01-16 00:36:38,62.8,97.6,1,0.979,14,supine
2024-01-16 00:36:40,62.4,97.4,0.939,0.994,14.7,supine
2024-01-16 00:36:42,61.4,97.4,0.988,1,14.6,supine
2024-01-16 00:36:44,63.8,97.3,1,1,13.4,supine
2024-01-16 00:36:46,58.5,97.4,0.94,1,14.9,supine
2024-01-16 00:36:48,66.1,97.2,1,0.98,13.3,supine
2024-01-16 00:36:50,63.7,97.2,0.978,0.98,13.5,supine
2024-01-16 00:36:52,62.3,97.2,0.992,1,14.1,supine
2024-01-16 00:36:54,58.3,97.1,1,0.979,14.4,supine
2024-01-16 00:36:56,60.8,97.3,0.929,1,13.8,supine
2024-01-16 00:36:58,60.1,97.6,1,0.986,15.1,supine
2024-01-16 00:37:00,62.1,97.4,1,0.992,14.2,supine
2024-01-16 00:37:02,60.3,97.2,0.994,0.99,14.3,supine
2024-01-16 00:37:04,61.1,97.4,0.992,0.955,14.6,supine
2024-01-16 00:37:06,61.8,97.3,0.958,0.981,13.5,supine
2024-01-16 00:37:08,62.2,97.9,1,1,14.3,supine
2024-01-16 00:37:10,61.6,97.5,1,1,14.5,supine
2024-01-16 00:37:12,60.3,96.9,1,1,14.3,supine
2024-01-16 00:37:14,62.3,97.6,1,0.962,14.3,supine
2024-01-16 00:37:16,59.1,97,1,1,14.5,supine
2024-01-16 00:37:18,60.2,97.5,0.998,0.979,14.4,supine
2024-01-16 00:37:20,62.5,98.1,0.991,0.974,13.4,supine
2024-01-16 00:37:22,59.8,97.1,1,0.97,13.7,supine
2024-01-16 00:37:24,63.1,98.3,1,1,13.7,supine
2024-01-16 00:37:26,66.4,97.3,0.992,0.969,13.8,supine
2024-01-16 00:37:28,60.6,97.7,1,1,13.4,supine
2024-01-16 00:37:30,62.4,98.1,0.926,0.949,13.7,supine
2024-01-16 00:37:32,62.9,97.3,1,0.979,14.4,supine
2024-01-16 00:37:34,59.9,97.5,0.981,1,15.1,supine
2024-01-16 00:37:36,58.7,97.5,0.993,1,14.3,supine
2024-01-16 00:37:38,61.5,96.8,1,1,14.2,supine
2024-01-16 00:37:40,63.9,97.4,1,1,14,supine
2024-01-16 00:37:42,61.5,97.3,0.988,1,13.6,supine
2024-01-16 00:37:44,61.1,97.3,1,0.962,14.2,supine
2024-01-16 00:37:46,61,97.7,0.997,0.994,13.9,supine
2024-01-16 00:37:48,61,97.1,1,1,14,supine
2024-01-16 00:37:50,61,97.9,0.98,1,14.8,supine
2024-01-16 00:37:52,62.5,97.2,1,0.996,13.8,supine
2024-01-16 00:37:54,63.9,98,0.98,0.975,14.3,supine
2024-01-16 00:37:56,59.6,97.6,0.963,1,14.8,supine
2024-01-16 00:37:58,60.8,97.4,0.962,1,13.3,supine
2024-01-16 00:38:00,58.4,97.5,0.964,1,13.7,supine
2024-01-16 00:38:02,63,97.1,0.946,1,13.6,supine
2024-01-16 00:38:04,59.8,97.6,0.989,0.993,14.6,supine
2024-01-16 00:38:06,60.9,97.6,0.968,0.957,14.8,supine
2024-01-16 00:38:08,58.6,97,1,1,14,supine
2024-01-16 00:38:10,61.7,98,1,1,13.8,supine
2024-01-16 00:38:12,59.9,97.7,1,1,13.9,supine
2024-01-16 00:38:14,62.7,97.8,1,0.977,14.3,supine
2024-01-16 00:38:16,59.6,97,1,0.969,15,supine
2024-01-16 00:38:18,62.1,97.2,1,0.959,14.2,supine
2024-01-16 00:38:20,61.9,97,0.997,1,13.7,supine
2024-01-16 00:38:22,61.8,97.4,0.935,1,14.3,supine
2024-01-16 00:38:24,60.7,97.3,1,1,13.9,supine
2024-01-16 00:38:26,61.7,97.5,1,0.942,14.4,supine
2024-01-16 00:38:28,64.5,97.5,1,0.962,14.3,supine
2024-01-16 00:38:30,62.8,97.1,0.983,1,14.6,supine
2024-01-16 00:38:32,63.9,97.5,0.949,1,14.2,supine
2024-01-16 00:38:34,61.6,97.4,1,1,13.3,supine
2024-01-16 00:38:36,63.2,97.4,1,1,14,supine
2024-01-16 00:38:38,63,97.4,0.996,0.997,13.6,supine
2024-01-16 00:38:40,63.9,97.3,1,1,13.3,supine
2024-01-16 00:38:42,63,97.7,1,0.949,13.8,supine
2024-01-16 00:38:44,59.4,97.5,0.974,1,13.9,supine
2024-01-16 00:38:46,63,96.9,1,0.985,13.9,supine
2024-01-16 00:38:48,63.8,97.8,1,0.971,13.6,supine
2024-01-16 00:38:50,60.5,97.5,1,0.991,14.3,supine
2024-01-16 00:38:52,62.2,98,0.999,0.991,13.4,supine
2024-01-16 00:38:54,64.5,97.3,1,1,13.6,supine
2024-01-16 00:38:56,63.8,97.6,1,0.984,13.5,supine
2024-01-16 00:38:58,63.9,97.6,1,1,14,supine
2024-01-16 00:39:00,60,97.9,0.944,0.99,13.9,supine
2024-01-16 00:39:02,62,97.9,1,0.992,13.2,supine
2024-01-16 00:39:04,62.7,97.2,1,1,13.4,supine
2024-01-16 00:39:06,61.1,97.5,1,0.998,12.8,supine
2024-01-16 00:39:08,59.5,97.4,0.992,1,13.4,supine
2024-01-16 00:39:10,62.2,97.6,1,1,13.2,supine
2024-01-16 00:39:12,60.9,97.7,0.99,0.971,13.6,supine
2024-01-16 00:39:14,62.8,97.6,1,1,13.4,supine
2024-01-16 00:39:16,61.8,97.3,1,0.965,14,supine
2024-01-16 00:39:18,61.3,97.7,1,1,14.3,supine
2024-01-16 00:39:20,60.8,97.9,1,0.975,13.6,supine
2024-01-16 00:39:22,62.1,97.3,1,0.986,14.8,supine
2024-01-16 00:39:24,64.1,97.4,0.972,0.97,14.2,supine
2024-01-16 00:39:26,63.3,97.7,0.971,0.954,14,supine
2024-01-16 00:39:28,62.5,97.2,1,0.981,13.9,supine
2024-01-16 00:39:30,63.5,97.4,0.951,0.934,13.3,supine
2024-01-16 00:39:32,63,97.5,1,0.995,14.9,supine
2024-01-16 00:39:34,62.7,97.5,0.973,0.968,14.8,supine
2024-01-16 00:39:36,64.5,97.6,0.985,0.991,13.8,supine
2024-01-16 00:39:38,62.4,98,0.978,1,14.2,supine
2024-01-16 00:39:40,60.5,97.3,0.968,1,13.9,supine
2024-01-16 00:39:42,65,97.5,1,1,14.1,supine
2024-01-16 00:39:44,64.4,97.7,0.949,0.999,14.9,supine
2024-01-16 00:39:46,60.8,97.5,0.982,1,14.6,supine
2024-01-16 00:39:48,62.7,97.6,0.946,1,14.1,supine
2024-01-16 00:39:50,62.8,97.7,0.996,1,13.7,supine
2024-01-16 00:39:52,60.5,97.3,0.997,1,14.6,supine
2024-01-16 00:39:54,63.3,97.5,1,0.997,14.7,supine
2024-01-16 00:39:56,63.7,97.5,0.955,0.925,14.2,supine
2024-01-16 00:39:58,62.7,97.8,0.983,1,12.8,supine
2024-01-16 00:40:00,60.3,97.5,0.986,0.972,13.9,supine
2024-01-16 00:40:02,60.6,97.7,1,0.976,14.6,supine
2024-01-16 00:40:04,61.7,97.6,1,0.997,13.9,supine
2024-01-16 00:40:06,61.5,97.5,1,1,14,supine
2024-01-16 00:40:08,63.7,97.2,1,1,12.5,supine
2024-01-16 00:40:10,61.9,96.6,1,1,14.3,supine
2024-01-16 00:40:12,62.3,97.4,1,0.94,14.3,supine
2024-01-16 00:40:14,62.7,97.3,0.978,1,13.8,supine
2024-01-16 00:40:16,65.3,97.5,1,0.941,14,supine
2024-01-16 00:40:18,61.8,97.7,0.951,0.942,14,supine
2024-01-16 00:40:20,62.4,97.8,0.974,0.98,14.5,supine
2024-01-16 00:40:22,65.7,97.9,1,1,14.1,supine
2024-01-16 00:40:24,61.5,96.8,0.996,1,13.8,supine
2024-01-16 00:40:26,63.6,97.7,1,1,14.1,supine
2024-01-16 00:40:28,59.1,97.7,1,0.945,14.3,supine
2024-01-16 00:40:30,59.5,97.7,0.984,0.959,14,supine
2024-01-16 00:40:32,62.8,97.5,0.982,1,13.9,supine
2024-01-16 00:40:34,59.9,97.5,0.996,0.956,13.8,supine
2024-01-16 00:40:36,63.3,97.3,1,1,14,supine
2024-01-16 00:40:38,63.2,97.4,1,1,13.1,supine
2024-01-16 00:40:40,63.4,97.6,1,1,13.2,supine
2024-01-16 00:40:42,65.3,97.4,0.99,1,14,supine
2024-01-16 00:40:44,62.2,97.6,0.942,0.999,13.2,supine
2024-01-16 00:40:46,62,97.6,0.981,1,14.7,supine
2024-01-16 00:40:48,60,97.4,0.999,0.961,14.1,supine
2024-01-16 00:40:50,64.1,97.2,0.995,1,13.2,supine
2024-01-16 00:40:52,61.5,97.7,0.954,0.975,13.3,supine
2024-01-16 00:40:54,62.5,97.2,1,0.988,14.6,supine
2024-01-16 00:40:56,62.1,97.5,1,1,13.9,supine
2024-01-16 00:40:58,66,97.5,1,0.974,13.8,supine
2024-01-16 00:41:00,62.1,97.5,1,0.998,13.6,supine
2024-01-16 00:41:02,61.5,97.2,0.976,1,14,supine
2024-01-16 00:41:04,62.3,97.8,0.971,1,14.3,supine
2024-01-16 00:41:06,60.7,97.3,1,0.981,14.5,supine
2024-01-16 00:41:08,63.3,97.1,0.995,0.965,13.8,supine
2024-01-16 00:41:10,62.9,97.4,0.983,0.973,13,supine
2024-01-16 00:41:12,62.3,97.1,0.969,1,14.3,supine
2024-01-16 00:41:14,64.6,97.1,1,1,14.7,supine
2024-01-16 00:41:16,60.1,97.1,1,0.941,13.4,supine
2024-01-16 00:41:18,60,97.5,1,1,13.2,supine
2024-01-16 00:41:20,64.3,97.3,0.984,0.975,13.5,supine
2024-01-16 00:41:22,63.8,97.9,0.95,0.968,13.2,supine
2024-01-16 00:41:24,61.9,97.3,0.976,1,14.2,supine
2024-01-16 00:41:26,61.5,97.2,0.959,0.965,14.2,supine
2024-01-16 00:41:28,62.4,97.6,1,1,13.6,supine
2024-01-16 00:41:30,63.1,97.8,0.986,1,13.9,supine
2024-01-16 00:41:32,61.8,97.7,1,1,14.3,supine
2024-01-16 00:41:34,62.1,97.4,1,1,14.4,supine
2024-01-16 00:41:36,60.3,97.6,0.966,1,13.6,supine
2024-01-16 00:41:38,62.3,97.9,1,0.976,14.4,supine
2024-01-16 00:41:40,61.1,98,0.971,0.998,14.7,supine
2024-01-16 00:41:42,60.3,97.4,1,0.941,14.1,supine
2024-01-16 00:41:44,60.7,97.4,1,1,14.6,supine
2024-01-16 00:41:46,65.5,97.6,1,0.995,14.1,supine
2024-01-16 00:41:48,62.8,97.5,1,1,13.7,supine
2024-01-16 00:41:50,63.6,97.4,1,1,14.1,supine
2024-01-16 00:41:52,62.7,97,0.973,1,13.7,supine
2024-01-16 00:41:54,61.7,97.4,1,1,13.4,supine
2024-01-16 00:41:56,63.2,97.6,1,1,13.9,supine
2024-01-16 00:41:58,62.8,97.6,0.956,1,14.3,supine
2024-01-16 00:42:00,61.8,97.1,0.977,0.95,14.3,supine
2024-01-16 00:42:02,60.9,97.1,0.984,1,14.5,supine
2024-01-16 00:42:04,64.3,97.5,0.95,0.967,14.4,supine
2024-01-16 00:42:06,63.8,97.9,1,0.942,14.3,supine
2024-01-16 00:42:08,60.8,97.4,1,1,14.6,supine
2024-01-16 00:42:10,62.5,97.9,1,0.977,14,supine
2024-01-16 00:42:12,64.8,96.7,1,0.97,13.7,supine
2024-01-16 00:42:14,60.8,97.1,0.984,1,13.9,supine
2024-01-16 00:42:16,63.6,97.6,0.985,0.977,14,supine
2024-01-16 00:42:18,62.1,97,0.983,1,13.9,supine
2024-01-16 00:42:20,61.3,96.7,1,0.998,14.1,supine
2024-01-16 00:42:22,62,97.5,1,1,14.9,supine
2024-01-16 00:42:24,62.9,97.6,1,1,13.3,supine
2024-01-16 00:42:26,62.1,97,1,1,14,supine
2024-01-16 00:42:28,59.8,97.7,0.986,1,13.9,supine
2024-01-16 00:42:30,64.8,97.2,1,0.985,13.8,supine
2024-01-16 00:42:32,60.8,97.7,1,1,13.9,supine
2024-01-16 00:42:34,63.1,97.4,1,1,13.5,supine
2024-01-16 00:42:36,61.8,98.1,0.993,1,14.2,supine
2024-01-16 00:42:38,62.1,97.6,1,0.984,13.7,supine
2024-01-16 00:42:40,62.2,97.3,1,1,14,supine
2024-01-16 00:42:42,60.1,97.4,0.969,1,14.9,supine
2024-01-16 00:42:44,64.4,97.6,0.974,1,14.3,supine
2024-01-16 00:42:46,63.7,97.1,0.92,0.963,13.1,supine
2024-01-16 00:42:48,61.8,97.3,0.954,0.922,13.6,supine
2024-01-16 00:42:50,60.7,96.9,1,1,14.4,supine
2024-01-16 00:42:52,61.4,97.7,0.992,0.982,14.2,supine
2024-01-16 00:42:54,62.5,97.6,0.939,1,14.2,supine
2024-01-16 00:42:56,61.8,97.6,1,1,14.1,supine
2024-01-16 00:42:58,64.4,97.2,1,1,13.6,supine
2024-01-16 00:43:00,63.4,98,1,0.92,13.9,supine
2024-01-16 00:43:02,59.4,97.7,0.956,0.987,13.8,supine
2024-01-16 00:43:04,61.9,97.4,1,0.976,14.3,supine
2024-01-16 00:43:06,62.6,97.4,1,0.987,14.1,supine
2024-01-16 00:43:08,62,98,0.962,1,13.8,supine
2024-01-16 00:43:10,63.6,96.9,0.973,0.984,14,supine
2024-01-16 00:43:12,61,97.8,1,0.964,13.6,supine
2024-01-16 00:43:14,57.9,97.9,0.967,1,14,supine
2024-01-16 00:43:16,59.9,97.2,0.959,1,13.1,supine
2024-01-16 00:43:18,61.6,97.1,1,1,14.7,supine
2024-01-16 00:43:20,61.2,97.8,0.968,0.982,13.9,supine
2024-01-16 00:43:22,65.4,97.6,1,1,13.4,supine
2024-01-16 00:43:24,60.3,97.2,0.961,0.988,13.7,supine
2024-01-16 00:43:26,61.4,97.6,0.998,0.957,13.9,supine
2024-01-16 00:43:28,61.9,97.8,1,1,14.1,supine
2024-01-16 00:43:30,63.5,97.8,1,1,12.8,supine
2024-01-16 00:43:32,61.3,97.6,1,1,14.3,supine
2024-01-16 00:43:34,60.7,97.4,1,1,14.7,supine
2024-01-16 00:43:36,62,97.5,1,0.982,13.9,supine
2024-01-16 00:43:38,61.6,97.5,1,0.979,14.3,supine
2024-01-16 00:43:40,63.8,97.9,1,1,14.7,supine
2024-01-16 00:43:42,61.9,97.5,1,0.966,13.7,supine
2024-01-16 00:43:44,62.8,97.4,1,1,14.4,supine
2024-01-16 00:43:46,59.9,97.7,1,1,14.2,supine
2024-01-16 00:43:48,63.2,97.9,0.984,0.987,13.7,supine
2024-01-16 00:43:50,62.4,97.3,1,1,14.7,supine
2024-01-16 00:43:52,61.7,96.9,0.995,1,13.8,supine
2024-01-16 00:43:54,61.7,97.5,1,0.998,14,supine
2024-01-16 00:43:56,61.1,97.6,1,0.974,13.7,supine
2024-01-16 00:43:58,60.9,97.4,1,0.984,13.6,supine
2024-01-16 00:44:00,61.7,97.4,0.977,0.989,14.2,supine
2024-01-16 00:44:02,64,97.1,0.971,0.957,13.7,supine
2024-01-16 00:44:04,61.1,97.4,1,1,15,supine
2024-01-16 00:44:06,62.8,96.9,0.993,1,12.9,supine
2024-01-16 00:44:08,59.5,97.4,0.987,0.991,14.1,supine
2024-01-16 00:44:10,61.1,97.7,1,1,13.7,supine
2024-01-16 00:44:12,66,97.5,1,1,14.1,supine
2024-01-16 00:44:14,61.4,97.4,0.988,0.982,14.3,supine
2024-01-16 00:44:16,64.1,98.1,0.977,0.983,14.2,supine
2024-01-16 00:44:18,60.5,97.6,0.999,1,14,supine
2024-01-16 00:44:20,64.1,97.6,1,0.987,13.4,supine
2024-01-16 00:44:22,61.8,97.8,1,0.963,13.9,supine
2024-01-16 00:44:24,61.1,97.5,1,0.947,14,supine
2024-01-16 00:44:26,62.1,97.5,0.962,0.999,12.6,supine
2024-01-16 00:44:28,63.5,97.9,0.981,1,13.9,supine
2024-01-16 00:44:30,61.5,97.7,1,0.972,14.1,supine
2024-01-16 00:44:32,61.9,96.7,1,1,14.2,supine
2024-01-16 00:44:34,61.4,97.5,1,0.947,13.7,supine
2024-01-16 00:44:36,63.4,97.2,1,1,15.1,supine
2024-01-16 00:44:38,60.2,97.4,0.975,0.995,14.3,supine
2024-01-16 00:44:40,62.2,97.7,1,0.999,13.2,supine
2024-01-16 00:44:42,63.4,97.6,1,0.999,13.2,supine
2024-01-16 00:44:44,61.1,97,0.997,0.992,15,supine
2024-01-16 00:44:46,60.4,97.6,1,1,13.9,supine
2024-01-16 00:44:48,64.2,97.8,0.981,1,14.1,supine
2024-01-16 00:44:50,61.6,97.2,0.977,1,13.9,supine
2024-01-16 00:44:52,62.8,97,1,1,15.1,supine
2024-01-16 00:44:54,60.2,97.6,1,1,14.6,supine
2024-01-16 00:44:56,60.6,97.4,1,1,12.9,supine
2024-01-16 00:44:58,61.5,97.1,0.971,0.982,13.2,supine
2024-01-16 00:45:00,61.7,97.5,1,1,13.9,supine
2024-01-16 00:45:02,63.4,97.6,1,0.989,13.8,supine
2024-01-16 00:45:04,59.1,97.6,0.978,1,13.9,supine
2024-01-16 00:45:06,60.8,97.1,1,0.958,13.2,supine
2024-01-16 00:45:08,61.9,97,0.955,0.961,13.9,supine
2024-01-16 00:45:10,61.7,97.7,0.994,0.984,14.4,supine
2024-01-16 00:45:12,60.1,97.7,1,1,14.4,supine
2024-01-16 00:45:14,63.7,97.5,0.971,1,13.2,supine
2024-01-16 00:45:16,65.5,97.7,1,0.982,13.2,supine
2024-01-16 00:45:18,63.4,97,0.991,0.955,13.3,supine
2024-01-16 00:45:20,63.9,96.7,0.999,0.974,13.6,supine
2024-01-16 00:45:22,61.4,97.4,0.972,1,14.4,supine
2024-01-16 00:45:24,61.3,97.3,1,1,13.5,supine
2024-01-16 00:45:26,61.2,97.8,0.968,0.959,13.4,supine
2024-01-16 00:45:28,64.1,97.7,0.956,1,14,supine
2024-01-16 00:45:30,64,97.7,1,1,13.4,supine
2024-01-16 00:45:32,61.3,97.8,1,1,13.8,supine
2024-01-16 00:45:34,61.8,97.1,0.97,1,14.2,supine
2024-01-16 00:45:36,63,97.3,1,1,13.3,supine
2024-01-16 00:45:38,62.2,97.3,0.992,1,13.8,supine
2024-01-16 00:45:40,60.6,97.8,0.99,1,14.7,supine
2024-01-16 00:45:42,61.8,98.1,0.94,1,13.5,supine
2024-01-16 00:45:44,62,97.3,0.986,1,13.9,supine
2024-01-16 00:45:46,61.4,97.1,0.972,0.995,14.1,supine
2024-01-16 00:45:48,60.2,97.1,1,0.981,14.5,supine
2024-01-16 00:45:50,66.2,96.9,1,1,13.9,supine
2024-01-16 00:45:52,60,97.1,1,0.989,15.1,supine
2024-01-16 00:45:54,58.9,97.2,0.978,1,13.8,supine
2024-01-16 00:45:56,65.2,97.7,0.992,0.988,13,supine
2024-01-16 00:45:58,59,97.7,1,1,14.3,supine
2024-01-16 00:46:00,63.3,97.3,0.954,1,14.3,supine
2024-01-16 00:46:02,61.2,97.1,1,0.987,13.9,supine
2024-01-16 00:46:04,64.1,97.8,1,1,14.2,supine
2024-01-16 00:46:06,61.6,97.7,0.965,1,14.4,supine
2024-01-16 00:46:08,60.8,97.4,0.984,1,14,supine
2024-01-16 00:46:10,61.6,97.9,0.966,0.991,14.8,supine
2024-01-16 00:46:12,63.7,96.8,0.989,1,13.1,supine
2024-01-16 00:46:14,61.7,97.3,1,1,14.7,supine
2024-01-16 00:46:16,62.5,97.8,1,0.968,13.7,supine
2024-01-16 00:46:18,63.4,97.6,1,0.985,13.7,supine
2024-01-16 00:46:20,65.1,98,0.99,1,14.1,supine
2024-01-16 00:46:22,61.2,97.4,1,1,14.1,supine
2024-01-16 00:46:24,62.7,97.2,0.951,0.972,13.7,supine
2024-01-16 00:46:26,62,97.4,1,0.951,14.3,supine
2024-01-16 00:46:28,63.3,97.5,0.982,1,13.5,supine
2024-01-16 00:46:30,59.1,97.4,1,0.988,14.6,supine
2024-01-16 00:46:32,59.6,96.8,1,0.975,13.7,supine
2024-01-16 00:46:34,60.6,97.7,0.988,1,14.7,supine
2024-01-16 00:46:36,62.2,96.9,0.99,1,14,supine
2024-01-16 00:46:38,63.3,97.7,1,0.949,13.9,supine
2024-01-16 00:46:40,62.5,97.1,0.994,0.957,14.2,supine
2024-01-16 00:46:42,61.5,97.3,0.992,1,12.7,supine
2024-01-16 00:46:44,62.8,97.6,1,1,13.7,supine
2024-01-16 00:46:46,61.9,97.5,0.995,0.972,14.1,supine
2024-01-16 00:46:48,61.3,97.5,0.99,0.991,14.6,supine
2024-01-16 00:46:50,62.7,96.8,1,0.976,14.1,supine
2024-01-16 00:46:52,59.3,97.1,0.991,0.996,14.2,supine
2024-01-16 00:46:54,62.5,97.5,1,0.987,13.8,supine
2024-01-16 00:46:56,60.1,97.2,1,1,13.6,supine
2024-01-16 00:46:58,62.7,97.6,0.981,0.979,14.3,supine
2024-01-16 00:47:00,60.3,98.1,0.955,1,14.3,supine
2024-01-16 00:47:02,64,97.1,0.974,0.985,14.1,supine
2024-01-16 00:47:04,61.2,97,1,0.975,14.6,supine
2024-01-16 00:47:06,60.8,97.8,1,0.997,13,supine
2024-01-16 00:47:08,64,97.7,0.996,1,13.9,supine
2024-01-16 00:47:10,61.1,97.4,0.942,0.974,13.5,supine
2024-01-16 00:47:12,59.8,97.3,0.98,1,14.4,supine
2024-01-16 00:47:14,62.2,97.6,0.963,0.99,14.4,supine
2024-01-16 00:47:16,60,97.3,0.986,0.95,14.4,supine
2024-01-16 00:47:18,62.8,97.5,0.999,0.989,14.3,supine
2024-01-16 00:47:20,59.2,97.7,1,0.989,13.9,supine
2024-01-16 00:47:22,59.9,97.1,1,1,13.8,supine
2024-01-16 00:47:24,63.2,97.8,1,1,14.2,supine
2024-01-16 00:47:26,60.9,97.5,1,1,12.9,supine
2024-01-16 00:47:28,58.6,97.5,1,0.974,13.7,supine
2024-01-16 00:47:30,61.6,97.6,0.941,0.948,13.1,supine
2024-01-16 00:47:32,60.4,97.7,1,0.997,13.7,supine
2024-01-16 00:47:34,59.7,97.6,1,0.972,13.8,supine
2024-01-16 00:47:36,60.2,97.4,1,1,14.5,supine
2024-01-16 00:47:38,61,97.5,1,1,14.5,supine
2024-01-16 00:47:40,61.4,97.2,0.992,1,14.6,supine
2024-01-16 00:47:42,61.7,97,0.967,1,13.7,supine
2024-01-16 00:47:44,60.2,97.6,1,0.958,14.3,supine
2024-01-16 00:47:46,60.7,97.5,1,1,13.5,supine
2024-01-16 00:47:48,62.8,97.4,0.994,1,14.5,supine
2024-01-16 00:47:50,62.1,97.3,0.932,0.967,13.5,supine
2024-01-16 00:47:52,62.2,97.6,1,1,14.7,supine
2024-01-16 00:47:54,59.3,98.1,0.928,0.964,14,supine
2024-01-16 00:47:56,63.6,97.8,1,0.909,12.9,supine
2024-01-16 00:47:58,61.6,97.2,1,0.973,14.2,supine
2024-01-16 00:48:00,63,98,0.93,1,14.1,supine
2024-01-16 00:48:02,60.7,96.9,1,1,14.4,supine
2024-01-16 00:48:04,63.1,97.8,1,0.998,13.8,supine
2024-01-16 00:48:06,61.7,97.5,0.948,0.963,14.3,supine
2024-01-16 00:48:08,62.6,97.3,0.98,0.973,13.6,supine
2024-01-16 00:48:10,62.2,97,0.987,1,14.1,supine
2024-01-16 00:48:12,63.4,97.2,0.978,1,14.6,supine
2024-01-16 00:48:14,60.5,97.2,0.94,1,14.2,supine
2024-01-16 00:48:16,63.5,97.2,1,0.947,14.6,supine
2024-01-16 00:48:18,61.9,97.4,0.955,1,13.1,supine
2024-01-16 00:48:20,63.8,97.6,1,1,13.6,supine
2024-01-16 00:48:22,62.7,97.4,0.975,0.966,14.2,supine
2024-01-16 00:48:24,63.6,97.6,0.949,1,14.3,supine
2024-01-16 00:48:26,63.9,97.3,0.988,0.979,14,supine
2024-01-16 00:48:28,60.2,97.6,1,0.996,13.3,supine
2024-01-16 00:48:30,64.3,97.5,0.994,1,14.7,supine
2024-01-16 00:48:32,60.9,97.6,1,1,14.3,supine
2024-01-16 00:48:34,62.2,97,1,1,13.2,supine
2024-01-16 00:48:36,64.5,97.8,1,0.988,14,supine
2024-01-16 00:48:38,57.9,96.9,0.984,1,14.9,supine
2024-01-16 00:48:40,61.5,96.8,0.994,1,15.7,supine
2024-01-16 00:48:42,61.4,97.6,1,0.936,14.4,supine
2024-01-16 00:48:44,63.7,97.8,0.956,0.983,13.8,supine
2024-01-16 00:48:46,61.5,97.5,0.976,0.981,13.6,supine
2024-01-16 00:48:48,62,97.9,1,1,14.2,supine
2024-01-16 00:48:50,62.9,97.2,1,1,13.9,supine
2024-01-16 00:48:52,64.3,97.5,0.998,0.978,13.5,supine
2024-01-16 00:48:54,61,97.3,0.998,0.977,13.6,supine
2024-01-16 00:48:56,60.6,97.3,1,1,13.8,supine
2024-01-16 00:48:58,61.2,97.3,1,0.998,13.9,supine
2024-01-16 00:49:00,62.4,96.9,1,1,13.4,supine
2024-01-16 00:49:02,59.4,96.9,1,1,14,supine
2024-01-16 00:49:04,62.1,97.3,0.992,1,14.2,supine
2024-01-16 00:49:06,59.6,97.4,1,1,14.3,supine
2024-01-16 00:49:08,62.6,97.9,0.977,1,13.8,supine
2024-01-16 00:49:10,62,97,0.944,0.973,13.7,supine
2024-01-16 00:49:12,62.6,97.4,0.977,1,13.8,supine
2024-01-16 00:49:14,61.6,97.7,1,1,13.2,supine
2024-01-16 00:49:16,61.8,97.7,1,1,14,supine
2024-01-16 00:49:18,63,97.5,1,1,14.3,supine
2024-01-16 00:49:20,61.5,97.5,0.967,0.988,13.7,supine
2024-01-16 00:49:22,61.7,97.2,0.965,1,13.6,supine
2024-01-16 00:49:24,62,97.7,0.99,1,13.3,supine
2024-01-16 00:49:26,64.2,97.8,1,1,14,supine
2024-01-16 00:49:28,62.3,97.9,0.989,1,13.5,supine
2024-01-16 00:49:30,61.8,97.9,1,1,13.8,supine
2024-01-16 00:49:32,65.2,97.6,0.982,1,14.3,supine
2024-01-16 00:49:34,62.2,97.7,1,1,14.5,supine
2024-01-16 00:49:36,61.1,97.4,1,1,13.9,supine
2024-01-16 00:49:38,62.4,97.2,1,0.97,14.4,supine
2024-01-16 00:49:40,61.6,97.6,0.972,0.973,13.7,supine
2024-01-16 00:49:42,61.6,97.4,0.988,0.968,13.8,supine
2024-01-16 00:49:44,64.4,97.9,0.925,1,14.4,supine
2024-01-16 00:49:46,64.1,97.6,1,0.995,13.7,supine
2024-01-16 00:49:48,60.7,97.5,1,0.996,13.8,supine
2024-01-16 00:49:50,61.7,97.6,1,0.981,14.5,supine
2024-01-16 00:49:52,64.2,97.7,1,0.988,13.6,supine
2024-01-16 00:49:54,59.2,97.8,1,1,13.9,supine
2024-01-16 00:49:56,61.2,97.5,1,1,14.7,supine
2024-01-16 00:49:58,59.4,97.7,1,1,14.4,supine
2024-01-16 00:50:00,60.1,97.5,1,1,13.8,supine
2024-01-16 00:50:02,63.4,97.7,0.951,1,14.2,supine
2024-01-16 00:50:04,61.9,97.5,0.991,1,14,supine
2024-01-16 00:50:06,60.8,97.5,1,0.955,14.3,supine
2024-01-16 00:50:08,60.8,97.4,1,0.974,13.9,supine
2024-01-16 00:50:10,63,97.4,1,1,13.7,supine
2024-01-16 00:50:12,60.2,97.3,0.98,0.997,13.6,supine
2024-01-16 00:50:14,63.2,97.6,1,0.957,13.7,supine
2024-01-16 00:50:16,63.6,97.4,1,1,12.8,supine
2024-01-16 00:50:18,59.8,97.4,0.951,0.947,13.8,supine
2024-01-16 00:50:20,58.4,97.8,0.969,0.982,15,supine
2024-01-16 00:50:22,62.5,97.4,1,1,14.3,supine
2024-01-16 00:50:24,61,97.3,1,0.997,14,supine
2024-01-16 00:50:26,62.6,97.3,0.92,1,13.9,supine
2024-01-16 00:50:28,61.1,97.7,0.983,0.962,14.6,supine
2024-01-16 00:50:30,59.6,98,0.998,0.969,13.5,supine
2024-01-16 00:50:32,61.4,97.6,1,1,14.2,supine
2024-01-16 00:50:34,60.9,97.1,1,0.991,13.8,supine
2024-01-16 00:50:36,62.6,97.5,1,0.998,14.5,supine
2024-01-16 00:50:38,61.4,97.7,0.979,1,13.8,supine
2024-01-16 00:50:40,60.4,97.5,0.955,0.991,14.5,supine
2024-01-16 00:50:42,60.7,97.5,0.995,0.985,13.9,supine
2024-01-16 00:50:44,60.5,97.1,0.933,1,14.5,supine
2024-01-16 00:50:46,62.8,97.2,1,1,15,supine
2024-01-16 00:50:48,63.7,97.1,0.972,0.973,13.3,supine
2024-01-16 00:50:50,62.4,97.8,1,1,13.7,supine
2024-01-16 00:50:52,60.9,97.6,0.97,0.959,14.1,supine
2024-01-16 00:50:54,61.2,97.2,1,1,13.8,supine
2024-01-16 00:50:56,60.1,97.7,0.964,0.977,14,supine
2024-01-16 00:50:58,61.8,97.4,1,1,13.4,supine
2024-01-16 00:51:00,63.2,97.5,1,1,13.8,supine
2024-01-16 00:51:02,63.3,97,1,0.996,13.8,supine
2024-01-16 00:51:04,60.9,97.6,1,1,14.3,supine
2024-01-16 00:51:06,60.1,96.9,1,0.965,13.3,supine
2024-01-16 00:51:08,62.6,98.2,1,0.963,14.5,supine
2024-01-16 00:51:10,62.4,97.7,0.996,0.941,13.8,supine
2024-01-16 00:51:12,62.6,97.6,0.993,1,13.8,supine
2024-01-16 00:51:14,63.4,97.8,1,0.978,14.6,supine
2024-01-16 00:51:16,62,97.6,0.997,1,14,supine
2024-01-16 00:51:18,61,97,1,1,14.2,supine
2024-01-16 00:51:20,61.5,97.5,0.976,1,14.4,supine
2024-01-16 00:51:22,63.1,97.9,0.976,0.947,13.5,supine
2024-01-16 00:51:24,62,97,0.961,1,14.4,supine
2024-01-16 00:51:26,61.2,97.3,1,0.978,13.6,supine
2024-01-16 00:51:28,59.4,97.4,1,0.978,14.6,supine
2024-01-16 00:51:30,62.7,97.9,1,0.991,14.2,supine
2024-01-16 00:51:32,61.6,97.3,1,0.964,13.6,supine
2024-01-16 00:51:34,62.8,97.5,1,0.972,15.2,supine
2024-01-16 00:51:36,63.5,97.9,1,1,13.9,supine
2024-01-16 00:51:38,60.3,97.7,1,1,13.9,supine
2024-01-16 00:51:40,63.8,97.8,1,0.994,14.1,supine
2024-01-16 00:51:42,58.7,97.8,0.996,0.958,13.7,supine
2024-01-16 00:51:44,61.6,97.7,0.958,0.97,13.4,supine
2024-01-16 00:51:46,61.4,97.5,0.994,0.965,15.1,supine
2024-01-16 00:51:48,64.2,97.3,1,0.958,13.3,supine
2024-01-16 00:51:50,63.6,97.8,0.949,0.984,13.8,supine
2024-01-16 00:51:52,64.2,97.5,0.995,1,14,supine
2024-01-16 00:51:54,59.1,97.7,1,0.989,13.8,supine
2024-01-16 00:51:56,63.6,97.7,1,1,13.5,supine
2024-01-16 00:51:58,64.6,97.5,0.982,1,14.4,supine
2024-01-16 00:52:00,62.9,97.1,0.962,0.976,14.2,supine
2024-01-16 00:52:02,62.5,97.7,0.995,1,13.6,supine
2024-01-16 00:52:04,61.3,97.7,1,1,13.7,supine
2024-01-16 00:52:06,60.8,97.7,1,0.964,13.9,supine
2024-01-16 00:52:08,60.4,97.6,1,1,13.9,supine
2024-01-16 00:52:10,64.5,97.5,1,0.972,13.4,supine
2024-01-16 00:52:12,62.2,98.2,0.94,0.97,14.7,supine
2024-01-16 00:52:14,62.9,97.7,0.975,0.953,14.1,supine
2024-01-16 00:52:16,63.2,97.8,1,1,14.2,supine
2024-01-16 00:52:18,66.4,97,1,0.962,14.1,supine
2024-01-16 00:52:20,59.4,98.1,1,1,14.1,supine
2024-01-16 00:52:22,59.6,97.3,1,0.995,13.4,supine
2024-01-16 00:52:24,60.5,97.3,1,1,13.3,supine
2024-01-16 00:52:26,60.6,97.7,1,0.976,14.2,supine
2024-01-16 00:52:28,61.2,97,1,1,14.4,supine
2024-01-16 00:52:30,63.3,97.5,1,0.963,13.8,supine
2024-01-16 00:52:32,61.6,97.2,1,1,14.1,supine
2024-01-16 00:52:34,59.1,97.2,1,0.98,14,supine
2024-01-16 00:52:36,62.5,97.3,1,1,14.3,supine
2024-01-16 00:52:38,65.1,97.6,1,1,13.5,supine
2024-01-16 00:52:40,63.2,97.7,1,0.979,14.1,supine
2024-01-16 00:52:42,62.4,97.4,0.988,1,13.1,supine
2024-01-16 00:52:44,58.8,97.6,1,0.988,14.1,supine
2024-01-16 00:52:46,65.2,98.3,1,0.974,14.3,supine
2024-01-16 00:52:48,64.5,97.1,0.993,1,14.2,supine
2024-01-16 00:52:50,62,96.9,1,0.965,14.2,supine
2024-01-16 00:52:52,58.7,97.5,1,1,14.4,supine
2024-01-16 00:52:54,60.4,97.4,1,0.999,13.8,supine
2024-01-16 00:52:56,63.3,97.6,0.973,0.939,14.4,supine
2024-01-16 00:52:58,63.2,97.1,0.987,0.985,15,supine
2024-01-16 00:53:00,63.8,98.1,0.937,1,15,supine
2024-01-16 00:53:02,62.1,97.5,1,0.949,14,supine
2024-01-16 00:53:04,63,97.3,0.995,1,14.2,supine
2024-01-16 00:53:06,63.5,97.3,0.919,1,14.2,supine
2024-01-16 00:53:08,60.4,97.7,0.968,1,13.1,supine
2024-01-16 00:53:10,61.9,97.4,1,1,14.3,supine
2024-01-16 00:53:12,63.3,96.9,1,0.967,14.9,supine
2024-01-16 00:53:14,61.7,97.7,0.992,0.955,14.6,supine
2024-01-16 00:53:16,64.3,97.5,0.972,1,14,supine
2024-01-16 00:53:18,61.6,97.2,1,0.978,14.9,supine
2024-01-16 00:53:20,60.6,97.3,0.993,0.954,13.6,supine
2024-01-16 00:53:22,58.5,97.8,0.942,1,14.3,supine
2024-01-16 00:53:24,60.7,97.2,1,1,13.7,supine
2024-01-16 00:53:26,60.6,97.2,1,1,15.2,supine
2024-01-16 00:53:28,61.4,97.6,0.992,0.969,14.4,supine
2024-01-16 00:53:30,62.7,97.7,0.97,1,14.5,supine
2024-01-16 00:53:32,60.7,97.6,1,1,13.9,supine
2024-01-16 00:53:34,59.9,97.1,1,1,13.9,supine
2024-01-16 00:53:36,59.1,97.5,0.998,1,13.4,supine
2024-01-16 00:53:38,62,97.5,0.996,0.982,14,supine
2024-01-16 00:53:40,65,97.7,0.965,1,14,supine
2024-01-16 00:53:42,60.7,97.7,0.998,1,13.6,supine
2024-01-16 00:53:44,63.1,97.7,1,1,14,supine
2024-01-16 00:53:46,59.8,97.8,0.98,0.98,14,supine
2024-01-16 00:53:48,61.7,97.9,1,1,14.4,supine
2024-01-16 00:53:50,62.7,97.1,0.95,1,13.2,supine
2024-01-16 00:53:52,60.3,97.9,1,1,14,supine
2024-01-16 00:53:54,62.6,97.2,0.963,1,13.7,supine
2024-01-16 00:53:56,63.4,97.5,0.965,1,12.6,supine
2024-01-16 00:53:58,61.1,97.8,1,1,13.7,supine
2024-01-16 00:54:00,61,97.5,1,1,14.5,supine
2024-01-16 00:54:02,64.8,97.7,1,1,13.9,supine
2024-01-16 00:54:04,65.7,97.1,1,1,14,supine
2024-01-16 00:54:06,62.1,97.4,0.964,1,14.2,supine
2024-01-16 00:54:08,65.8,97.2,1,0.974,13.7,supine
2024-01-16 00:54:10,60.3,97.8,1,0.992,14.3,supine
2024-01-16 00:54:12,62,97.2,1,0.985,14.3,supine
2024-01-16 00:54:14,62,97.1,0.987,0.982,14,supine
2024-01-16 00:54:16,62.2,97.9,0.961,1,13.4,supine
2024-01-16 00:54:18,61.1,97.1,0.978,0.945,13.6,supine
2024-01-16 00:54:20,60.8,97.6,1,0.999,14.6,supine
2024-01-16 00:54:22,64.9,97,1,0.999,14.2,supine
2024-01-16 00:54:24,62,97.5,0.989,1,14,supine
2024-01-16 00:54:26,63.6,97,1,1,14.8,supine
2024-01-16 00:54:28,61.2,97.6,0.984,1,14.1,supine
2024-01-16 00:54:30,62.6,97.4,0.971,1,14.8,supine
2024-01-16 00:54:32,60,97.7,0.984,0.966,14.6,supine
2024-01-16 00:54:34,60,97.2,0.993,0.991,13.6,supine
2024-01-16 00:54:36,62.8,97.7,1,0.928,13.5,supine
2024-01-16 00:54:38,61.5,97.3,1,1,13.9,supine
2024-01-16 00:54:40,62.3,97.5,0.995,1,13.9,supine
2024-01-16 00:54:42,60.9,97.3,0.995,0.962,13.5,supine
2024-01-16 00:54:44,62.3,97.6,1,0.963,13.4,supine
2024-01-16 00:54:46,59.8,97.6,0.963,1,14.1,supine
2024-01-16 00:54:48,61.1,97.2,1,1,14.5,supine
2024-01-16 00:54:50,63.5,97.5,1,0.992,14.4,supine
2024-01-16 00:54:52,60.1,97.2,1,0.982,13.6,supine
2024-01-16 00:54:54,60.9,97.1,0.997,1,14.2,supine
2024-01-16 00:54:56,60.9,97.3,0.99,0.985,14.9,supine
2024-01-16 00:54:58,61.9,97.5,1,0.978,13.5,supine
2024-01-16 00:55:00,63.4,97.8,0.972,1,13.7,supine
2024-01-16 00:55:02,62.6,97.8,0.984,0.988,13.6,supine
2024-01-16 00:55:04,61.4,97.8,0.955,1,13.5,supine
2024-01-16 00:55:06,60.3,97.2,0.939,0.987,14.3,supine
2024-01-16 00:55:08,60.7,97.8,0.963,1,14.1,supine
2024-01-16 00:55:10,58.8,97.3,1,0.987,12.9,supine
2024-01-16 00:55:12,61,97.6,1,1,14.1,supine
2024-01-16 00:55:14,63.6,98,0.976,0.956,14.1,supine
2024-01-16 00:55:16,60.4,97.7,1,1,14.9,supine
2024-01-16 00:55:18,64.6,97.1,1,1,14,supine
2024-01-16 00:55:20,62.4,97.6,1,1,13.8,supine
2024-01-16 00:55:22,62.6,97.6,1,0.974,13.8,supine
2024-01-16 00:55:24,59,96.8,0.997,1,13.6,supine
2024-01-16 00:55:26,62,97.9,1,1,13.8,supine
2024-01-16 00:55:28,61.9,97.5,0.972,1,13.4,supine
2024-01-16 00:55:30,60.8,97.6,1,1,14,supine
2024-01-16 00:55:32,62.4,97.5,0.998,1,13.9,supine
2024-01-16 00:55:34,63.3,98,0.952,1,14,supine
2024-01-16 00:55:36,64.2,97.5,1,0.97,14.8,supine
2024-01-16 00:55:38,61.4,97.7,0.991,1,13.7,supine
2024-01-16 00:55:40,61.4,97.3,1,0.97,14.1,supine
2024-01-16 00:55:42,63.9,97.3,0.988,0.987,12.8,supine
2024-01-16 00:55:44,59.3,97.7,0.997,1,13.5,supine
2024-01-16 00:55:46,59.2,97.6,0.922,1,14.2,supine
2024-01-16 00:55:48,61.4,97.4,1,0.963,13.9,supine
2024-01-16 00:55:50,60,97.7,1,0.965,13.3,supine
2024-01-16 00:55:52,59.8,97.5,1,1,13.3,supine
2024-01-16 00:55:54,60.5,97.3,0.973,1,14.2,supine
2024-01-16 00:55:56,62.1,97.5,0.965,0.938,14.2,supine
2024-01-16 00:55:58,66,97.5,0.978,0.998,12.9,supine
2024-01-16 00:56:00,63.7,97.2,0.994,0.957,13.9,supine
2024-01-16 00:56:02,62.7,97.5,1,1,13.7,supine
2024-01-16 00:56:04,62.3,97.4,0.933,1,14.5,supine
2024-01-16 00:56:06,61.1,97.7,0.964,0.925,14.5,supine
2024-01-16 00:56:08,61.9,97.4,1,0.98,13.9,supine
2024-01-16 00:56:10,60.4,97.5,0.926,1,13.8,supine
2024-01-16 00:56:12,64.9,97.7,1,0.991,14.5,supine
2024-01-16 00:56:14,64,97.7,1,1,14.1,supine
2024-01-16 00:56:16,62.5,97.3,1,0.956,13.9,supine
2024-01-16 00:56:18,64.3,97.4,1,0.995,13.5,supine
2024-01-16 00:56:20,60,97.5,0.964,0.989,14.3,supine
2024-01-16 00:56:22,61.6,97.6,1,0.98,14.2,supine
2024-01-16 00:56:24,60.1,97.6,0.99,0.987,14.9,supine
2024-01-16 00:56:26,59.9,97.4,0.974,0.979,12.6,supine
2024-01-16 00:56:28,62,97.7,1,0.997,14,supine
2024-01-16 00:56:30,62.9,97.2,1,1,13.9,supine
2024-01-16 00:56:32,63.4,97.1,1,0.972,14.4,supine
2024-01-16 00:56:34,61.1,97.3,0.995,0.997,13.1,supine
2024-01-16 00:56:36,63.2,97.5,1,1,14.1,supine
2024-01-16 00:56:38,62,97,1,1,13.7,supine
2024-01-16 00:56:40,63.2,97.8,1,1,13.7,supine
2024-01-16 00:56:42,63.1,97.2,1,0.98,14.4,supine
2024-01-16 00:56:44,63.1,97.6,1,1,13.5,supine
2024-01-16 00:56:46,64.4,97.8,1,1,13.7,supine
2024-01-16 00:56:48,64,97,1,0.961,14.1,supine
2024-01-16 00:56:50,62.4,97.8,0.98,0.991,13,supine
2024-01-16 00:56:52,63.3,97.9,1,0.982,14.4,supine
2024-01-16 00:56:54,61.5,97.9,0.98,1,13.1,supine
2024-01-16 00:56:56,61.9,97.4,0.973,0.995,14.4,supine
2024-01-16 00:56:58,63.9,97.1,0.98,0.978,14,supine
2024-01-16 00:57:00,65.1,97.3,1,1,13.6,supine
2024-01-16 00:57:02,61.2,97.4,0.954,1,14.1,supine
2024-01-16 00:57:04,63.7,97.8,1,0.965,13.8,supine
2024-01-16 00:57:06,62.5,97.5,1,0.992,13.4,supine
2024-01-16 00:57:08,60.3,97.6,0.968,1,13.8,supine
2024-01-16 00:57:10,60,97.8,0.977,0.984,13.4,supine
2024-01-16 00:57:12,62.8,97.6,0.964,0.993,12.8,supine
2024-01-16 00:57:14,64.4,97.2,1,1,14.2,supine
2024-01-16 00:57:16,59.6,97.6,0.994,1,13.8,supine
2024-01-16 00:57:18,58.6,97.6,0.996,1,14.3,supine
2024-01-16 00:57:20,63.1,96.9,1,1,14.7,supine
2024-01-16 00:57:22,62.7,97.8,0.962,0.976,14.4,supine
2024-01-16 00:57:24,63.2,97.2,1,0.943,13.5,supine
2024-01-16 00:57:26,62,96.8,1,0.991,14,supine
2024-01-16 00:57:28,60.1,97.5,0.972,1,14.1,supine
2024-01-16 00:57:30,63.5,97.4,1,0.996,13.9,supine
2024-01-16 00:57:32,63.6,97.8,1,0.996,13.6,supine
2024-01-16 00:57:34,62.2,97.7,0.918,1,13.9,supine
2024-01-16 00:57:36,61.6,97.5,0.973,1,13.6,supine
2024-01-16 00:57:38,64.9,97.4,0.978,0.996,13,supine
2024-01-16 00:57:40,64.3,97.9,1,1,14.2,supine
2024-01-16 00:57:42,60.9,97.8,1,1,14.3,supine
2024-01-16 00:57:44,62.4,97.9,1,1,14.6,supine
2024-01-16 00:57:46,61.4,97.7,0.99,1,13.9,supine
2024-01-16 00:57:48,64.4,97.7,1,1,14.2,supine
2024-01-16 00:57:50,63.8,98.1,0.949,0.966,13.4,supine
2024-01-16 00:57:52,59.9,97.6,0.972,0.977,13.9,supine
2024-01-16 00:57:54,63.1,97.6,1,0.966,14.6,supine
2024-01-16 00:57:56,63.2,97.7,0.961,0.958,13.5,supine
2024-01-16 00:57:58,62.8,97.8,0.967,1,14.4,supine
2024-01-16 00:58:00,62.5,97.1,0.996,0.968,13.5,supine
2024-01-16 00:58:02,60.8,97.2,1,0.981,13.3,supine
2024-01-16 00:58:04,61.5,97.5,1,0.994,13.7,supine
2024-01-16 00:58:06,62.2,97.7,0.956,0.97,13.9,supine
2024-01-16 00:58:08,62.1,97,1,1,14.2,supine
2024-01-16 00:58:10,61.3,97.1,0.96,0.976,13.9,supine
2024-01-16 00:58:12,59.8,97.2,1,1,14.4,supine
2024-01-16 00:58:14,63,97.7,0.977,0.99,14.9,supine
2024-01-16 00:58:16,66.1,97.2,0.996,1,14,supine
2024-01-16 00:58:18,60.7,97.1,0.975,0.998,13.9,supine
2024-01-16 00:58:20,61.7,98.2,1,0.995,14.2,supine
2024-01-16 00:58:22,62.2,97.7,0.971,1,14.3,supine
2024-01-16 00:58:24,62.9,97,1,1,13.7,supine
2024-01-16 00:58:26,59.1,97.4,0.96,0.978,14.4,supine
2024-01-16 00:58:28,58.4,97.3,1,0.974,14.6,supine
2024-01-16 00:58:30,60.5,97.2,1,1,14,supine
2024-01-16 00:58:32,64,97.1,0.986,1,14.2,supine
2024-01-16 00:58:34,63.6,97.4,0.991,0.938,14.6,supine
2024-01-16 00:58:36,64.6,97.7,0.985,0.999,13.7,supine
2024-01-16 00:58:38,60.7,97.2,1,0.947,13.7,supine
2024-01-16 00:58:40,61.3,97.6,1,1,14.5,supine
2024-01-16 00:58:42,61.3,97.2,0.987,0.969,13.8,supine
2024-01-16 00:58:44,64,96.8,1,1,14.5,supine
2024-01-16 00:58:46,62,97.2,1,0.997,14.5,supine
2024-01-16 00:58:48,62.3,97.8,1,0.974,14.1,supine
2024-01-16 00:58:50,61.9,98.2,0.983,1,14.6,supine
2024-01-16 00:58:52,62.9,97.6,1,1,14.6,supine
2024-01-16 00:58:54,61.4,97.5,1,0.966,15.2,supine
2024-01-16 00:58:56,61,97.6,0.998,1,14.6,supine
2024-01-16 00:58:58,61.2,97.5,1,1,13.4,supine
2024-01-16 00:59:00,57.2,97.1,0.95,0.987,14.2,supine
2024-01-16 00:59:02,62.1,97.8,0.962,0.999,13.5,supine
2024-01-16 00:59:04,62.5,97.3,0.987,1,15.1,supine
2024-01-16 00:59:06,62.9,97.9,1,0.93,14.1,supine
2024-01-16 00:59:08,64,97.8,1,0.99,14.4,supine
2024-01-16 00:59:10,63,97.2,1,0.98,14.2,supine
2024-01-16 00:59:12,60.7,97.2,0.988,1,14.6,supine
2024-01-16 00:59:14,61.4,97.5,1,0.985,13.9,supine
2024-01-16 00:59:16,63.8,97.9,0.949,0.926,13,supine
2024-01-16 00:59:18,60.7,98.1,0.975,1,13.7,supine
2024-01-16 00:59:20,62.4,97.7,1,1,13.9,supine
2024-01-16 00:59:22,62.8,97.9,0.972,1,13.2,supine
2024-01-16 00:59:24,60.9,97.4,0.984,1,13.9,supine
2024-01-16 00:59:26,64.8,97.7,1,0.991,14,supine
2024-01-16 00:59:28,63.6,98.4,0.96,0.974,13.8,supine
2024-01-16 00:59:30,61.3,97.5,0.991,0.998,14.3,supine
2024-01-16 00:59:32,61.7,97.4,0.989,0.941,15,supine
2024-01-16 00:59:34,64.1,97.1,0.971,0.946,13.8,supine
2024-01-16 00:59:36,63.8,97.7,0.997,1,14.4,supine
2024-01-16 00:59:38,61.4,98.1,1,0.987,14.1,supine
2024-01-16 00:59:40,62.5,97.9,0.971,0.996,14.2,supine
2024-01-16 00:59:42,63.1,97.9,0.998,1,13,supine
2024-01-16 00:59:44,62.1,97.4,1,0.962,14.4,supine
2024-01-16 00:59:46,58.9,97.3,1,0.97,13.7,supine
2024-01-16 00:59:48,61.6,97.5,0.961,0.996,13.7,supine
2024-01-16 00:59:50,62.2,97.6,1,1,12.7,supine
2024-01-16 00:59:52,61.9,97.2,0.971,1,13.8,supine
2024-01-16 00:59:54,63.1,96.8,1,1,13.8,supine
2024-01-16 00:59:56,62.7,97.4,0.986,1,14.8,supine
2024-01-16 00:59:58,64.7,97.8,0.973,0.971,14.7,supine
2024-01-16 01:00:00,59.2,97.7,0.067,0.773,0,supine
2024-01-16 01:00:02,60.2,97.6,0.039,0.625,0,supine
2024-01-16 01:00:04,56.4,97.3,0.055,0.657,0,supine
2024-01-16 01:00:06,59.4,97.7,0.055,0.691,0,supine
2024-01-16 01:00:08,57.1,97.9,0.037,0.697,0,supine
2024-01-16 01:00:10,62.6,97.2,0.043,0.667,0,supine
2024-01-16 01:00:12,57.1,96.9,0.022,0.694,0,supine
2024-01-16 01:00:14,59,96.7,0.021,0.785,0,supine
2024-01-16 01:00:16,58.1,95.7,0.049,0.661,0,supine
2024-01-16 01:00:18,65.3,95.3,0.966,0.991,13.4,supine
2024-01-16 01:00:20,68.7,95.1,0.969,1,14,supine
2024-01-16 01:00:22,66.7,94.5,1,0.985,14.4,supine
2024-01-16 01:00:24,67,94.6,1,0.975,14.1,supine
2024-01-16 01:00:26,66.9,94.5,0.971,0.986,13.6,supine
2024-01-16 01:00:28,62.2,94.5,1,1,14.3,supine
2024-01-16 01:00:30,60.4,94,1,1,15,supine
2024-01-16 01:00:32,62.4,93.7,1,0.999,13.9,supine
2024-01-16 01:00:34,61.1,97.5,1,0.964,14.2,supine
2024-01-16 01:00:36,61.6,97.5,1,0.982,14.5,supine
2024-01-16 01:00:38,60.6,97.4,1,0.997,13.7,supine
2024-01-16 01:00:40,63,97.6,0.985,0.889,13.4,supine
2024-01-16 01:00:42,60.7,97.4,1,1,14,supine
2024-01-16 01:00:44,63,98.2,1,1,15.3,supine
2024-01-16 01:00:46,61.8,97.1,1,0.992,14.4,supine
2024-01-16 01:00:48,59.1,97.5,0.93,0.987,14.6,supine
2024-01-16 01:00:50,62.5,97,0.966,1,13.8,supine
2024-01-16 01:00:52,63.6,97.3,1,1,13.6,supine
2024-01-16 01:00:54,63.1,97.5,0.999,0.985,13.4,supine
2024-01-16 01:00:56,61.9,96.8,1,1,14.6,supine
2024-01-16 01:00:58,61.1,97.6,1,0.989,14,supine
2024-01-16 01:01:00,65,97.2,1,1,14,supine
2024-01-16 01:01:02,62.6,97.2,0.946,1,14.4,supine
2024-01-16 01:01:04,61.8,97.7,0.98,0.995,14.5,supine
2024-01-16 01:01:06,63.3,97.4,1,0.987,14.3,supine
2024-01-16 01:01:08,62.3,97.5,1,0.999,14.6,supine
2024-01-16 01:01:10,59.4,97.8,0.976,1,14.3,supine
2024-01-16 01:01:12,63.4,97.5,0.954,0.988,13.4,supine
2024-01-16 01:01:14,64.2,97.8,1,0.979,14.4,supine
2024-01-16 01:01:16,60.4,97.2,0.977,1,14.2,supine
2024-01-16 01:01:18,61.9,97.6,0.962,0.965,14.6,supine
2024-01-16 01:01:20,60.8,97.4,0.987,0.991,13.5,supine
2024-01-16 01:01:22,65,97.4,1,0.977,13.7,supine
2024-01-16 01:01:24,63.9,97.9,1,1,14.3,supine
2024-01-16 01:01:26,63.6,97.3,1,1,14.1,supine
2024-01-16 01:01:28,63.3,97.9,0.997,1,15.1,supine
2024-01-16 01:01:30,57.6,97.4,0.989,0.998,12.9,supine
2024-01-16 01:01:32,61.1,97.5,0.936,1,14.1,supine
2024-01-16 01:01:34,62.2,97.4,1,0.994,13.7,supine
2024-01-16 01:01:36,60.8,98.1,1,0.999,14.4,supine
2024-01-16 01:01:38,60.9,97.3,1,0.985,13.5,supine
2024-01-16 01:01:40,61,97.3,1,1,14.8,supine
2024-01-16 01:01:42,61.3,97.3,1,0.971,13.5,supine
2024-01-16 01:01:44,62.7,97.5,0.992,0.989,13.5,supine
2024-01-16 01:01:46,63.5,97.4,0.927,1,14.2,supine
2024-01-16 01:01:48,60.4,97.4,1,0.974,13.8,supine
2024-01-16 01:01:50,61.3,97.4,0.962,0.98,14.2,supine
2024-01-16 01:01:52,62.3,97.4,1,1,14.4,supine
2024-01-16 01:01:54,60.3,97.3,1,0.999,14.4,supine
2024-01-16 01:01:56,60.6,97.7,0.995,1,13.9,supine
2024-01-16 01:01:58,62.5,97.4,0.998,1,13.7,supine
2024-01-16 01:02:00,63,97.3,1,0.995,13.4,supine
2024-01-16 01:02:02,61.3,98.1,0.982,1,13.7,supine
2024-01-16 01:02:04,62.7,97.1,1,0.995,13.7,supine
2024-01-16 01:02:06,63.8,97.2,1,1,13.7,supine
2024-01-16 01:02:08,59.9,97.6,1,0.977,13.7,supine
2024-01-16 01:02:10,66.4,97.5,1,0.985,14.5,supine
2024-01-16 01:02:12,65.6,97.8,0.957,0.999,13.9,supine
2024-01-16 01:02:14,62.4,97.9,1,0.975,13.6,supine
2024-01-16 01:02:16,61.9,97.6,0.942,1,13,supine
2024-01-16 01:02:18,62,97.2,1,1,14.2,supine
2024-01-16 01:02:20,61.1,98,1,1,13.5,supine
2024-01-16 01:02:22,63.3,97.8,1,0.977,13.7,supine
2024-01-16 01:02:24,61.3,97.6,1,0.989,13.9,supine
2024-01-16 01:02:26,60.8,97.7,1,1,14.5,supine
2024-01-16 01:02:28,60.6,97.9,0.923,0.969,15.3,supine
2024-01-16 01:02:30,60.6,97.6,0.993,0.982,14.2,supine
2024-01-16 01:02:32,61.2,97.3,0.958,0.943,15.3,supine
2024-01-16 01:02:34,64,97.6,0.965,1,14.3,supine
2024-01-16 01:02:36,62.5,97.1,1,0.949,13.9,supine
2024-01-16 01:02:38,60.2,97.2,1,1,14.3,supine
2024-01-16 01:02:40,60.9,97.9,0.979,0.99,13.9,supine
2024-01-16 01:02:42,63.6,97.6,1,0.96,13.3,supine
2024-01-16 01:02:44,63.6,97.2,1,0.975,13.9,supine
2024-01-16 01:02:46,64.6,97.3,1,0.966,14.3,supine
2024-01-16 01:02:48,60.1,97.5,1,1,13.6,supine
2024-01-16 01:02:50,62.3,97.2,0.983,1,13.3,supine
2024-01-16 01:02:52,61.4,98.2,0.991,1,13.7,supine
2024-01-16 01:02:54,62.7,97.6,1,1,13.8,supine
2024-01-16 01:02:56,62.7,97.7,0.974,0.948,14.4,supine
2024-01-16 01:02:58,62.9,97.5,0.965,0.978,12.6,supine
2024-01-16 01:03:00,63.4,97,1,0.993,14.9,supine
2024-01-16 01:03:02,61.5,97.1,1,0.976,14.2,supine
2024-01-16 01:03:04,61.6,97.3,0.965,1,14.1,supine
2024-01-16 01:03:06,61.5,97.1,1,0.963,13.9,supine
2024-01-16 01:03:08,62.7,97.3,0.98,1,13.6,supine
2024-01-16 01:03:10,63.9,98,0.939,1,13.9,supine
2024-01-16 01:03:12,60,96.9,1,0.949,14.4,supine
2024-01-16 01:03:14,62.1,98,1,1,13.9,supine
2024-01-16 01:03:16,64.1,97.7,0.955,0.965,14.6,supine
2024-01-16 01:03:18,62.6,97.5,1,1,13.4,supine
2024-01-16 01:03:20,61.1,97.2,1,1,15,supine
2024-01-16 01:03:22,61.8,97.3,1,0.977,15,supine
2024-01-16 01:03:24,60.8,97.4,0.985,0.998,14.2,supine
2024-01-16 01:03:26,61.4,97.4,0.941,1,13,supine
2024-01-16 01:03:28,59.2,98.1,1,1,14.1,supine
2024-01-16 01:03:30,63.6,97.6,1,1,14.7,supine
2024-01-16 01:03:32,61.7,97.7,1,0.961,14.2,supine
2024-01-16 01:03:34,65.4,97.3,1,0.962,13.6,supine
2024-01-16 01:03:36,63.2,97.1,0.976,0.979,14.9,supine
2024-01-16 01:03:38,62,97.7,1,1,14.2,supine
2024-01-16 01:03:40,61.4,97.3,0.968,1,13.8,supine
2024-01-16 01:03:42,60.3,97.7,0.985,1,14.3,supine
2024-01-16 01:03:44,59.3,97.3,0.994,1,14,supine
2024-01-16 01:03:46,61.5,97,1,1,13.8,supine
2024-01-16 01:03:48,62.3,97.5,0.975,1,14.1,supine
2024-01-16 01:03:50,62.1,97.5,1,0.987,13.6,supine
2024-01-16 01:03:52,62.7,97.8,0.984,0.954,14.9,supine
2024-01-16 01:03:54,61.3,97.4,0.992,1,13.9,supine
2024-01-16 01:03:56,60.8,97.8,1,1,14.9,supine
2024-01-16 01:03:58,59.7,97.6,1,1,13.6,supine
2024-01-16 01:04:00,64.6,96.9,0.979,1,14,supine
2024-01-16 01:04:02,62.1,97,0.986,1,14.7,supine
2024-01-16 01:04:04,59.3,97.3,1,1,14.2,supine
2024-01-16 01:04:06,63.2,97.4,1,1,14.1,supine
2024-01-16 01:04:08,63.9,97.9,1,0.899,13.7,supine
2024-01-16 01:04:10,61.3,97.8,0.955,1,14.3,supine
2024-01-16 01:04:12,60.4,97.4,1,0.992,13.6,supine
2024-01-16 01:04:14,60.4,97.9,0.974,1,14.1,supine
2024-01-16 01:04:16,60.6,97.3,1,1,13.6,supine
2024-01-16 01:04:18,61.1,97.8,1,1,13.9,supine
2024-01-16 01:04:20,61.1,97.6,0.98,0.984,14.8,supine
2024-01-16 01:04:22,60.2,98,0.963,0.965,14.6,supine
2024-01-16 01:04:24,65.2,97.1,1,1,14.6,supine
2024-01-16 01:04:26,61.5,97.3,0.993,0.998,14.2,supine
2024-01-16 01:04:28,61.4,97,1,1,14.3,supine
2024-01-16 01:04:30,63.4,97.7,1,1,14.4,supine
2024-01-16 01:04:32,60.1,97.5,1,0.976,13.8,supine
2024-01-16 01:04:34,61.9,97.8,1,0.969,14.2,supine
2024-01-16 01:04:36,58.6,97.7,1,0.987,13.5,supine
2024-01-16 01:04:38,64.9,97.4,1,1,13.9,supine
2024-01-16 01:04:40,61.7,97,0.966,0.988,13.9,supine
2024-01-16 01:04:42,61.2,97.7,0.949,0.953,14.8,supine
2024-01-16 01:04:44,61.5,97.5,0.982,0.969,13.7,supine
2024-01-16 01:04:46,63.8,97.3,0.969,1,13.8,supine
2024-01-16 01:04:48,62.4,97,0.97,0.998,14,supine
2024-01-16 01:04:50,61.6,97.6,0.956,0.972,13.1,supine
2024-01-16 01:04:52,61.1,97.7,0.99,0.956,14.3,supine
2024-01-16 01:04:54,60.4,97.3,1,1,14.5,supine
2024-01-16 01:04:56,61.2,97.1,0.965,0.98,15,supine
2024-01-16 01:04:58,57.8,97.6,1,0.979,13.9,supine
2024-01-16 01:05:00,64.6,97.6,1,0.977,14.1,supine
2024-01-16 01:05:02,63.1,97.3,0.998,0.997,13.9,supine
2024-01-16 01:05:04,61,97.1,0.971,1,14.1,supine
2024-01-16 01:05:06,62.3,97.5,1,1,14,supine
2024-01-16 01:05:08,60.8,97.2,0.972,0.994,14.2,supine
2024-01-16 01:05:10,64.6,97.3,0.958,1,14,supine
2024-01-16 01:05:12,62.3,97.9,1,1,14.1,supine
2024-01-16 01:05:14,60.2,97.1,0.978,1,13.4,supine
2024-01-16 01:05:16,64.7,97.6,1,1,13.2,supine
2024-01-16 01:05:18,58.4,98,1,0.937,13.8,supine
2024-01-16 01:05:20,63.5,97.5,1,1,14.2,supine
2024-01-16 01:05:22,62.3,97.2,1,0.998,14.2,supine
2024-01-16 01:05:24,61.9,97.4,0.991,0.984,13.2,supine
2024-01-16 01:05:26,63.5,98.2,0.997,0.995,14.3,supine
2024-01-16 01:05:28,59.8,97.8,1,0.99,14.2,supine
2024-01-16 01:05:30,63.9,98.2,0.99,1,13.9,supine
2024-01-16 01:05:32,62.1,97.8,1,1,13.7,supine
2024-01-16 01:05:34,61.2,97.8,1,1,12.5,supine
2024-01-16 01:05:36,61.4,97.4,0.987,1,14.1,supine
2024-01-16 01:05:38,60.9,97.4,1,0.938,14.2,supine
2024-01-16 01:05:40,62.9,97.8,0.988,1,15.2,supine
2024-01-16 01:05:42,63.2,96.9,1,0.967,14.5,supine
2024-01-16 01:05:44,63.6,97.9,0.97,0.98,14.2,supine
2024-01-16 01:05:46,62,98,1,0.988,14.2,supine
2024-01-16 01:05:48,63.1,97.3,0.989,1,14,supine
2024-01-16 01:05:50,62.5,97.8,0.984,1,13.6,supine
2024-01-16 01:05:52,59.7,97.3,0.995,0.979,14.3,supine
2024-01-16 01:05:54,63.3,97.5,1,1,13.7,supine
2024-01-16 01:05:56,64,97.6,0.961,1,14.7,supine
2024-01-16 01:05:58,60.7,97.4,0.975,0.982,13.9,supine
2024-01-16 01:06:00,59.7,97.1,1,0.999,14.2,supine
2024-01-16 01:06:02,63.5,97.3,1,1,13.6,supine
2024-01-16 01:06:04,62.5,97.4,1,0.965,13.8,supine
2024-01-16 01:06:06,61.5,98.1,1,1,14.2,supine
2024-01-16 01:06:08,63.8,97.9,1,1,13.5,supine
2024-01-16 01:06:10,60.4,97.9,1,0.958,14.2,supine
2024-01-16 01:06:12,61,97.5,0.987,0.986,13.3,supine
2024-01-16 01:06:14,60.9,97.4,0.986,0.99,14,supine
2024-01-16 01:06:16,58.8,97.6,0.986,1,14.6,supine
2024-01-16 01:06:18,61.2,97.5,1,1,13.3,supine
2024-01-16 01:06:20,63.8,97.5,0.979,1,13.8,supine
2024-01-16 01:06:22,62,97.4,1,0.984,14.2,supine
2024-01-16 01:06:24,63,97.1,1,1,14.4,supine
2024-01-16 01:06:26,60.4,97.3,1,1,14.9,supine
2024-01-16 01:06:28,62.6,97.5,0.962,0.944,14.4,supine
2024-01-16 01:06:30,60.7,97.6,0.952,0.998,15,supine
2024-01-16 01:06:32,60.9,97.6,0.974,0.993,14.1,supine
2024-01-16 01:06:34,64.2,98.3,0.986,1,14.4,supine
2024-01-16 01:06:36,59.6,97.4,0.995,1,14,supine
2024-01-16 01:06:38,63.5,97.1,0.985,0.993,13.8,supine
2024-01-16 01:06:40,61.8,97.4,0.995,1,14.6,supine
2024-01-16 01:06:42,62.7,97.7,1,1,13.6,supine
2024-01-16 01:06:44,62.5,97.5,1,1,15,supine
2024-01-16 01:06:46,60.7,97.4,1,1,13.6,supine
2024-01-16 01:06:48,61.4,98.2,0.955,1,13.8,supine
2024-01-16 01:06:50,62.4,97.1,1,1,13.4,supine
2024-01-16 01:06:52,60.8,98,0.996,0.985,13.5,supine
2024-01-16 01:06:54,64.3,97.6,0.989,1,14.5,supine
2024-01-16 01:06:56,62.2,97.7,1,0.967,14.4,supine
2024-01-16 01:06:58,60,97.6,0.971,0.967,14.2,supine
2024-01-16 01:07:00,60.8,97.6,0.928,1,14.3,supine
2024-01-16 01:07:02,60.8,97.6,1,0.975,13.2,supine
2024-01-16 01:07:04,66.1,97.7,0.958,1,15,supine
2024-01-16 01:07:06,63.7,97.1,0.993,0.986,13.9,supine
2024-01-16 01:07:08,59.6,97.8,0.945,0.941,15.3,supine
2024-01-16 01:07:10,63.6,97.5,1,1,14,supine
2024-01-16 01:07:12,63.4,97.8,0.973,0.996,13.8,supine
2024-01-16 01:07:14,64.8,97.5,0.991,1,14,supine
2024-01-16 01:07:16,60.4,97.7,1,1,13.5,supine
2024-01-16 01:07:18,64.2,97.5,0.93,1,13.4,supine
2024-01-16 01:07:20,58.9,97.3,1,1,14.7,supine
2024-01-16 01:07:22,61.3,97.5,1,0.958,14.3,supine
2024-01-16 01:07:24,63.4,97.3,1,1,13.7,supine
2024-01-16 01:07:26,59.2,97.4,1,0.953,13.5,supine
2024-01-16 01:07:28,60.5,97.8,0.987,0.998,13.7,supine
2024-01-16 01:07:30,63.7,97.7,0.999,0.957,13.4,supine
2024-01-16 01:07:32,61.9,97.7,1,1,13.7,supine
2024-01-16 01:07:34,63.6,97.3,1,0.996,14.5,supine
2024-01-16 01:07:36,64.3,98,1,1,12.8,supine
2024-01-16 01:07:38,63.1,97.5,1,0.966,13.7,supine
2024-01-16 01:07:40,64.1,97.4,1,1,13.7,supine
2024-01-16 01:07:42,61,97.5,0.959,1,14,supine
2024-01-16 01:07:44,63.3,97.4,1,0.983,13.8,supine
2024-01-16 01:07:46,60.5,97.8,0.993,1,14.3,supine
2024-01-16 01:07:48,62,97.3,0.962,1,13.6,supine
2024-01-16 01:07:50,63.1,97.4,0.971,0.983,14.1,supine
2024-01-16 01:07:52,62.5,97.8,1,1,14.9,supine
2024-01-16 01:07:54,60.7,97.6,1,1,14.1,supine
2024-01-16 01:07:56,61.7,97.9,1,1,14.1,supine
2024-01-16 01:07:58,60.9,97.5,0.942,1,13.5,supine
2024-01-16 01:08:00,62.8,97.7,1,0.983,13.7,supine
2024-01-16 01:08:02,61.7,97.6,1,0.991,14.3,supine
2024-01-16 01:08:04,63.5,97.6,1,0.951,14.2,supine
2024-01-16 01:08:06,61.3,97.6,1,0.985,14,supine
2024-01-16 01:08:08,61.6,97.7,1,0.991,14,supine
2024-01-16 01:08:10,62.6,97.7,1,0.952,14.2,supine
2024-01-16 01:08:12,64.2,97.8,0.981,1,14.1,supine
2024-01-16 01:08:14,62.9,97.4,1,1,14.6,supine
2024-01-16 01:08:16,63.5,97.3,1,1,13.8,supine
2024-01-16 01:08:18,62.7,97.6,0.974,0.975,14.5,supine
2024-01-16 01:08:20,63.3,97.9,0.999,0.994,14.1,supine
2024-01-16 01:08:22,61,97.3,1,1,14.1,supine
2024-01-16 01:08:24,60.9,97,0.994,0.959,14.5,supine
2024-01-16 01:08:26,64.4,97.6,1,0.985,13.8,supine
2024-01-16 01:08:28,60.9,97.6,0.985,0.965,13.5,supine
2024-01-16 01:08:30,62.5,97.5,0.987,0.941,14,supine
2024-01-16 01:08:32,61.6,97.5,1,1,13.1,supine
2024-01-16 01:08:34,63.9,96.9,1,1,13.3,supine
2024-01-16 01:08:36,60.9,97.7,0.988,0.934,13.8,supine
2024-01-16 01:08:38,61.6,97.7,1,0.976,13.9,supine
2024-01-16 01:08:40,61.7,97.2,1,1,13.9,supine
2024-01-16 01:08:42,62.2,98,1,0.967,13.7,supine
2024-01-16 01:08:44,64.5,97.2,1,1,13.4,supine
2024-01-16 01:08:46,60.1,97.7,0.986,1,13.7,supine
2024-01-16 01:08:48,62.6,97.8,1,1,15.3,supine
2024-01-16 01:08:50,64.3,97.8,1,0.948,14.4,supine
2024-01-16 01:08:52,61.4,97.1,0.98,0.994,15,supine
2024-01-16 01:08:54,62.2,97.3,1,0.923,14.2,supine
2024-01-16 01:08:56,66.1,97.4,0.988,0.995,14.5,supine
2024-01-16 01:08:58,62.3,98,1,1,14.1,supine
2024-01-16 01:09:00,63.1,97.5,1,0.97,14,supine
2024-01-16 01:09:02,61.1,98.2,0.997,0.98,14.1,supine
2024-01-16 01:09:04,62.6,97.3,1,1,13.8,supine
2024-01-16 01:09:06,64.1,97.6,1,0.993,14.2,supine
2024-01-16 01:09:08,63.1,97.7,0.977,1,13.1,supine
2024-01-16 01:09:10,62,97.8,0.966,0.977,12.9,supine
2024-01-16 01:09:12,63.2,97.3,1,1,13.6,supine
2024-01-16 01:09:14,62.1,97.4,1,1,14.3,supine
2024-01-16 01:09:16,60.6,97.5,0.99,0.967,14.1,supine
2024-01-16 01:09:18,59.9,97.4,0.96,1,15,supine
2024-01-16 01:09:20,64,97,0.956,1,15,supine
2024-01-16 01:09:22,60.5,97.7,1,1,14.3,supine
2024-01-16 01:09:24,64.2,97.8,1,1,13.7,supine
2024-01-16 01:09:26,65.9,97.1,1,1,13.5,supine
2024-01-16 01:09:28,63,97.7,0.985,1,14.1,supine
2024-01-16 01:09:30,63.3,97.4,1,1,13.4,supine
2024-01-16 01:09:32,61.6,97.3,1,1,15.1,supine
2024-01-16 01:09:34,63.2,97.1,0.99,1,14.1,supine
2024-01-16 01:09:36,63.6,97.2,0.97,1,13.7,supine
2024-01-16 01:09:38,61.7,97.3,0.982,1,14.1,supine
2024-01-16 01:09:40,61.4,97.4,0.998,0.973,14.3,supine
2024-01-16 01:09:42,62.2,97.5,0.984,0.984,14.1,supine
2024-01-16 01:09:44,62.3,97.6,0.979,0.94,14.4,supine
2024-01-16 01:09:46,62.2,97.9,1,1,12.9,supine
2024-01-16 01:09:48,61.9,97.1,0.98,0.975,14.3,supine
2024-01-16 01:09:50,62.2,97.4,1,0.966,13.9,supine
2024-01-16 01:09:52,60.6,97.3,1,0.954,13.8,supine
2024-01-16 01:09:54,62.1,97.2,0.989,0.994,13.8,supine
2024-01-16 01:09:56,60,96.9,1,1,13.8,supine
2024-01-16 01:09:58,62.2,97.6,0.998,1,13.5,supine
2024-01-16 01:10:00,60.7,97.9,1,0.968,14.4,supine
2024-01-16 01:10:02,60.8,97.4,1,1,14.8,supine
2024-01-16 01:10:04,61.8,97.3,1,1,14.3,supine
2024-01-16 01:10:06,62.6,97.8,0.973,1,14.7,supine
2024-01-16 01:10:08,64.5,97.7,0.987,1,14.7,supine
2024-01-16 01:10:10,62.9,97.9,0.996,1,13.8,supine
2024-01-16 01:10:12,62.2,97.8,0.968,0.968,13.8,supine
2024-01-16 01:10:14,62.2,97.8,1,1,13.4,supine
2024-01-16 01:10:16,61.1,97.2,1,1,14,supine
2024-01-16 01:10:18,61.3,97,1,1,13.2,supine
2024-01-16 01:10:20,62.9,97.5,0.984,1,14.2,supine
2024-01-16 01:10:22,61.3,97.3,0.972,1,13.6,supine
2024-01-16 01:10:24,63.4,97.8,0.984,0.963,13.6,supine
2024-01-16 01:10:26,61.9,97.4,1,1,14.7,supine
2024-01-16 01:10:28,62.3,97.4,0.971,1,13.4,supine
2024-01-16 01:10:30,61.7,97.6,1,1,13.8,supine
2024-01-16 01:10:32,63,97.5,0.992,0.993,14.1,supine
2024-01-16 01:10:34,62.3,97.3,1,1,14.5,supine
2024-01-16 01:10:36,63.1,97.1,1,1,13.9,supine
2024-01-16 01:10:38,61.6,97.4,0.928,0.979,14.2,supine
2024-01-16 01:10:40,61.9,97.3,0.97,1,14,supine
2024-01-16 01:10:42,63,97.9,1,0.954,13.6,supine
2024-01-16 01:10:44,64.4,97.7,0.997,1,13.7,supine
2024-01-16 01:10:46,60.7,97.7,1,1,13.4,supine
2024-01-16 01:10:48,61,97.3,1,0.974,14.7,supine
2024-01-16 01:10:50,65,97.9,0.984,0.987,14.1,supine
2024-01-16 01:10:52,62.5,97.4,1,1,13.3,supine
2024-01-16 01:10:54,60.5,97.6,1,1,14.2,supine
2024-01-16 01:10:56,60.2,97.2,0.952,0.987,14.1,supine
2024-01-16 01:10:58,57.7,97.4,0.971,0.994,13.2,supine
2024-01-16 01:11:00,65.1,97.1,0.965,1,14.8,supine
2024-01-16 01:11:02,59.9,97.7,0.95,1,13.9,supine
2024-01-16 01:11:04,61.3,97.6,1,1,14,supine
2024-01-16 01:11:06,63.3,97.2,0.944,1,14.8,supine
2024-01-16 01:11:08,60.3,97.4,0.989,0.971,13.6,supine
2024-01-16 01:11:10,64.3,97.4,1,0.972,13.9,supine
2024-01-16 01:11:12,66.3,97.5,1,1,14.2,supine
2024-01-16 01:11:14,66.2,97.9,0.916,0.927,13.5,supine
2024-01-16 01:11:16,61.1,97.7,0.989,0.956,14.7,supine
2024-01-16 01:11:18,61.1,97.7,0.99,0.964,14.3,supine
2024-01-16 01:11:20,60,97.3,0.986,0.987,13.9,supine
2024-01-16 01:11:22,63.9,97.5,1,0.997,14.6,supine
2024-01-16 01:11:24,62.2,97.8,1,1,14.4,supine
2024-01-16 01:11:26,63.8,97.5,1,1,14.2,supine
2024-01-16 01:11:28,62.9,97.6,1,1,13.9,supine
2024-01-16 01:11:30,62.2,97.6,0.988,1,14,supine
2024-01-16 01:11:32,60.2,97.2,0.998,1,14.3,supine
2024-01-16 01:11:34,59.1,97.6,0.991,1,14,supine
2024-01-16 01:11:36,64,97.7,0.998,0.955,13.9,supine
2024-01-16 01:11:38,60,97.9,1,1,14.3,supine
2024-01-16 01:11:40,59.8,97.5,1,1,14.5,supine
2024-01-16 01:11:42,62.6,97.3,1,0.97,14.3,supine
2024-01-16 01:11:44,63.7,97.4,0.972,0.983,13.6,supine
2024-01-16 01:11:46,62.1,97.5,1,0.999,14,supine
2024-01-16 01:11:48,63.2,97.6,0.963,1,14.5,supine
2024-01-16 01:11:50,62.5,97.9,1,1,13.5,supine
2024-01-16 01:11:52,61.7,97.5,1,0.963,14.1,supine
2024-01-16 01:11:54,61.5,97.6,1,1,14,supine
2024-01-16 01:11:56,61.6,97.6,0.979,0.999,13.6,supine
2024-01-16 01:11:58,61,97.7,0.989,0.987,14,supine
2024-01-16 01:12:00,64,97.6,0.982,1,14.9,supine
2024-01-16 01:12:02,60.1,97.7,0.991,1,14.1,supine
2024-01-16 01:12:04,61.5,97.4,1,0.966,14.1,supine
2024-01-16 01:12:06,60.6,97.4,1,1,14.3,supine
2024-01-16 01:12:08,62.5,97.6,0.981,0.991,13.1,supine
2024-01-16 01:12:10,62.9,97.6,0.99,1,13.9,supine
2024-01-16 01:12:12,61.7,97.1,1,1,13.7,supine
2024-01-16 01:12:14,61.7,97.3,0.982,1,13.8,supine
2024-01-16 01:12:16,58.7,97.2,1,1,13.6,supine
2024-01-16 01:12:18,64.2,97.6,0.957,0.968,14.1,supine
2024-01-16 01:12:20,59,97.7,1,1,15.1,supine
2024-01-16 01:12:22,59.8,97.8,0.981,0.963,15.2,supine
2024-01-16 01:12:24,62.6,97.2,1,1,13.1,supine
2024-01-16 01:12:26,63.7,97.6,0.943,0.981,13.7,supine
2024-01-16 01:12:28,63.5,97.4,1,1,13.2,supine
2024-01-16 01:12:30,59.9,97.9,0.987,0.93,14.6,supine
2024-01-16 01:12:32,61.6,97.6,1,1,13.9,supine
2024-01-16 01:12:34,64,97.8,1,0.956,14.7,supine
2024-01-16 01:12:36,61.9,97.1,1,1,13.5,supine
2024-01-16 01:12:38,62.1,96.9,0.987,0.985,14.1,supine
2024-01-16 01:12:40,61.1,98.1,0.992,0.992,12.9,supine
2024-01-16 01:12:42,60.8,97.1,0.951,1,14.3,supine
2024-01-16 01:12:44,61.2,97.5,0.968,1,13.7,supine
2024-01-16 01:12:46,63.5,97,0.979,0.975,14.4,supine
2024-01-16 01:12:48,61.4,97.8,1,0.964,13.8,supine
2024-01-16 01:12:50,64.4,97.9,1,0.974,14.1,supine
2024-01-16 01:12:52,61,97.5,0.955,0.962,14.9,supine
2024-01-16 01:12:54,62.1,97.3,0.992,1,14.6,supine
2024-01-16 01:12:56,60.5,97.7,1,0.968,14.2,supine
2024-01-16 01:12:58,62.1,97.7,0.974,1,13.7,supine
2024-01-16 01:13:00,60.6,97.3,0.978,0.987,13,supine
2024-01-16 01:13:02,61.9,97.6,1,1,13.2,supine
2024-01-16 01:13:04,62.4,97.4,0.985,0.945,14.3,supine
2024-01-16 01:13:06,62.3,97.9,0.982,0.987,14.8,supine
2024-01-16 01:13:08,62.5,97.4,0.96,1,14.2,supine
2024-01-16 01:13:10,63.8,97.6,0.974,1,13.8,supine
2024-01-16 01:13:12,64.5,97.1,0.995,0.966,14,supine
2024-01-16 01:13:14,60.9,97.7,0.957,1,13.6,supine
2024-01-16 01:13:16,62.5,97.7,0.998,1,14,supine
2024-01-16 01:13:18,64.5,97.9,1,0.986,14,supine
2024-01-16 01:13:20,62,97.3,1,0.998,13.7,supine
2024-01-16 01:13:22,61.7,97.7,0.944,0.978,13.9,supine
2024-01-16 01:13:24,63.9,97.3,0.935,1,14.1,supine
2024-01-16 01:13:26,62.2,97.2,0.998,1,14.3,supine
2024-01-16 01:13:28,61.5,97.6,0.992,0.961,13.4,supine
2024-01-16 01:13:30,61.6,97.7,0.998,1,13.8,supine
2024-01-16 01:13:32,61.8,97.4,0.966,0.979,13.3,supine
2024-01-16 01:13:34,61.4,97.2,0.974,1,14.3,supine
2024-01-16 01:13:36,60.9,97.5,1,0.999,13.9,supine
2024-01-16 01:13:38,65.2,97.7,1,0.979,13.3,supine
2024-01-16 01:13:40,58.4,98,1,0.962,14.5,supine
2024-01-16 01:13:42,59.3,97.4,0.971,1,13.8,supine
2024-01-16 01:13:44,57.3,97.9,1,0.938,14.4,supine
2024-01-16 01:13:46,60.3,97.8,0.976,0.964,14,supine
2024-01-16 01:13:48,59.6,97.6,1,1,13.5,supine
2024-01-16 01:13:50,61.4,97.5,0.943,0.998,14.2,supine
2024-01-16 01:13:52,64.1,97.4,1,1,13.3,supine
2024-01-16 01:13:54,61.5,98,1,0.971,14.2,supine
2024-01-16 01:13:56,59.7,97.6,0.965,0.985,13.4,supine
2024-01-16 01:13:58,61.9,97.4,1,0.993,13.6,supine
2024-01-16 01:14:00,61.7,97,1,1,14.3,supine
2024-01-16 01:14:02,59.8,97.8,1,1,14.4,supine
2024-01-16 01:14:04,63.4,97.2,1,0.961,13.6,supine
2024-01-16 01:14:06,61.1,97.2,0.988,0.948,13.9,supine
2024-01-16 01:14:08,60.1,97.5,1,1,13.5,supine
2024-01-16 01:14:10,60.4,97.7,0.981,0.988,14.1,supine
2024-01-16 01:14:12,61.4,97,1,1,14.4,supine
2024-01-16 01:14:14,61.2,97.6,1,1,14.6,supine
2024-01-16 01:14:16,62.1,98,1,0.985,14.2,supine
2024-01-16 01:14:18,62.3,96.8,0.968,1,13.8,supine
2024-01-16 01:14:20,62.2,97.6,0.978,1,13.5,supine
2024-01-16 01:14:22,59.7,97.4,1,1,13.5,supine
2024-01-16 01:14:24,60.7,96.9,0.995,0.992,14.4,supine
2024-01-16 01:14:26,63.7,97.4,0.974,1,13.6,supine
2024-01-16 01:14:28,62.1,97.6,1,0.989,13.9,supine
2024-01-16 01:14:30,63.4,97.2,1,1,14,supine
2024-01-16 01:14:32,61.1,97.3,0.97,1,13.4,supine
2024-01-16 01:14:34,58.9,97.3,1,1,13.6,supine
2024-01-16 01:14:36,61.9,97.5,1,1,14.7,supine
2024-01-16 01:14:38,62.5,97.5,0.971,0.991,13.9,supine
2024-01-16 01:14:40,61,97.3,0.988,0.975,13.9,supine
2024-01-16 01:14:42,61.2,97.2,1,1,14.1,supine
2024-01-16 01:14:44,59.8,97.4,1,1,13.5,supine
2024-01-16 01:14:46,59,97.9,0.991,0.956,14.2,supine
2024-01-16 01:14:48,62.7,97.3,0.988,0.946,13.8,supine
2024-01-16 01:14:50,60.4,97.3,1,1,14.7,supine
2024-01-16 01:14:52,61.8,97.8,0.931,1,14.1,supine
2024-01-16 01:14:54,62.1,97.4,1,0.976,13.5,supine
2024-01-16 01:14:56,63.7,97.5,1,0.966,13.6,supine
2024-01-16 01:14:58,62.7,97.5,1,1,13.9,supine
2024-01-16 01:15:00,58.4,97.5,0.996,0.992,14.1,supine
2024-01-16 01:15:02,61.3,97.5,0.976,0.99,13.8,supine
2024-01-16 01:15:04,60.3,97.5,1,1,14.1,supine
2024-01-16 01:15:06,61.9,98.2,1,1,14.1,supine
2024-01-16 01:15:08,63.7,97.1,1,1,14,supine
2024-01-16 01:15:10,60.6,97.6,1,0.973,14,supine
2024-01-16 01:15:12,59.4,97.7,0.944,0.987,13.4,supine
2024-01-16 01:15:14,60.7,97.3,0.964,0.955,14.4,supine
2024-01-16 01:15:16,60.5,96.9,1,1,13.5,supine
2024-01-16 01:15:18,61.7,97.2,0.999,0.992,13.8,supine
2024-01-16 01:15:20,63.7,97.4,0.956,0.996,14.4,supine
2024-01-16 01:15:22,62.6,97.1,0.981,0.976,13.8,supine
2024-01-16 01:15:24,61.5,97.8,0.94,0.986,14.2,supine
2024-01-16 01:15:26,63.3,97.2,1,0.985,14.7,supine
2024-01-16 01:15:28,61.7,97.5,1,0.977,13,supine
2024-01-16 01:15:30,61.6,98,1,0.999,14.2,supine
2024-01-16 01:15:32,62.4,97.9,1,1,14,supine
2024-01-16 01:15:34,59.7,97.8,1,0.987,14,supine
2024-01-16 01:15:36,60.6,97.6,1,0.978,13.6,supine
2024-01-16 01:15:38,59.6,97.4,1,0.999,13.4,supine
2024-01-16 01:15:40,61.1,96.6,0.996,0.964,13.5,supine
2024-01-16 01:15:42,59.8,97.7,0.986,0.959,13.9,supine
2024-01-16 01:15:44,63.6,97.1,0.992,0.942,15,supine
2024-01-16 01:15:46,62.9,97.6,0.97,1,14.2,supine
2024-01-16 01:15:48,62.4,97.9,0.938,1,13.5,supine
2024-01-16 01:15:50,62.7,97.6,1,0.977,14.6,supine
2024-01-16 01:15:52,61.2,97.3,1,0.951,14.2,supine
2024-01-16 01:15:54,63.4,97.7,1,0.983,13.6,supine
2024-01-16 01:15:56,62.3,97.7,0.982,1,13,supine
2024-01-16 01:15:58,62.7,97.4,1,1,14.5,supine
2024-01-16 01:16:00,61.8,97.7,1,1,13.2,supine
2024-01-16 01:16:02,63.2,96.8,0.94,1,13.6,supine
2024-01-16 01:16:04,59.3,96.9,1,1,12.7,supine
2024-01-16 01:16:06,64.6,97.7,0.976,1,14.6,supine
2024-01-16 01:16:08,60.9,97.5,0.964,0.987,13.4,supine
2024-01-16 01:16:10,61.2,97.7,0.953,0.952,13.9,supine
2024-01-16 01:16:12,62.4,97.5,1,0.995,13.7,supine
2024-01-16 01:16:14,61.3,97.2,1,1,13.4,supine
2024-01-16 01:16:16,64.4,97.8,0.937,0.979,14,supine
2024-01-16 01:16:18,63.1,97.4,0.98,0.971,14.9,supine
2024-01-16 01:16:20,57.1,97.7,1,0.993,14,supine
2024-01-16 01:16:22,62,97.3,0.991,0.994,13.8,supine
2024-01-16 01:16:24,62.1,97.6,1,0.963,14.7,supine
2024-01-16 01:16:26,62.8,97.1,0.935,0.992,15.1,supine
2024-01-16 01:16:28,63,97.5,0.991,0.945,14.3,supine
2024-01-16 01:16:30,62.9,97.2,0.963,0.991,13.7,supine
2024-01-16 01:16:32,61.9,97.4,0.998,1,13.6,supine
2024-01-16 01:16:34,62.2,98,0.97,1,14.1,supine
2024-01-16 01:16:36,63,97.2,1,0.989,13.9,supine
2024-01-16 01:16:38,65.3,97.7,1,0.989,12.9,supine
2024-01-16 01:16:40,56.2,97.1,1,0.992,13.9,supine
2024-01-16 01:16:42,61.2,97.5,1,0.965,13.7,supine
2024-01-16 01:16:44,61.4,97.8,0.981,1,13.7,supine
2024-01-16 01:16:46,62.9,97.6,1,1,14.9,supine
2024-01-16 01:16:48,60.4,97.4,0.99,0.973,13.2,supine
2024-01-16 01:16:50,62.9,97.4,1,1,13.6,supine
2024-01-16 01:16:52,60.8,97.8,0.98,0.986,13.6,supine
2024-01-16 01:16:54,61.2,98,1,0.964,14.5,supine
2024-01-16 01:16:56,64.2,97.5,1,0.979,14.7,supine
2024-01-16 01:16:58,61.7,97.9,0.981,0.987,13.1,supine
2024-01-16 01:17:00,59.5,97.6,0.986,1,12.7,supine
2024-01-16 01:17:02,62.8,98,0.969,0.986,14,supine
2024-01-16 01:17:04,63.4,97.6,0.952,0.973,14.6,supine
2024-01-16 01:17:06,61.4,97.6,1,1,14.5,supine
2024-01-16 01:17:08,61.6,97.4,0.958,0.942,14.2,supine
2024-01-16 01:17:10,62,97.6,0.967,0.994,13.8,supine
2024-01-16 01:17:12,58.9,97.2,1,1,13.7,supine
2024-01-16 01:17:14,63.6,97.2,0.989,1,14.6,supine
2024-01-16 01:17:16,63.4,97.6,1,0.991,13.2,supine
2024-01-16 01:17:18,64.4,97.2,0.993,1,14.6,supine
2024-01-16 01:17:20,62.3,97.3,0.989,1,14.7,supine
2024-01-16 01:17:22,61.7,97.6,1,1,14,supine
2024-01-16 01:17:24,60.9,97.8,0.966,1,14.5,supine
2024-01-16 01:17:26,62,97.1,0.937,1,14.4,supine
2024-01-16 01:17:28,67.1,97.1,1,0.997,14.1,supine
2024-01-16 01:17:30,61.4,97.2,1,0.97,14.6,supine
2024-01-16 01:17:32,59.2,97.2,1,1,14.7,supine
2024-01-16 01:17:34,62.2,97.8,0.987,1,13.4,supine
2024-01-16 01:17:36,63.7,97.7,1,1,13.8,supine
2024-01-16 01:17:38,61.5,97.3,0.977,0.985,13.9,supine
2024-01-16 01:17:40,61.2,97.6,1,1,14.7,supine
2024-01-16 01:17:42,61.7,97.5,1,1,13.7,supine
2024-01-16 01:17:44,58.7,97.6,1,1,13.5,supine
2024-01-16 01:17:46,63.3,97.8,1,1,13.4,supine
2024-01-16 01:17:48,60.9,97.4,1,1,14.2,supine
2024-01-16 01:17:50,59.8,97.5,1,0.964,14,supine
2024-01-16 01:17:52,61.2,97.4,0.978,1,14.6,supine
2024-01-16 01:17:54,60.3,97.5,1,0.933,14.7,supine
2024-01-16 01:17:56,65.7,97.7,1,1,13.6,supine
2024-01-16 01:17:58,60.7,97.8,0.95,0.966,13.9,supine
2024-01-16 01:18:00,61.5,97.9,1,1,13.8,supine
2024-01-16 01:18:02,63.2,98,0.98,1,13.7,supine
2024-01-16 01:18:04,60.5,97.6,0.995,0.994,14.7,supine
2024-01-16 01:18:06,62.2,98.5,1,1,13.5,supine
2024-01-16 01:18:08,61,97.9,1,0.947,12.6,supine
2024-01-16 01:18:10,61.9,96.7,1,0.985,13.9,supine
2024-01-16 01:18:12,63.2,97.3,0.972,1,13.6,supine
2024-01-16 01:18:14,63.3,97.6,0.967,1,13.6,supine
2024-01-16 01:18:16,65,96.7,0.994,1,14.4,supine
2024-01-16 01:18:18,61.7,97.4,0.966,1,14.3,supine
2024-01-16 01:18:20,64.2,97.7,1,0.993,15.2,supine
2024-01-16 01:18:22,60.9,97.6,1,0.994,14.1,supine
2024-01-16 01:18:24,63.2,97.7,0.951,0.96,13.8,supine
2024-01-16 01:18:26,59.9,97.3,1,0.955,13.9,supine
2024-01-16 01:18:28,61,97.6,1,1,14.1,supine
2024-01-16 01:18:30,60.6,97.3,1,0.984,13.1,supine
2024-01-16 01:18:32,62.4,97.6,1,0.966,14.2,supine
2024-01-16 01:18:34,63.3,97.1,1,1,13.6,supine
2024-01-16 01:18:36,61.7,97.3,1,1,13.9,supine
2024-01-16 01:18:38,60.8,97.5,1,0.993,14.6,supine
2024-01-16 01:18:40,59,97.5,0.984,0.973,13.6,supine
2024-01-16 01:18:42,64.7,97.8,0.971,1,13.9,supine
2024-01-16 01:18:44,62.1,97.6,1,1,13.9,supine
2024-01-16 01:18:46,61.8,97.6,1,1,13.2,supine
2024-01-16 01:18:48,62.1,97.7,1,1,14.3,supine
2024-01-16 01:18:50,61.7,97.7,0.938,1,13.3,supine
2024-01-16 01:18:52,62.2,97,1,0.99,12.9,supine
2024-01-16 01:18:54,63.5,97.1,1,0.979,14.6,supine
2024-01-16 01:18:56,60.5,97.5,1,1,14.3,supine
2024-01-16 01:18:58,62.2,97.5,1,1,14.4,supine
2024-01-16 01:19:00,62.1,97.7,1,1,13.4,supine
2024-01-16 01:19:02,65.9,97.6,1,0.973,13.6,supine
2024-01-16 01:19:04,59,97.4,1,0.993,13.9,supine
2024-01-16 01:19:06,61.4,97.5,1,1,14.6,supine
2024-01-16 01:19:08,62.9,97.2,1,0.988,13.6,supine
2024-01-16 01:19:10,59.7,97.5,0.994,1,13.4,supine
2024-01-16 01:19:12,62.6,97.5,1,0.995,14.2,supine
2024-01-16 01:19:14,65.3,97.5,0.993,1,13.6,supine
2024-01-16 01:19:16,61.9,97.2,0.937,1,13.4,supine
2024-01-16 01:19:18,61.2,97.6,0.989,1,14.6,supine
2024-01-16 01:19:20,63,97.9,0.965,0.973,14.1,supine
2024-01-16 01:19:22,60,97.9,1,1,14.3,supine
2024-01-16 01:19:24,63.3,98,1,0.989,14.1,supine
2024-01-16 01:19:26,62.9,97.6,0.972,1,13.7,supine
2024-01-16 01:19:28,64.4,97.5,1,0.998,14.4,supine
2024-01-16 01:19:30,61.4,97.9,1,0.998,14.1,supine
2024-01-16 01:19:32,62.4,97.2,0.968,1,13.8,supine
2024-01-16 01:19:34,61.7,97.4,0.999,0.972,14,supine
2024-01-16 01:19:36,60,97.5,0.952,1,13.6,supine
2024-01-16 01:19:38,63.2,97.6,0.955,1,14.4,supine
2024-01-16 01:19:40,62.2,97.3,1,0.971,14.1,supine
2024-01-16 01:19:42,62.1,97.4,1,1,13.7,supine
2024-01-16 01:19:44,62.2,97.2,0.989,1,13.4,supine
2024-01-16 01:19:46,64.4,97.4,1,1,14.5,supine
2024-01-16 01:19:48,61.1,97.6,1,0.979,15.2,supine
2024-01-16 01:19:50,62.6,97.4,0.996,1,13.6,supine
2024-01-16 01:19:52,64.4,98.2,0.937,1,14.1,supine
2024-01-16 01:19:54,60.7,97.4,1,0.984,13.4,supine
2024-01-16 01:19:56,63.4,97.1,0.965,0.984,14,supine
2024-01-16 01:19:58,63,97,1,1,14.1,supine
2024-01-16 01:20:00,62.4,97.1,0.37,0.689,7.9,supine
2024-01-16 01:20:02,62.9,97.3,0.24,0.564,7.8,supine
2024-01-16 01:20:04,64,97.7,0.624,0.618,9.1,supine
2024-01-16 01:20:06,65.1,97.4,0.394,0.591,6.5,supine
2024-01-16 01:20:08,61.1,97.6,0.271,0.632,7.4,supine
2024-01-16 01:20:10,61.8,97.7,0.449,0.713,9.6,supine
2024-01-16 01:20:12,60.4,96.5,0.49,0.573,9.1,supine
2024-01-16 01:20:14,61.1,96.8,0.329,0.789,7.7,supine
2024-01-16 01:20:16,61.9,96,1,1,14.4,supine
2024-01-16 01:20:18,61.2,96,1,0.964,14,supine
2024-01-16 01:20:20,62.4,95.8,1,1,13.5,supine
2024-01-16 01:20:22,61.1,95.3,1,1,14.8,supine
2024-01-16 01:20:24,62.9,95.1,1,1,14.6,supine
2024-01-16 01:20:26,63.2,95,1,1,14.5,supine
2024-01-16 01:20:28,59.3,97.5,1,0.97,14.1,supine
2024-01-16 01:20:30,60.9,97.5,0.953,0.943,14.5,supine
2024-01-16 01:20:32,61,97.6,1,0.971,13.2,supine
2024-01-16 01:20:34,61.6,98,1,1,13.8,supine
2024-01-16 01:20:36,62.2,97.9,0.995,0.992,14.2,supine
2024-01-16 01:20:38,62,97.5,1,1,12.9,supine
2024-01-16 01:20:40,60.8,97.6,0.982,0.993,13.3,supine
2024-01-16 01:20:42,61.6,97.5,1,0.943,13.6,supine
2024-01-16 01:20:44,62.3,97.8,0.978,1,15.1,supine
2024-01-16 01:20:46,63,97.6,1,0.971,14.5,supine
2024-01-16 01:20:48,60.8,97.4,1,1,14.2,supine
2024-01-16 01:20:50,59.4,98,0.956,0.976,14.4,supine
2024-01-16 01:20:52,60.7,97.1,1,1,13.4,supine
2024-01-16 01:20:54,60.3,97.4,0.99,0.95,14.3,supine
2024-01-16 01:20:56,63.5,97.5,1,0.975,13.6,supine
2024-01-16 01:20:58,60.7,97.4,0.998,1,14.3,supine
2024-01-16 01:21:00,60.9,97.3,1,1,13.9,supine
2024-01-16 01:21:02,62.7,97.1,1,1,13.8,supine
2024-01-16 01:21:04,63.5,97.5,1,1,13.7,supine
2024-01-16 01:21:06,62.9,97.6,0.995,1,13.9,supine
2024-01-16 01:21:08,60.2,97.2,1,1,13.1,supine
2024-01-16 01:21:10,61.9,97.8,0.997,1,13.7,supine
2024-01-16 01:21:12,61,97.2,0.975,0.988,13.9,supine
2024-01-16 01:21:14,62.7,97.3,1,0.97,14.2,supine
2024-01-16 01:21:16,62.2,97.3,0.981,1,13.9,supine
2024-01-16 01:21:18,65.3,97.7,0.963,0.984,14,supine
2024-01-16 01:21:20,61.5,97.6,0.97,1,13.4,supine
2024-01-16 01:21:22,64.9,97.4,0.958,1,14.2,supine
2024-01-16 01:21:24,65,97.4,0.978,1,14.8,supine
2024-01-16 01:21:26,62.6,97.4,1,1,13.6,supine
2024-01-16 01:21:28,62.9,97.6,0.972,0.995,14.5,supine
2024-01-16 01:21:30,63.9,97.5,1,0.944,13.8,supine
2024-01-16 01:21:32,61.8,97.8,0.954,0.992,14.3,supine
2024-01-16 01:21:34,60.5,97.1,0.995,0.987,14.4,supine
2024-01-16 01:21:36,62.8,97.4,0.995,1,13.5,supine
2024-01-16 01:21:38,59.3,97.5,1,0.967,14.3,supine
2024-01-16 01:21:40,65.8,97.6,0.973,0.996,14.2,supine
2024-01-16 01:21:42,64.8,98,0.977,1,13.9,supine
2024-01-16 01:21:44,59.9,97.8,1,0.983,14.1,supine
2024-01-16 01:21:46,63.6,97.5,0.975,0.979,13.2,supine
2024-01-16 01:21:48,61.1,97.7,1,0.974,13.3,supine
2024-01-16 01:21:50,62,97.5,1,1,14.8,supine
2024-01-16 01:21:52,62.4,97.5,0.978,0.991,13.3,supine
2024-01-16 01:21:54,61.4,97.5,0.995,0.945,13.5,supine
2024-01-16 01:21:56,60.6,97.1,0.999,1,13.6,supine
2024-01-16 01:21:58,61,97.4,1,1,14.9,supine
2024-01-16 01:22:00,61.6,97.5,0.976,0.976,13.8,supine
2024-01-16 01:22:02,61.3,97.4,0.963,1,13.3,supine
2024-01-16 01:22:04,59.4,97.6,1,0.967,14.2,supine
2024-01-16 01:22:06,61.5,97.4,0.997,1,14.5,supine
2024-01-16 01:22:08,63.5,97.2,1,0.963,13.9,supine
2024-01-16 01:22:10,60.7,97.6,1,1,14.6,supine
2024-01-16 01:22:12,62.7,97.5,1,1,14,supine
2024-01-16 01:22:14,63.9,97.8,1,1,14.1,supine
2024-01-16 01:22:16,63,97.6,1,1,14.4,supine
2024-01-16 01:22:18,62.5,97.9,1,0.999,14.3,supine
2024-01-16 01:22:20,61.5,97.7,0.973,0.985,12.9,supine
2024-01-16 01:22:22,61,97.3,0.974,1,14.5,supine
2024-01-16 01:22:24,62.1,97.1,0.992,1,13.9,supine
2024-01-16 01:22:26,62.1,97.3,1,0.957,14.4,supine
2024-01-16 01:22:28,61.3,97.3,0.95,1,12.9,supine
2024-01-16 01:22:30,60,97.4,1,1,14.1,supine
2024-01-16 01:22:32,62.8,97.8,1,1,13.4,supine
2024-01-16 01:22:34,63.4,97.7,0.995,0.99,14.2,supine
2024-01-16 01:22:36,61.5,97.3,0.998,0.991,14,supine
2024-01-16 01:22:38,61.9,97.6,1,0.947,13.3,supine
2024-01-16 01:22:40,61.4,97.6,0.992,0.952,12.9,supine
2024-01-16 01:22:42,63.4,97.3,1,0.945,13.7,supine
2024-01-16 01:22:44,58.5,97.4,1,1,13.8,supine
2024-01-16 01:22:46,63.8,97.4,0.975,1,13.9,supine
2024-01-16 01:22:48,62.7,97.8,1,1,14.5,supine
2024-01-16 01:22:50,60.9,97.9,1,0.98,13.8,supine
2024-01-16 01:22:52,62.6,97.4,1,1,13.7,supine
2024-01-16 01:22:54,61.8,97.9,0.973,0.999,14,supine
2024-01-16 01:22:56,62,97.5,1,0.959,13.8,supine
2024-01-16 01:22:58,58.6,97.1,1,1,14,supine
2024-01-16 01:23:00,62.3,97.6,1,0.997,14.4,supine
2024-01-16 01:23:02,59.6,97.4,0.973,1,14,supine
2024-01-16 01:23:04,61.6,97.8,1,1,14.2,supine
2024-01-16 01:23:06,64.8,97,0.982,0.975,13.5,supine
2024-01-16 01:23:08,61,97.3,1,0.949,14.6,supine
2024-01-16 01:23:10,64.2,97.2,1,1,14.1,supine
2024-01-16 01:23:12,64.9,97.3,0.943,0.958,13.4,supine
2024-01-16 01:23:14,61.9,97.5,1,1,14.2,supine
2024-01-16 01:23:16,61.3,97.9,0.979,1,13.4,supine
2024-01-16 01:23:18,60.4,97.6,0.967,1,14.1,supine
2024-01-16 01:23:20,61.4,97.2,1,0.985,13.6,supine
2024-01-16 01:23:22,65.9,97.7,0.968,0.997,13.6,supine
2024-01-16 01:23:24,62.9,97.3,0.971,0.993,13,supine
2024-01-16 01:23:26,59.9,97.1,0.989,0.962,13.4,supine
2024-01-16 01:23:28,58.2,97.2,0.966,1,14,supine
2024-01-16 01:23:30,61.3,97.3,0.943,0.977,13.4,supine
2024-01-16 01:23:32,62.3,97,0.994,1,14,supine
2024-01-16 01:23:34,62,97.6,1,1,14.6,supine
2024-01-16 01:23:36,59.8,97.6,0.978,0.944,14.4,supine
2024-01-16 01:23:38,63,97.3,0.976,0.977,14.2,supine
2024-01-16 01:23:40,60.8,97.6,0.995,0.995,13.9,supine
2024-01-16 01:23:42,61.6,97.8,1,0.973,13.7,supine
2024-01-16 01:23:44,63.5,97.5,0.996,1,13.5,supine
2024-01-16 01:23:46,61.5,97.7,1,0.998,13.8,supine
2024-01-16 01:23:48,63,97.4,1,0.991,13.9,supine
2024-01-16 01:23:50,60,97.6,0.929,0.978,14.1,supine
2024-01-16 01:23:52,64.3,97.2,1,1,14.7,supine
2024-01-16 01:23:54,60.3,97.1,1,1,14,supine
2024-01-16 01:23:56,63.9,97.3,1,0.998,13.4,supine
2024-01-16 01:23:58,62.8,97.6,0.978,0.975,14.2,supine
2024-01-16 01:24:00,64.4,97.2,0.965,0.978,13.8,supine
2024-01-16 01:24:02,63.7,97.5,1,1,13.3,supine
2024-01-16 01:24:04,62.4,97.5,0.982,1,14.2,supine
2024-01-16 01:24:06,58.7,97.2,0.991,1,14.1,supine
2024-01-16 01:24:08,62.4,97.4,0.97,0.968,14.7,supine
2024-01-16 01:24:10,60.4,97.5,0.998,1,13.2,supine
2024-01-16 01:24:12,62.8,97.6,0.978,1,14.4,supine
2024-01-16 01:24:14,63.2,97.6,1,1,13.5,supine
2024-01-16 01:24:16,61.5,97.5,1,0.992,12.9,supine
2024-01-16 01:24:18,62.1,97.9,0.969,0.982,14.9,supine
2024-01-16 01:24:20,65.5,97.4,1,0.972,14.6,supine
2024-01-16 01:24:22,63.2,97,1,1,13.8,supine
2024-01-16 01:24:24,61.5,97.6,1,1,14.6,supine
2024-01-16 01:24:26,60.5,97.8,0.977,0.984,13.8,supine
2024-01-16 01:24:28,62.6,96.8,1,1,13.7,supine
2024-01-16 01:24:30,63.7,97.6,0.991,1,14.3,supine
2024-01-16 01:24:32,61.9,97,0.986,1,14.3,supine
2024-01-16 01:24:34,61.5,97.1,1,1,13.3,supine
2024-01-16 01:24:36,62.3,97.6,1,0.995,13.2,supine
2024-01-16 01:24:38,62.6,97.5,1,0.957,13.8,supine
2024-01-16 01:24:40,60.3,97.5,0.98,0.989,14.2,supine
2024-01-16 01:24:42,59.5,96.9,0.986,0.96,14,supine
2024-01-16 01:24:44,63.3,97.7,0.925,1,14.3,supine
2024-01-16 01:24:46,60.3,97.4,0.991,0.977,13.8,supine
2024-01-16 01:24:48,65.1,97.6,1,0.987,13.9,supine
2024-01-16 01:24:50,62.8,97.3,0.988,1,13.6,supine
2024-01-16 01:24:52,62.8,98.2,0.983,0.983,14.1,supine
2024-01-16 01:24:54,61.9,97.4,1,1,14,supine
2024-01-16 01:24:56,65.5,97.8,1,1,13.8,supine
2024-01-16 01:24:58,61.8,97.4,0.988,1,14.7,supine
2024-01-16 01:25:00,64.4,97.8,1,1,14,supine
2024-01-16 01:25:02,59.8,97.6,1,1,14.6,supine
2024-01-16 01:25:04,64.6,97.6,0.985,0.959,14.3,supine
2024-01-16 01:25:06,62.3,97.9,0.989,0.935,14.8,supine
2024-01-16 01:25:08,64.1,97.5,1,1,13.9,supine
2024-01-16 01:25:10,61.8,97.4,0.984,1,14.2,supine
2024-01-16 01:25:12,60.2,97.6,0.989,1,13.8,supine
2024-01-16 01:25:14,63.7,97.4,1,0.942,14.8,supine
2024-01-16 01:25:16,63,96.5,1,0.978,13.8,supine
2024-01-16 01:25:18,62.8,97.8,1,1,13.8,supine
2024-01-16 01:25:20,61.5,97.3,1,1,13.7,supine
2024-01-16 01:25:22,62.4,97.2,0.99,0.97,13.9,supine
2024-01-16 01:25:24,61.8,97.4,0.98,1,13.7,supine
2024-01-16 01:25:26,66.7,97.5,0.972,1,14.1,supine
2024-01-16 01:25:28,62.6,97.6,0.986,1,14.8,supine
2024-01-16 01:25:30,61.3,97,1,0.991,13.3,supine
2024-01-16 01:25:32,62.4,97.2,1,0.987,13.7,supine
2024-01-16 01:25:34,59.6,97.6,0.985,1,13.8,supine
2024-01-16 01:25:36,62.3,97.6,0.984,0.969,13.8,supine
2024-01-16 01:25:38,64.2,97.7,1,1,13.3,supine
2024-01-16 01:25:40,60.9,97.2,0.996,0.99,14,supine
2024-01-16 01:25:42,62.2,97.6,0.951,1,13.8,supine
2024-01-16 01:25:44,65.1,97.5,1,0.984,14.5,supine
2024-01-16 01:25:46,61.9,97.5,1,1,13.4,supine
2024-01-16 01:25:48,59.1,97.5,1,1,13.2,supine
2024-01-16 01:25:50,63.3,97.6,1,0.967,13.7,supine
2024-01-16 01:25:52,62.9,97.4,0.965,1,13.8,supine
2024-01-16 01:25:54,61,97.7,1,1,14.3,supine
2024-01-16 01:25:56,61.3,97.2,0.968,0.939,13.5,supine
2024-01-16 01:25:58,62.2,97.3,1,1,13.6,supine
2024-01-16 01:26:00,63.5,98,0.961,1,12.9,supine
2024-01-16 01:26:02,60.2,97,1,0.986,13.3,supine
2024-01-16 01:26:04,61.9,97.6,1,0.973,13.8,supine
2024-01-16 01:26:06,63.5,98.1,0.953,0.961,14.2,supine
2024-01-16 01:26:08,62.1,97.6,1,1,14.7,supine
2024-01-16 01:26:10,61.4,97.3,1,1,13.7,supine
2024-01-16 01:26:12,60.8,97,1,1,13.8,supine
2024-01-16 01:26:14,64.2,97.8,0.996,0.976,14.1,supine
2024-01-16 01:26:16,61.5,97.7,0.988,0.991,13.6,supine
2024-01-16 01:26:18,63.7,97.1,1,0.995,14.7,supine
2024-01-16 01:26:20,60.9,97.9,0.95,0.947,13.5,supine
2024-01-16 01:26:22,63.8,97.6,1,0.98,13.4,supine
2024-01-16 01:26:24,60.2,97.8,1,0.951,14.5,supine
2024-01-16 01:26:26,62.9,97.5,0.961,0.977,14,supine
2024-01-16 01:26:28,63,97.7,0.998,1,13.4,supine
2024-01-16 01:26:30,58.8,97.1,1,0.976,13.9,supine
2024-01-16 01:26:32,62.1,97.7,1,0.979,13,supine
2024-01-16 01:26:34,60.3,96.9,1,1,14.4,supine
2024-01-16 01:26:36,61.2,97.6,0.99,1,13.9,supine
2024-01-16 01:26:38,63.9,97.3,1,0.985,13.9,supine
2024-01-16 01:26:40,60.8,97.2,1,0.959,13.3,supine
2024-01-16 01:26:42,62.7,97.6,0.991,0.977,13.1,supine
2024-01-16 01:26:44,62.6,97.2,1,0.963,14,supine
2024-01-16 01:26:46,60.7,98,1,0.987,14.2,supine
2024-01-16 01:26:48,62.7,97.4,1,0.968,14.7,supine
2024-01-16 01:26:50,62.2,97.3,1,0.964,14.7,supine
2024-01-16 01:26:52,62.1,97.5,1,0.992,13.2,supine
2024-01-16 01:26:54,62.5,97.1,0.989,0.998,14.5,supine
2024-01-16 01:26:56,61.6,97.3,1,0.956,14.4,supine
2024-01-16 01:26:58,62.7,97.3,1,0.964,14.5,supine
2024-01-16 01:27:00,62.6,97.6,0.972,0.98,13.7,supine
2024-01-16 01:27:02,62.4,97.3,0.963,1,13.5,supine
2024-01-16 01:27:04,63.3,97.2,0.97,0.979,14.2,supine
2024-01-16 01:27:06,60.4,97.1,1,1,13.3,supine
2024-01-16 01:27:08,62.8,97.3,0.977,0.953,12.8,supine
2024-01-16 01:27:10,61.4,97.1,1,1,13.1,supine
2024-01-16 01:27:12,61.3,98,1,0.936,13.1,supine
2024-01-16 01:27:14,63.1,97.3,0.989,1,14,supine
2024-01-16 01:27:16,61.2,97.7,1,1,13.8,supine
2024-01-16 01:27:18,64.1,97.6,1,0.989,13.8,supine
2024-01-16 01:27:20,60.9,97.8,0.975,0.983,14.8,supine
2024-01-16 01:27:22,61.9,97.7,0.994,0.965,13.6,supine
2024-01-16 01:27:24,62.7,97.8,1,1,14.1,supine
2024-01-16 01:27:26,61.5,96.7,1,1,14,supine
2024-01-16 01:27:28,61.3,97.6,1,1,13,supine
2024-01-16 01:27:30,64.8,97.2,1,0.996,13.8,supine
2024-01-16 01:27:32,59.5,97.8,0.991,1,13.8,supine
2024-01-16 01:27:34,61.8,97.6,0.994,0.959,14.1,supine
2024-01-16 01:27:36,62.3,97.4,0.985,1,14.6,supine
2024-01-16 01:27:38,59.6,97.2,0.926,1,14.5,supine
2024-01-16 01:27:40,62.4,97.5,0.971,0.959,14.3,supine
2024-01-16 01:27:42,61.4,97.9,1,0.983,14.1,supine
2024-01-16 01:27:44,62.7,97.7,0.994,1,15,supine
2024-01-16 01:27:46,62.4,97.7,1,1,14.2,supine
2024-01-16 01:27:48,62.1,97.9,1,0.973,13.9,supine
2024-01-16 01:27:50,63.6,97.3,0.998,0.957,13.4,supine
2024-01-16 01:27:52,59.3,97.6,0.993,1,13.7,supine
2024-01-16 01:27:54,62.7,97.5,1,1,14.6,supine
2024-01-16 01:27:56,61.6,97.4,1,0.986,14.3,supine
2024-01-16 01:27:58,62.8,97.3,0.976,1,14,supine
2024-01-16 01:28:00,58.8,97.7,1,1,14.6,supine
2024-01-16 01:28:02,63.5,97.2,1,1,14.5,supine
2024-01-16 01:28:04,64.6,97.8,1,0.991,12.9,supine
2024-01-16 01:28:06,62.5,97.7,0.98,1,14.8,supine
2024-01-16 01:28:08,61.9,96.9,1,0.986,14,supine
2024-01-16 01:28:10,61.5,97.5,0.997,1,13.5,supine
2024-01-16 01:28:12,60.6,97.1,0.956,0.997,12.7,supine
2024-01-16 01:28:14,60.3,97.3,1,0.973,14.1,supine
2024-01-16 01:28:16,62.8,97.3,0.987,1,14.1,supine
2024-01-16 01:28:18,60.4,97.6,1,1,14.5,supine
2024-01-16 01:28:20,61.8,97.8,0.947,0.986,14.2,supine
2024-01-16 01:28:22,60.5,97.4,1,1,13.6,supine
2024-01-16 01:28:24,61.4,97.7,1,1,15,supine
2024-01-16 01:28:26,63.1,97.7,1,1,14.9,supine
2024-01-16 01:28:28,62.8,97.7,0.973,1,13.9,supine
2024-01-16 01:28:30,60.7,97.4,1,1,14,supine
2024-01-16 01:28:32,61.7,97.6,1,0.976,14.6,supine
2024-01-16 01:28:34,61.8,97.4,1,1,13.9,supine
2024-01-16 01:28:36,64.6,97.6,1,1,13.7,supine
2024-01-16 01:28:38,59.4,97.8,1,0.963,14.4,supine
2024-01-16 01:28:40,64.5,97.4,0.924,1,14.2,supine
2024-01-16 01:28:42,60.4,97.5,1,0.994,14.7,supine
2024-01-16 01:28:44,60.3,97.3,0.986,0.946,14.4,supine
2024-01-16 01:28:46,60,97.7,1,0.979,15.5,supine
2024-01-16 01:28:48,60.5,97.3,0.979,0.994,13.8,supine
2024-01-16 01:28:50,61.5,97.2,0.963,0.973,14.2,supine
2024-01-16 01:28:52,62,96.8,1,1,14.5,supine
2024-01-16 01:28:54,62.9,97.6,1,1,13.9,supine
2024-01-16 01:28:56,60.5,97.1,1,0.992,13.8,supine
2024-01-16 01:28:58,62.7,97.3,0.987,0.984,14,supine
2024-01-16 01:29:00,64.1,97.8,0.981,1,14.2,supine
2024-01-16 01:29:02,61.8,97.4,1,0.966,13.5,supine
2024-01-16 01:29:04,60.5,97.2,0.943,0.981,14.5,supine
2024-01-16 01:29:06,61.7,97.5,0.945,0.984,13.1,supine
2024-01-16 01:29:08,62.5,97.6,0.966,1,14,supine
2024-01-16 01:29:10,62.4,97.3,0.996,1,13.2,supine
2024-01-16 01:29:12,60.6,97,0.972,0.997,13.9,supine
2024-01-16 01:29:14,61.6,97.5,0.994,1,13.4,supine
2024-01-16 01:29:16,60.3,97.7,1,1,14.5,supine
2024-01-16 01:29:18,63.4,97,0.982,1,13.6,supine
2024-01-16 01:29:20,62.7,97.3,0.981,0.964,13.7,supine
2024-01-16 01:29:22,62.4,97.7,0.99,0.988,13.6,supine
2024-01-16 01:29:24,63,98.2,1,0.984,14,supine
2024-01-16 01:29:26,61.5,97.9,0.946,0.925,14.4,supine
2024-01-16 01:29:28,62.8,97.6,1,0.997,15,supine
2024-01-16 01:29:30,61.4,97,1,0.922,14.2,supine
2024-01-16 01:29:32,61,97.4,1,0.999,13.6,supine
2024-01-16 01:29:34,63.2,97.5,1,0.996,14,supine
2024-01-16 01:29:36,62.5,96.9,0.964,1,13.9,supine
2024-01-16 01:29:38,62.9,97.5,0.948,0.959,13.4,supine
2024-01-16 01:29:40,61.5,97.8,1,1,13.6,supine
2024-01-16 01:29:42,61.9,97.4,1,1,14.6,supine
2024-01-16 01:29:44,61.7,97.2,0.96,0.998,13.6,supine
2024-01-16 01:29:46,61,97.2,1,0.981,14.8,supine
2024-01-16 01:29:48,64.3,97.4,0.936,1,14,supine
2024-01-16 01:29:50,64.4,97.3,0.985,0.988,13.6,supine
2024-01-16 01:29:52,61.8,97.5,1,1,13.9,supine
2024-01-16 01:29:54,62,97.7,1,0.94,14.9,supine
2024-01-16 01:29:56,63.8,96.9,1,1,14,supine
2024-01-16 01:29:58,61,97.4,1,1,14.3,supine
2024-01-16 01:30:00,60.1,97.4,0.038,0.835,0,supine
2024-01-16 01:30:02,59.7,97,0.04,0.715,0,supine
2024-01-16 01:30:04,58.8,97.6,0.07,0.731,0,supine
2024-01-16 01:30:06,58.7,97.4,0.038,0.799,0,supine
2024-01-16 01:30:08,59.5,97.2,0.073,0.839,0,supine
2024-01-16 01:30:10,59.5,97.6,0.033,0.64,0,supine
2024-01-16 01:30:12,55.2,97.3,0.078,0.638,0,supine
2024-01-16 01:30:14,58.7,96.7,0.026,0.718,0,supine
2024-01-16 01:30:16,56.4,95.7,0.02,0.643,0,supine
2024-01-16 01:30:18,58.7,94.9,0.05,0.659,0,supine
2024-01-16 01:30:20,59.3,94.1,0.072,0.714,0,supine
2024-01-16 01:30:22,57.4,94,0.028,0.787,0,supine
2024-01-16 01:30:24,59.1,93.4,0.035,0.703,0,supine
2024-01-16 01:30:26,58.3,92.5,0.034,0.749,0,supine
2024-01-16 01:30:28,59.4,92,0.03,0.763,0,supine
2024-01-16 01:30:30,67,91.7,0.962,1,13.9,supine
2024-01-16 01:30:32,67.7,91.5,1,1,13.8,supine
2024-01-16 01:30:34,67,90.9,0.957,1,14.2,supine
2024-01-16 01:30:36,67,90.9,1,1,14.1,supine
2024-01-16 01:30:38,68.2,90.7,0.984,0.974,13.9,supine
2024-01-16 01:30:40,62.3,90.1,1,1,15.1,supine
2024-01-16 01:30:42,62.6,90,1,1,14,supine
2024-01-16 01:30:44,61.5,89.8,1,1,13.8,supine
2024-01-16 01:30:46,63.9,97.5,0.973,0.98,14,supine
2024-01-16 01:30:48,61.7,97.5,1,1,14.7,supine
2024-01-16 01:30:50,62.6,97.7,1,1,13.5,supine
2024-01-16 01:30:52,61.9,97.2,1,0.984,13.9,supine
2024-01-16 01:30:54,59.4,97.2,1,1,14.3,supine
2024-01-16 01:30:56,61.7,97.2,0.993,1,14.6,supine
2024-01-16 01:30:58,59.8,97.7,0.989,1,13.5,supine
2024-01-16 01:31:00,61.8,97.3,0.97,1,13.7,supine
2024-01-16 01:31:02,62.6,97.8,0.958,0.911,14.7,supine
2024-01-16 01:31:04,62.7,97,1,1,14.5,supine
2024-01-16 01:31:06,60.7,97.7,0.999,0.985,13.4,supine
2024-01-16 01:31:08,64.2,97.4,0.954,1,12.2,supine
2024-01-16 01:31:10,63.4,97.9,0.965,0.972,14.3,supine
2024-01-16 01:31:12,59.6,97.3,0.958,1,14,supine
2024-01-16 01:31:14,65.1,97.4,1,1,14.7,supine
2024-01-16 01:31:16,61.5,97.9,0.992,0.96,14.5,supine
2024-01-16 01:31:18,60.4,97.4,1,0.999,13.3,supine
2024-01-16 01:31:20,61.8,97.9,0.989,1,14.1,supine
2024-01-16 01:31:22,61.8,97.2,1,1,14.1,supine
2024-01-16 01:31:24,64.1,97.6,0.988,0.971,14.9,supine
2024-01-16 01:31:26,65.1,97.9,1,1,13.8,supine
2024-01-16 01:31:28,61.8,97.3,1,1,14.6,supine
2024-01-16 01:31:30,63,97.5,1,0.99,14.3,supine
2024-01-16 01:31:32,60.3,97,1,1,14.3,supine
2024-01-16 01:31:34,63.8,97.8,0.988,1,13,supine
2024-01-16 01:31:36,60.1,97.8,0.952,0.961,13.5,supine
2024-01-16 01:31:38,62.2,97.2,1,0.954,13.4,supine
2024-01-16 01:31:40,61.5,97.1,1,0.986,14.3,supine
2024-01-16 01:31:42,63.1,96.9,0.961,0.996,13.8,supine
2024-01-16 01:31:44,60.5,97.7,1,0.994,15.4,supine
2024-01-16 01:31:46,63.1,97.5,1,1,13.4,supine
2024-01-16 01:31:48,64.3,97.7,1,0.967,14.1,supine
2024-01-16 01:31:50,64.8,97.7,1,0.988,14.3,supine
2024-01-16 01:31:52,63.6,97.4,1,1,14.5,supine
2024-01-16 01:31:54,62,97.4,1,0.988,14,supine
2024-01-16 01:31:56,64.4,98,1,1,13.7,supine
2024-01-16 01:31:58,61.9,97.1,0.949,1,14,supine
2024-01-16 01:32:00,58.7,97.6,1,0.95,13.6,supine
2024-01-16 01:32:02,63,97.5,1,0.991,13.7,supine
2024-01-16 01:32:04,62.9,97,1,1,12.8,supine
2024-01-16 01:32:06,62.9,97.5,1,0.969,13.6,supine
2024-01-16 01:32:08,62.9,97.4,0.996,0.965,14.5,supine
2024-01-16 01:32:10,63.8,97.3,0.937,1,13.9,supine
2024-01-16 01:32:12,62.4,97.8,0.95,1,14.3,supine
2024-01-16 01:32:14,59.7,97.5,0.987,0.987,14.1,supine
2024-01-16 01:32:16,61.7,97.8,1,1,13.6,supine
2024-01-16 01:32:18,61.1,97.4,0.971,1,13.3,supine
2024-01-16 01:32:20,62,97.6,1,1,14.5,supine
2024-01-16 01:32:22,62.4,97.4,0.955,0.993,14.3,supine
2024-01-16 01:32:24,61.4,97.5,0.954,0.936,13.9,supine
2024-01-16 01:32:26,61.6,97,0.958,0.989,14.6,supine
2024-01-16 01:32:28,61.2,97.7,1,1,14.2,supine
2024-01-16 01:32:30,63,97.3,1,1,13.5,supine
2024-01-16 01:32:32,63.5,97.3,1,0.958,14.7,supine
2024-01-16 01:32:34,61.6,97,1,1,14.1,supine
2024-01-16 01:32:36,62.5,97.4,1,0.983,14.1,supine
2024-01-16 01:32:38,64.1,97.5,1,1,14.1,supine
2024-01-16 01:32:40,61.2,97.1,0.95,0.93,13.5,supine
2024-01-16 01:32:42,63,97.5,1,1,13.8,supine
2024-01-16 01:32:44,63.4,97,1,1,14.7,supine
2024-01-16 01:32:46,60.1,97.3,0.973,1,13.6,supine
2024-01-16 01:32:48,62.4,97.6,1,1,13.6,supine
2024-01-16 01:32:50,60.4,97.4,1,1,14.7,supine
2024-01-16 01:32:52,62.9,98.1,0.996,1,14,supine
2024-01-16 01:32:54,63.7,97.2,1,1,13.7,supine
2024-01-16 01:32:56,63.9,97.4,1,1,13.9,supine
2024-01-16 01:32:58,60.5,97.6,1,1,13.8,supine
2024-01-16 01:33:00,61.9,97.4,0.976,0.999,14.1,supine
2024-01-16 01:33:02,61.7,97.5,1,0.973,13.8,supine
2024-01-16 01:33:04,61.7,97.5,1,0.993,13.5,supine
2024-01-16 01:33:06,59.4,97,0.977,1,14.7,supine
2024-01-16 01:33:08,61.9,97.6,1,0.974,14.4,supine
2024-01-16 01:33:10,60.6,97.4,1,0.979,14.1,supine
2024-01-16 01:33:12,62.9,97.2,1,0.985,13.2,supine
2024-01-16 01:33:14,60.5,97.2,1,0.978,14.5,supine
2024-01-16 01:33:16,64.3,97.3,0.963,1,13.5,supine
2024-01-16 01:33:18,58.3,97.5,1,0.96,14.9,supine
2024-01-16 01:33:20,64.5,97.6,0.958,1,13.9,supine
2024-01-16 01:33:22,61.3,97.2,1,0.966,13.9,supine
2024-01-16 01:33:24,60.3,96.9,0.996,0.977,14.3,supine
2024-01-16 01:33:26,63.6,97.3,1,1,13,supine
2024-01-16 01:33:28,62.4,97.2,1,0.962,13.9,supine
2024-01-16 01:33:30,59.8,97.4,1,1,13.6,supine
2024-01-16 01:33:32,63.8,97.5,0.958,1,14.1,supine
2024-01-16 01:33:34,61.1,97.4,0.986,0.976,13.4,supine
2024-01-16 01:33:36,63.8,97.6,0.981,0.967,13.7,supine
2024-01-16 01:33:38,60.6,97.8,1,0.98,13.8,supine
2024-01-16 01:33:40,62.4,97.6,1,1,13.8,supine
2024-01-16 01:33:42,63.4,97.4,0.986,0.974,14.1,supine
2024-01-16 01:33:44,59.8,97.2,1,0.991,14.4,supine
2024-01-16 01:33:46,61.3,97.2,0.963,1,14.8,supine
2024-01-16 01:33:48,59.3,97.4,0.991,0.994,14.2,supine
2024-01-16 01:33:50,61.9,97.4,0.988,0.973,13.2,supine
2024-01-16 01:33:52,62.1,97.5,0.965,1,13.9,supine
2024-01-16 01:33:54,63.8,97.7,1,0.991,14,supine
2024-01-16 01:33:56,62.8,97.6,1,0.981,13.9,supine
2024-01-16 01:33:58,60.7,97.5,1,1,14.3,supine
2024-01-16 01:34:00,63.2,97.4,0.982,1,14.1,supine
2024-01-16 01:34:02,62,97.8,1,1,14.3,supine
2024-01-16 01:34:04,61.6,97.8,0.952,0.988,13.8,supine
2024-01-16 01:34:06,62.6,97.7,1,1,14.6,supine
2024-01-16 01:34:08,64,97.7,0.997,0.989,13.6,supine
2024-01-16 01:34:10,60.8,97.1,1,1,14.3,supine
2024-01-16 01:34:12,61.3,97.7,0.983,0.998,13.3,supine
2024-01-16 01:34:14,62.3,97.3,0.982,0.988,14.7,supine
2024-01-16 01:34:16,60.7,97.1,1,0.964,13.8,supine
2024-01-16 01:34:18,66.2,97,1,0.987,13.4,supine
2024-01-16 01:34:20,59.1,97.3,0.995,0.995,13.5,supine
2024-01-16 01:34:22,62.9,97.4,0.988,1,14.1,supine
2024-01-16 01:34:24,60.6,96.9,1,1,13.6,supine
2024-01-16 01:34:26,61.6,97.4,0.984,0.997,13.6,supine
2024-01-16 01:34:28,64.7,97.9,1,1,13.7,supine
2024-01-16 01:34:30,64.2,97.5,1,0.99,13.9,supine
2024-01-16 01:34:32,60.5,97.1,1,0.997,14.9,supine
2024-01-16 01:34:34,61,97.7,1,1,13,supine
2024-01-16 01:34:36,61.4,97.1,1,1,14.1,supine
2024-01-16 01:34:38,61.3,97.6,0.974,0.977,14.2,supine
2024-01-16 01:34:40,63.7,97.1,0.971,1,13.9,supine
2024-01-16 01:34:42,60.7,97.6,1,0.994,14,supine
2024-01-16 01:34:44,62.3,97.8,0.979,1,14.5,supine
2024-01-16 01:34:46,62.6,97.4,1,1,14.4,supine
2024-01-16 01:34:48,62,97.9,1,1,14,supine
2024-01-16 01:34:50,61,97.6,0.984,1,14.4,supine
2024-01-16 01:34:52,59.6,97.6,0.991,1,13.8,supine
2024-01-16 01:34:54,64.9,97.6,0.974,1,14.3,supine
2024-01-16 01:34:56,60.9,97.4,0.974,1,13.6,supine
2024-01-16 01:34:58,62.2,97.4,0.955,0.986,13.7,supine
2024-01-16 01:35:00,62.6,98,1,0.991,14.4,supine
2024-01-16 01:35:02,62.8,97.6,1,0.971,13.3,supine
2024-01-16 01:35:04,63.5,97.5,1,0.995,14.4,supine
2024-01-16 01:35:06,63.2,96.9,1,0.975,13.3,supine
2024-01-16 01:35:08,62.3,97.2,1,0.984,14.6,supine
2024-01-16 01:35:10,64.9,97.5,0.968,0.979,13.5,supine
2024-01-16 01:35:12,63.6,97.2,0.991,0.981,14.1,supine
2024-01-16 01:35:14,61.8,97.4,1,0.955,13.6,supine
2024-01-16 01:35:16,61.6,97.3,1,0.984,14.4,supine
2024-01-16 01:35:18,61.3,98,0.989,0.949,14.8,supine
2024-01-16 01:35:20,61.3,97.9,0.98,1,14.2,supine
2024-01-16 01:35:22,62.1,97.3,0.957,0.98,15.2,supine
2024-01-16 01:35:24,59.8,98,1,0.967,13.2,supine
2024-01-16 01:35:26,60.8,97.2,0.976,0.986,13.5,supine
2024-01-16 01:35:28,62.3,97.6,1,1,14.3,supine
2024-01-16 01:35:30,64.1,97.3,0.976,0.946,13.9,supine
2024-01-16 01:35:32,61.1,97.5,1,0.942,14.1,supine
2024-01-16 01:35:34,62.8,97.8,0.973,1,13.9,supine
2024-01-16 01:35:36,64.1,97.5,0.959,1,14.1,supine
2024-01-16 01:35:38,62,97.5,0.987,0.96,14.2,supine
2024-01-16 01:35:40,60.6,97.2,1,0.99,13.9,supine
2024-01-16 01:35:42,64.1,97.8,1,0.989,13.8,supine
2024-01-16 01:35:44,62,97.4,0.969,1,14.6,supine
2024-01-16 01:35:46,62.5,97.6,1,1,14.5,supine
2024-01-16 01:35:48,62.9,97.2,1,1,13,supine
2024-01-16 01:35:50,62.5,98,0.994,0.992,13.6,supine
2024-01-16 01:35:52,60.5,97.7,1,1,13.6,supine
2024-01-16 01:35:54,58.8,98.1,1,0.974,14.3,supine
2024-01-16 01:35:56,63,97.5,0.964,0.996,13.2,supine
2024-01-16 01:35:58,61.4,97.4,1,0.952,13.8,supine
2024-01-16 01:36:00,64.1,97.7,0.99,0.973,13.4,supine
2024-01-16 01:36:02,62,97.4,1,1,13.6,supine
2024-01-16 01:36:04,63.7,97.6,0.991,0.991,13.8,supine
2024-01-16 01:36:06,61.5,97.2,1,1,14.3,supine
2024-01-16 01:36:08,63.5,97.9,0.995,1,13.7,supine
2024-01-16 01:36:10,59.7,97.4,1,0.996,13.7,supine
2024-01-16 01:36:12,61.1,97.5,0.979,0.982,13.6,supine
2024-01-16 01:36:14,60.8,97.5,1,0.987,14,supine
2024-01-16 01:36:16,58.9,97.4,1,0.953,13.4,supine
2024-01-16 01:36:18,61.4,97.6,0.938,0.982,14.2,supine
2024-01-16 01:36:20,62,97.7,1,0.999,14.4,supine
2024-01-16 01:36:22,60.1,97.2,1,1,14.4,supine
2024-01-16 01:36:24,60.9,97.5,0.995,0.984,13.9,supine
2024-01-16 01:36:26,60.8,97.7,1,0.989,13.8,supine
2024-01-16 01:36:28,63.5,97.5,1,0.972,13.7,supine
2024-01-16 01:36:30,61.8,97.1,0.99,0.984,14.6,supine
2024-01-16 01:36:32,61.7,97.6,1,0.992,14.1,supine
2024-01-16 01:36:34,62.3,97.4,0.993,1,14.1,supine
2024-01-16 01:36:36,63,97.5,1,1,14.8,supine
2024-01-16 01:36:38,61.2,97.6,0.985,1,14.1,supine
2024-01-16 01:36:40,63.1,97.2,0.927,1,13.7,supine
2024-01-16 01:36:42,59.6,97.3,0.96,0.988,13.8,supine
2024-01-16 01:36:44,62.9,97.1,1,1,14,supine
2024-01-16 01:36:46,60.2,97.6,1,1,13.7,supine
2024-01-16 01:36:48,61.4,97.2,0.958,1,13.4,supine
2024-01-16 01:36:50,61.9,97.1,1,1,15,supine
2024-01-16 01:36:52,62.8,97.6,1,1,15,supine
2024-01-16 01:36:54,60.2,97.2,1,1,14.1,supine
2024-01-16 01:36:56,64.6,97.3,0.961,1,14.6,supine
2024-01-16 01:36:58,62.2,97.7,1,0.993,13.6,supine
2024-01-16 01:37:00,62.4,97.2,0.988,1,14.5,supine
2024-01-16 01:37:02,62.4,97.2,1,0.935,14,supine
2024-01-16 01:37:04,63.3,98,1,1,14,supine
2024-01-16 01:37:06,60.5,97.5,0.992,1,14.3,supine
2024-01-16 01:37:08,59,97.5,0.972,1,14.4,supine
2024-01-16 01:37:10,63.3,97.5,0.954,0.972,14.2,supine
2024-01-16 01:37:12,61.6,97.5,1,0.993,13.5,supine
2024-01-16 01:37:14,64.3,97.6,1,0.981,13.6,supine
2024-01-16 01:37:16,62.2,97,0.988,0.963,14.5,supine
2024-01-16 01:37:18,63.2,97.3,1,0.999,13.9,supine
2024-01-16 01:37:20,59.4,97.9,0.957,1,13.1,supine
2024-01-16 01:37:22,60.5,97.4,0.998,1,13.5,supine
2024-01-16 01:37:24,64.2,96.9,1,1,14.4,supine
2024-01-16 01:37:26,60.8,98.1,0.988,0.968,13.8,supine
2024-01-16 01:37:28,61.4,97.6,1,0.978,14.3,supine
2024-01-16 01:37:30,61.7,97.2,0.987,1,14,supine
2024-01-16 01:37:32,61.1,97.8,1,1,13.2,supine
2024-01-16 01:37:34,63.2,97.6,0.985,1,14.7,supine
2024-01-16 01:37:36,63.2,97.3,1,0.985,14.4,supine
2024-01-16 01:37:38,63.6,97.4,0.953,1,13.5,supine
2024-01-16 01:37:40,62.6,97.8,1,1,14.5,supine
2024-01-16 01:37:42,61.9,97.5,1,1,13.2,supine
2024-01-16 01:37:44,62.8,97.7,1,0.981,14.3,supine
2024-01-16 01:37:46,64.2,97.1,0.985,1,14.7,supine
2024-01-16 01:37:48,61,97.2,1,0.987,14.2,supine
2024-01-16 01:37:50,62.6,97.6,0.961,1,14.1,supine
2024-01-16 01:37:52,59.2,97.7,1,1,14.2,supine
2024-01-16 01:37:54,58.8,97.8,1,0.998,15,supine
2024-01-16 01:37:56,62.4,98.2,0.907,1,13.6,supine
2024-01-16 01:37:58,62.2,97.9,0.929,0.994,14.2,supine
2024-01-16 01:38:00,62.9,97.4,1,0.946,13.7,supine
2024-01-16 01:38:02,59.9,97.2,0.972,0.991,15.2,supine
2024-01-16 01:38:04,59.8,97.4,1,0.997,13.1,supine
2024-01-16 01:38:06,61.8,98,1,1,13.6,supine
2024-01-16 01:38:08,61.3,97.4,0.981,1,13.9,supine
2024-01-16 01:38:10,62.3,97.8,1,0.991,13.2,supine
2024-01-16 01:38:12,61.4,97.5,0.988,1,14.6,supine
2024-01-16 01:38:14,60.6,97.4,0.995,1,14,supine
2024-01-16 01:38:16,63.9,97.5,0.998,0.997,13.7,supine
2024-01-16 01:38:18,62.1,97.6,0.964,0.989,15.3,supine
2024-01-16 01:38:20,61.6,97.6,1,0.981,13.9,supine
2024-01-16 01:38:22,62.3,97.5,1,1,14.1,supine
2024-01-16 01:38:24,64.8,97.3,0.979,1,14.3,supine
2024-01-16 01:38:26,61.8,97,0.998,1,13.5,supine
2024-01-16 01:38:28,61.4,97.9,0.984,0.993,14.5,supine
2024-01-16 01:38:30,58.4,97.2,0.966,1,13.5,supine
2024-01-16 01:38:32,63.5,97.8,1,0.962,14,supine
2024-01-16 01:38:34,62.3,97.4,1,1,14.8,supine
2024-01-16 01:38:36,64.8,98,1,1,14.6,supine
2024-01-16 01:38:38,61.7,97.5,0.96,0.938,13.6,supine
2024-01-16 01:38:40,63.5,97.4,1,1,14.3,supine
2024-01-16 01:38:42,63.4,97.4,0.994,1,14.7,supine
2024-01-16 01:38:44,60.6,97.4,1,1,14.2,supine
2024-01-16 01:38:46,60.2,97.3,0.946,0.991,14.4,supine
2024-01-16 01:38:48,62.3,97,0.948,0.971,13.4,supine
2024-01-16 01:38:50,63.2,97.3,1,0.968,13.3,supine
2024-01-16 01:38:52,59.7,97.6,1,0.993,13.9,supine
2024-01-16 01:38:54,63.2,96.8,1,1,14.5,supine
2024-01-16 01:38:56,60.8,97.6,0.959,1,14.8,supine
2024-01-16 01:38:58,60.1,97.9,0.988,0.943,13.8,supine
2024-01-16 01:39:00,62.5,97.4,1,0.999,15.2,supine
2024-01-16 01:39:02,63.2,97.7,1,0.938,13.5,supine
2024-01-16 01:39:04,64.1,97.9,0.982,0.985,14.5,supine
2024-01-16 01:39:06,63,97.4,0.984,1,14.1,supine
2024-01-16 01:39:08,61.1,97.1,1,1,15,supine
2024-01-16 01:39:10,62.5,97.4,1,1,12.9,supine
2024-01-16 01:39:12,62.8,98.1,0.955,1,13.1,supine
2024-01-16 01:39:14,61.4,97.5,0.982,1,14.1,supine
2024-01-16 01:39:16,59.8,97.7,1,1,14.6,supine
2024-01-16 01:39:18,61.1,97.4,1,1,13.7,supine
2024-01-16 01:39:20,61.5,97.5,1,1,14,supine
2024-01-16 01:39:22,62.9,97.6,0.999,1,13.4,supine
2024-01-16 01:39:24,62.7,97.3,1,1,13.5,supine
2024-01-16 01:39:26,60.5,97.5,0.972,0.969,14.3,supine
2024-01-16 01:39:28,65.2,97,1,1,13.8,supine
2024-01-16 01:39:30,61.4,97.3,1,0.981,13.9,supine
2024-01-16 01:39:32,61.3,97.8,1,1,14.1,supine
2024-01-16 01:39:34,62.6,97.7,1,1,15.2,supine
2024-01-16 01:39:36,59.6,97.2,0.933,1,13.3,supine
2024-01-16 01:39:38,60.4,97.6,1,0.96,13.5,supine
2024-01-16 01:39:40,64.2,97.2,1,1,13.9,supine
2024-01-16 01:39:42,59.7,96.9,0.928,1,14.4,supine
2024-01-16 01:39:44,63.7,97.1,0.945,0.957,14.9,supine
2024-01-16 01:39:46,62.6,97.5,1,0.946,14.5,supine
2024-01-16 01:39:48,58.9,97.3,1,1,14.5,supine
2024-01-16 01:39:50,63.3,97,1,0.987,14.4,supine
2024-01-16 01:39:52,63.9,97.6,0.982,0.984,13.6,supine
2024-01-16 01:39:54,62.2,97.3,0.985,1,14.3,supine
2024-01-16 01:39:56,60.5,97.6,1,0.983,13.7,supine
2024-01-16 01:39:58,62.9,97.5,1,0.987,13.6,supine
2024-01-16 01:40:00,58.7,97.3,0.966,1,13.7,supine
2024-01-16 01:40:02,62.3,97.8,1,1,14,supine
2024-01-16 01:40:04,63.3,97.8,1,1,13.7,supine
2024-01-16 01:40:06,57.8,97.8,0.99,1,14.4,supine
2024-01-16 01:40:08,59.9,97.3,0.965,0.964,13.7,supine
2024-01-16 01:40:10,62.2,97.5,0.998,0.967,13.8,supine
2024-01-16 01:40:12,61.3,97.8,1,1,13.6,supine
2024-01-16 01:40:14,61.3,97.2,1,0.988,13.6,supine
2024-01-16 01:40:16,63.5,97.2,0.981,1,14.4,supine
2024-01-16 01:40:18,63.5,97,1,1,13.9,supine
2024-01-16 01:40:20,62.5,97,0.981,1,13.9,supine
2024-01-16 01:40:22,62.3,97.9,0.976,0.955,13.8,supine
2024-01-16 01:40:24,60.2,97.5,1,1,14.1,supine
2024-01-16 01:40:26,62.3,97.6,0.932,0.973,14.1,supine
2024-01-16 01:40:28,60.7,97.5,0.997,0.981,13.8,supine
2024-01-16 01:40:30,65,97.2,0.979,1,14.2,supine
2024-01-16 01:40:32,61.6,97.7,1,1,13.9,supine
2024-01-16 01:40:34,61.9,97.3,0.941,0.994,13.4,supine
2024-01-16 01:40:36,61.9,96.9,0.954,0.977,14.3,supine
2024-01-16 01:40:38,61.1,98,0.987,0.974,13.6,supine
2024-01-16 01:40:40,59.4,96.9,1,1,14.2,supine
2024-01-16 01:40:42,62.4,97.9,1,1,13.4,supine
2024-01-16 01:40:44,61.7,97.4,1,0.987,13.4,supine
2024-01-16 01:40:46,62.8,97.5,1,0.986,14.2,supine
2024-01-16 01:40:48,62.5,97.3,1,1,13.9,supine
2024-01-16 01:40:50,63.7,97.7,0.978,0.997,14.4,supine
2024-01-16 01:40:52,62.3,97.5,1,1,14.1,supine
2024-01-16 01:40:54,62.6,97.5,0.982,1,14,supine
2024-01-16 01:40:56,62.9,97.3,1,1,12.6,supine
2024-01-16 01:40:58,64,97.3,1,1,14.2,supine
2024-01-16 01:41:00,61.9,97.6,0.981,1,13.9,supine
2024-01-16 01:41:02,61.5,97.6,1,1,13.3,supine
2024-01-16 01:41:04,61.1,97.8,0.971,1,14.5,supine
2024-01-16 01:41:06,61.8,97.6,1,1,14.3,supine
2024-01-16 01:41:08,60.6,97.8,1,0.939,14.1,supine
2024-01-16 01:41:10,62.3,97.4,1,0.971,13.5,supine
2024-01-16 01:41:12,60.5,97.8,0.99,1,13.6,supine
2024-01-16 01:41:14,62.9,97.5,0.969,1,14.7,supine
2024-01-16 01:41:16,60.5,97.2,0.965,0.997,14.7,supine
2024-01-16 01:41:18,62.4,97.8,1,1,14.4,supine
2024-01-16 01:41:20,61.4,97.6,0.975,1,13.9,supine
2024-01-16 01:41:22,63.5,97.4,0.982,1,13.4,supine
2024-01-16 01:41:24,60.8,97.3,1,0.989,13,supine
2024-01-16 01:41:26,59.2,97.6,0.946,0.98,14.3,supine
2024-01-16 01:41:28,62,97.7,0.982,1,13.6,supine
2024-01-16 01:41:30,62.7,97.6,0.948,0.993,13.2,supine
2024-01-16 01:41:32,65.8,97.8,1,0.995,15.2,supine
2024-01-16 01:41:34,61.7,97.7,0.993,0.96,14.2,supine
2024-01-16 01:41:36,62.2,97.5,1,1,13.9,supine
2024-01-16 01:41:38,63.8,97.5,0.998,0.986,14.2,supine
2024-01-16 01:41:40,61.6,97.9,0.988,1,14,supine
2024-01-16 01:41:42,62.9,96.9,1,0.967,14.3,supine
2024-01-16 01:41:44,62.8,97.3,0.979,0.979,14.2,supine
2024-01-16 01:41:46,64.3,97.7,0.966,1,13.7,supine
2024-01-16 01:41:48,60,98,1,1,14.8,supine
2024-01-16 01:41:50,60.4,97.9,1,1,13.6,supine
2024-01-16 01:41:52,60.1,98.3,1,0.974,13.8,supine
2024-01-16 01:41:54,62.7,97.4,1,0.989,14,supine
2024-01-16 01:41:56,62.4,96.7,1,1,14.8,supine
2024-01-16 01:41:58,62.9,97.8,1,1,13,supine
2024-01-16 01:42:00,61.5,96.8,1,1,14.4,supine
2024-01-16 01:42:02,62.2,97.6,0.974,1,14.2,supine
2024-01-16 01:42:04,60.9,97.5,0.967,1,14.4,supine
2024-01-16 01:42:06,62,97.2,0.939,1,13.8,supine
2024-01-16 01:42:08,61.3,97.4,1,1,13.9,supine
2024-01-16 01:42:10,60.1,97.3,1,0.932,13.9,supine
2024-01-16 01:42:12,63.9,97.4,0.951,0.949,13.7,supine
2024-01-16 01:42:14,64,97.2,0.998,0.969,14,supine
2024-01-16 01:42:16,62.6,97.6,1,1,14.3,supine
2024-01-16 01:42:18,63.4,97.3,1,1,14.3,supine
2024-01-16 01:42:20,60.8,96.5,0.99,0.957,13,supine
2024-01-16 01:42:22,59.8,97.1,0.966,0.93,14.6,supine
2024-01-16 01:42:24,62.9,97.6,1,0.972,15.4,supine
2024-01-16 01:42:26,61.8,97.4,1,0.98,14.3,supine
2024-01-16 01:42:28,61,97.5,1,1,13.2,supine
2024-01-16 01:42:30,61.3,97.7,1,0.985,14.2,supine
2024-01-16 01:42:32,60.4,98.1,0.961,0.989,14.6,supine
2024-01-16 01:42:34,61.3,98.1,1,0.984,13.7,supine
2024-01-16 01:42:36,63.2,97.6,1,0.977,14,supine
2024-01-16 01:42:38,61.8,97.4,0.989,1,14.1,supine
2024-01-16 01:42:40,59.9,98.1,0.966,0.979,13.3,supine
2024-01-16 01:42:42,62.3,97.7,1,1,13.1,supine
2024-01-16 01:42:44,62.2,96.7,0.98,1,12.9,supine
2024-01-16 01:42:46,63.4,97.7,0.976,0.983,13.9,supine
2024-01-16 01:42:48,63.1,97.6,1,1,14.1,supine
2024-01-16 01:42:50,56.1,97.3,1,0.981,13.8,supine
2024-01-16 01:42:52,59.9,97.7,1,0.997,14.9,supine
2024-01-16 01:42:54,61.5,97.5,1,0.997,14.6,supine
2024-01-16 01:42:56,62.6,97.5,0.978,1,13.8,supine
2024-01-16 01:42:58,63.3,97.7,0.988,0.989,14.2,supine
2024-01-16 01:43:00,61.3,97.6,0.97,1,14.5,supine
2024-01-16 01:43:02,60.3,97,0.96,1,14.8,supine
2024-01-16 01:43:04,59.7,97.2,0.99,1,13.9,supine
2024-01-16 01:43:06,62.3,97.9,0.989,1,14.2,supine
2024-01-16 01:43:08,59.7,97.7,1,0.973,14,supine
2024-01-16 01:43:10,63.2,97.8,1,0.998,14.2,supine
2024-01-16 01:43:12,62.3,97.3,0.996,1,13.4,supine
2024-01-16 01:43:14,61.1,97.3,1,1,14.3,supine
2024-01-16 01:43:16,61.9,97.8,1,0.977,14.7,supine
2024-01-16 01:43:18,61.8,97.7,1,1,14.2,supine
2024-01-16 01:43:20,63.4,97.4,0.978,1,14.3,supine
2024-01-16 01:43:22,65.5,97.4,0.989,0.981,13.7,supine
2024-01-16 01:43:24,63.2,97.3,0.962,1,14.5,supine
2024-01-16 01:43:26,62.2,97.3,0.979,0.963,14.9,supine
2024-01-16 01:43:28,58.9,97,0.983,0.999,14.5,supine
2024-01-16 01:43:30,61.2,97.3,0.996,1,13.7,supine
2024-01-16 01:43:32,62.6,97.6,1,1,14.2,supine
2024-01-16 01:43:34,61.8,97.1,1,0.984,14,supine
2024-01-16 01:43:36,62.2,97.3,0.974,0.968,14,supine
2024-01-16 01:43:38,60.4,97.6,0.958,1,13.3,supine
2024-01-16 01:43:40,62.4,96.9,1,0.988,13.7,supine
2024-01-16 01:43:42,60.8,97.3,0.998,0.978,12.9,supine
2024-01-16 01:43:44,61.7,97.2,1,0.992,13.9,supine
2024-01-16 01:43:46,59.5,97.8,1,0.946,14.2,supine
2024-01-16 01:43:48,62.8,97.1,1,0.981,14.6,supine
2024-01-16 01:43:50,60.5,97.4,0.957,0.986,14.2,supine
2024-01-16 01:43:52,61.3,97.4,1,0.983,14.1,supine
2024-01-16 01:43:54,65.2,97.1,0.999,1,14.3,supine
2024-01-16 01:43:56,63.5,98,0.995,0.995,14.2,supine
2024-01-16 01:43:58,60.5,97.3,0.977,1,14.2,supine
2024-01-16 01:44:00,60.3,97.8,1,1,13.6,supine
2024-01-16 01:44:02,61.2,97.9,1,1,13.8,supine
2024-01-16 01:44:04,61.4,97.7,0.975,1,14,supine
2024-01-16 01:44:06,62.4,97.7,0.975,0.996,13.6,supine
2024-01-16 01:44:08,60.8,97.3,1,0.982,12.7,supine
2024-01-16 01:44:10,61,97.3,1,1,14.6,supine
2024-01-16 01:44:12,63,97.7,1,0.978,13.6,supine
2024-01-16 01:44:14,61.1,98.1,1,1,14,supine
2024-01-16 01:44:16,60.7,97.5,0.989,1,14.1,supine
2024-01-16 01:44:18,62.8,97.5,0.98,0.997,14.1,supine
2024-01-16 01:44:20,62.9,97.6,0.969,1,14.5,supine
2024-01-16 01:44:22,62.8,97.7,0.995,1,14.2,supine
2024-01-16 01:44:24,62.2,96.9,0.996,1,14.8,supine
2024-01-16 01:44:26,62.5,96.9,0.991,1,14.6,supine
2024-01-16 01:44:28,62.6,96.8,0.982,1,15.1,supine
2024-01-16 01:44:30,62.1,97.5,1,0.967,14.6,supine
2024-01-16 01:44:32,61.5,97.7,1,0.986,14,supine
2024-01-16 01:44:34,62.5,97.6,0.993,0.984,14.8,supine
2024-01-16 01:44:36,64.8,97.5,0.979,0.978,14.1,supine
2024-01-16 01:44:38,60.3,97.6,1,0.969,14.5,supine
2024-01-16 01:44:40,62.1,97.8,1,0.981,14.1,supine
2024-01-16 01:44:42,60.2,97.5,0.992,0.988,14.3,supine
2024-01-16 01:44:44,62.8,97.8,1,1,13.4,supine
2024-01-16 01:44:46,61.8,97.4,1,1,14.3,supine
2024-01-16 01:44:48,62.4,98,1,1,14,supine
2024-01-16 01:44:50,63.9,97.3,0.94,1,14.1,supine
2024-01-16 01:44:52,61.5,97.7,1,1,13.7,supine
2024-01-16 01:44:54,61.8,97.1,1,1,15,supine
2024-01-16 01:44:56,61.3,97.2,0.971,0.969,14.5,supine
2024-01-16 01:44:58,64.4,97.7,1,1,14.4,supine
2024-01-16 01:45:00,63.4,97.4,1,1,13.6,supine
2024-01-16 01:45:02,60.3,97.4,0.99,1,14.3,supine
2024-01-16 01:45:04,63.5,97.5,0.986,1,14.4,supine
2024-01-16 01:45:06,63,97.9,0.946,1,14.5,supine
2024-01-16 01:45:08,63.6,97.3,0.972,0.997,13.7,supine
2024-01-16 01:45:10,62.3,98.1,0.989,1,13.5,supine
2024-01-16 01:45:12,60.9,97.3,1,1,14.1,supine
2024-01-16 01:45:14,63,97.8,1,0.975,14.7,supine
2024-01-16 01:45:16,64,97.3,1,0.979,14.3,supine
2024-01-16 01:45:18,61.7,97.1,1,0.964,14,supine
2024-01-16 01:45:20,60.5,97.9,1,0.926,14.1,supine
2024-01-16 01:45:22,59.4,97.7,0.964,0.983,13.8,supine
2024-01-16 01:45:24,62.1,97.2,1,0.975,13.7,supine
2024-01-16 01:45:26,60.7,98.2,0.976,0.944,14.8,supine
2024-01-16 01:45:28,63,97.4,1,0.953,14.2,supine
2024-01-16 01:45:30,60.9,98.1,1,1,14.2,supine
2024-01-16 01:45:32,63,97.3,1,1,14.3,supine
2024-01-16 01:45:34,62.1,97.6,1,1,14.7,supine
2024-01-16 01:45:36,62.5,98,0.977,1,13.4,supine
2024-01-16 01:45:38,60.1,97.6,1,1,15.3,supine
2024-01-16 01:45:40,61.1,97.6,0.996,0.972,14,supine
2024-01-16 01:45:42,65,97.8,1,0.977,14.2,supine
2024-01-16 01:45:44,61.7,97.6,1,0.987,14.5,supine
2024-01-16 01:45:46,58.5,97.7,1,1,14.5,supine
2024-01-16 01:45:48,61.7,97.3,1,0.992,14.1,supine
2024-01-16 01:45:50,63.3,97.2,1,0.984,14.2,supine
2024-01-16 01:45:52,60.7,96.9,1,0.996,13.7,supine
2024-01-16 01:45:54,62.4,97.7,0.992,0.988,14.5,supine
2024-01-16 01:45:56,62.6,97.3,0.985,0.99,14.6,supine
2024-01-16 01:45:58,63,97,1,1,13.7,supine
2024-01-16 01:46:00,60.4,97.5,0.998,1,14.3,supine
2024-01-16 01:46:02,63,97.6,0.981,1,13.8,supine
2024-01-16 01:46:04,64.4,97.6,1,0.978,13.3,supine
2024-01-16 01:46:06,61.3,97.4,0.977,0.966,14,supine
2024-01-16 01:46:08,62.1,97.4,1,0.995,13.4,supine
2024-01-16 01:46:10,60.6,97.4,1,1,13.5,supine
2024-01-16 01:46:12,63.3,98.2,0.975,0.986,13.8,supine
2024-01-16 01:46:14,64.3,97.3,1,1,14.5,supine
2024-01-16 01:46:16,64.5,98,1,0.985,12.9,supine
2024-01-16 01:46:18,60.5,98.1,1,1,15,supine
2024-01-16 01:46:20,61.3,97.7,1,1,13.8,supine
2024-01-16 01:46:22,62.8,97.4,0.958,1,14.2,supine
2024-01-16 01:46:24,60.2,97.6,1,1,14,supine
2024-01-16 01:46:26,61.4,97.6,1,0.931,13.9,supine
2024-01-16 01:46:28,60.5,97.8,1,1,13.4,supine
2024-01-16 01:46:30,64.2,97.4,1,0.993,14.4,supine
2024-01-16 01:46:32,63,96.9,1,0.989,13.9,supine
2024-01-16 01:46:34,63.8,97.4,0.987,0.996,13.8,supine
2024-01-16 01:46:36,59,98.1,0.965,0.932,14.1,supine
2024-01-16 01:46:38,62.7,97.8,0.978,1,14.5,supine
2024-01-16 01:46:40,61,97.6,1,0.985,14,supine
2024-01-16 01:46:42,61.1,97,0.967,0.999,13.3,supine
2024-01-16 01:46:44,63.8,97.4,0.995,0.996,13.2,supine
2024-01-16 01:46:46,63.5,97.4,1,0.962,13.6,supine
2024-01-16 01:46:48,60.7,97.2,0.966,1,13.5,supine
2024-01-16 01:46:50,63.4,97.2,0.996,1,14,supine
2024-01-16 01:46:52,60,97.5,0.992,1,12.8,supine
2024-01-16 01:46:54,63.2,98.3,0.999,0.992,14.2,supine
2024-01-16 01:46:56,60.4,97.8,1,1,14.2,supine
2024-01-16 01:46:58,60.9,97.5,1,1,13.9,supine
2024-01-16 01:47:00,64.3,98.3,1,0.962,13.7,supine
2024-01-16 01:47:02,64,97.3,0.977,1,13.8,supine
2024-01-16 01:47:04,63.1,97.6,1,0.98,14.4,supine
2024-01-16 01:47:06,62.4,97.8,1,1,13,supine
2024-01-16 01:47:08,59.4,97.3,1,1,14.6,supine
2024-01-16 01:47:10,63.2,98.1,1,0.987,14.1,supine
2024-01-16 01:47:12,62.8,97.9,0.984,0.945,13.5,supine
2024-01-16 01:47:14,59,97.2,0.982,0.985,13.1,supine
2024-01-16 01:47:16,61.5,97.6,0.946,0.97,14.5,supine
2024-01-16 01:47:18,62.9,97.6,1,1,13.7,supine
2024-01-16 01:47:20,62.2,97.3,1,1,14.2,supine
2024-01-16 01:47:22,61.6,97.1,0.992,0.984,14.3,supine
2024-01-16 01:47:24,60.8,97.8,0.984,1,14,supine
2024-01-16 01:47:26,62.7,97.5,1,1,13.1,supine
2024-01-16 01:47:28,62.7,97.1,0.993,1,13.6,supine
2024-01-16 01:47:30,59.3,97.7,0.989,0.972,14.3,supine
2024-01-16 01:47:32,61,97.4,1,0.986,13.6,supine
2024-01-16 01:47:34,60.3,97.8,1,0.981,14.9,supine
2024-01-16 01:47:36,61.7,97.3,0.992,0.997,15.3,supine
2024-01-16 01:47:38,62.7,97.3,1,1,14.8,supine
2024-01-16 01:47:40,62.2,97.9,1,1,14.8,supine
2024-01-16 01:47:42,63.3,97.5,1,1,13.8,supine
2024-01-16 01:47:44,60,97.5,1,1,13.5,supine
2024-01-16 01:47:46,61.6,97.3,0.979,0.989,13,supine
2024-01-16 01:47:48,62.3,97.3,0.997,1,14.7,supine
2024-01-16 01:47:50,61.3,97.5,1,0.998,13.5,supine
2024-01-16 01:47:52,63.5,97.3,0.974,0.998,13.9,supine
2024-01-16 01:47:54,63.4,97.4,1,1,14.1,supine
2024-01-16 01:47:56,61,97.8,0.994,0.987,14.2,supine
2024-01-16 01:47:58,62.5,97.2,0.959,0.992,13.8,supine
2024-01-16 01:48:00,64.8,97.5,1,1,14.5,supine
2024-01-16 01:48:02,62.4,97.7,0.99,0.965,14.3,supine
2024-01-16 01:48:04,62.9,97.8,1,0.988,14.4,supine
2024-01-16 01:48:06,60.5,97.6,0.99,0.975,13.7,supine
2024-01-16 01:48:08,63.2,97.8,0.99,1,13.5,supine
2024-01-16 01:48:10,61.3,97.7,0.981,0.964,14.2,supine
2024-01-16 01:48:12,58.3,97.7,1,0.941,14.3,supine
2024-01-16 01:48:14,61.8,98.2,0.991,1,14.2,supine
2024-01-16 01:48:16,63,97.9,0.992,0.983,13.1,supine
2024-01-16 01:48:18,61.4,97.8,1,1,13.9,supine
2024-01-16 01:48:20,64.1,97.6,1,1,14.3,supine
2024-01-16 01:48:22,58.8,98.1,1,1,13.7,supine
2024-01-16 01:48:24,60.7,97.2,1,1,14.7,supine
2024-01-16 01:48:26,62.8,97.7,1,0.986,14.7,supine
2024-01-16 01:48:28,61.9,97.3,1,1,13.6,supine
2024-01-16 01:48:30,61,97.9,1,1,14.2,supine
2024-01-16 01:48:32,61,97.2,1,1,14.1,supine
2024-01-16 01:48:34,61.6,97.3,0.979,1,14.3,supine
2024-01-16 01:48:36,62.7,98.1,1,0.971,14.3,supine
2024-01-16 01:48:38,60.9,98,1,0.995,14.4,supine
2024-01-16 01:48:40,65.8,97.6,1,0.982,13.9,supine
2024-01-16 01:48:42,63,97.6,1,0.95,14.7,supine
2024-01-16 01:48:44,61.6,97.1,1,1,13.7,supine
2024-01-16 01:48:46,62.7,97.3,0.969,0.972,14.4,supine
2024-01-16 01:48:48,62.2,98.1,1,1,13.7,supine
2024-01-16 01:48:50,62.5,97.8,1,0.984,14.5,supine
2024-01-16 01:48:52,60.7,97.1,1,0.986,13.7,supine
2024-01-16 01:48:54,60.4,97.1,1,1,14.6,supine
2024-01-16 01:48:56,60.2,97.6,0.973,1,14.4,supine
2024-01-16 01:48:58,63.5,97.6,1,1,14.4,supine
2024-01-16 01:49:00,61.7,97.1,0.965,0.967,14.1,supine
2024-01-16 01:49:02,61.1,96.8,1,1,14.1,supine
2024-01-16 01:49:04,62.3,97.7,0.936,0.978,13.8,supine
2024-01-16 01:49:06,60.2,97.6,0.991,1,13.9,supine
2024-01-16 01:49:08,59.4,97.6,0.999,0.995,13.9,supine
2024-01-16 01:49:10,62.1,97.3,1,0.943,14.3,supine
2024-01-16 01:49:12,61.3,97.9,1,0.976,14.5,supine
2024-01-16 01:49:14,62.1,97.9,0.979,0.941,13.4,supine
2024-01-16 01:49:16,60.4,98.2,0.933,1,14.4,supine
2024-01-16 01:49:18,62.8,97.3,1,0.971,14.1,supine
2024-01-16 01:49:20,59.8,97.6,1,1,13.7,supine
2024-01-16 01:49:22,62.4,97.3,1,0.95,13.8,supine
2024-01-16 01:49:24,58.3,97.3,0.978,0.947,15,supine
2024-01-16 01:49:26,64.3,97.2,1,1,13.9,supine
2024-01-16 01:49:28,60.5,97.2,0.998,1,14.2,supine
2024-01-16 01:49:30,64.7,97.3,1,0.934,13.8,supine
2024-01-16 01:49:32,63,97.3,0.987,1,14,supine
2024-01-16 01:49:34,61,97.6,1,0.968,14.5,supine
2024-01-16 01:49:36,61.9,97.4,1,0.988,14.6,supine
2024-01-16 01:49:38,64.3,97.9,1,0.978,14.2,supine
2024-01-16 01:49:40,59.9,97.2,0.938,1,14.2,supine
2024-01-16 01:49:42,63.1,97.6,1,0.913,14.7,supine
2024-01-16 01:49:44,61.1,97.3,1,0.99,14.5,supine
2024-01-16 01:49:46,60.1,97.9,1,0.969,13.2,supine
2024-01-16 01:49:48,62.4,97.3,0.965,1,13.7,supine
2024-01-16 01:49:50,60.7,97.7,1,1,14.1,supine
2024-01-16 01:49:52,63.6,97.3,0.999,1,14.3,supine
2024-01-16 01:49:54,61.5,97.6,0.944,0.987,13.6,supine
2024-01-16 01:49:56,62.4,97.1,0.982,0.983,13.1,supine
2024-01-16 01:49:58,63.9,97.5,0.935,1,13.2,supine
2024-01-16 01:50:00,62.4,97.6,0.989,0.968,13.4,supine
2024-01-16 01:50:02,62.7,97.5,1,1,13.5,supine
2024-01-16 01:50:04,62,97.2,0.965,1,13.9,supine
2024-01-16 01:50:06,64.3,97.7,1,0.988,13.4,supine
2024-01-16 01:50:08,62,97.3,1,1,14.5,supine
2024-01-16 01:50:10,61.5,97.4,1,0.939,13.4,supine
2024-01-16 01:50:12,63,97.3,1,0.975,14.1,supine
2024-01-16 01:50:14,59.1,97.5,0.995,0.993,14.6,supine
2024-01-16 01:50:16,63.3,97.5,1,0.995,14.3,supine
2024-01-16 01:50:18,63.8,97.4,1,1,14.4,supine
2024-01-16 01:50:20,64,97.5,1,0.947,13.5,supine
2024-01-16 01:50:22,58.9,97.5,1,0.984,13,supine
2024-01-16 01:50:24,63.9,98.2,0.984,0.983,14.4,supine
2024-01-16 01:50:26,61,97.2,0.981,1,13.7,supine
2024-01-16 01:50:28,61.2,97.2,0.975,0.995,14.2,supine
2024-01-16 01:50:30,63.4,97.1,0.988,0.997,13.6,supine
2024-01-16 01:50:32,60.7,97.3,1,0.993,14.4,supine
2024-01-16 01:50:34,59.8,97.4,1,1,14.7,supine
2024-01-16 01:50:36,63.7,97.6,1,1,13.7,supine
2024-01-16 01:50:38,59.7,97.4,0.962,0.944,14.5,supine
2024-01-16 01:50:40,64.5,97.6,0.995,1,14.1,supine
2024-01-16 01:50:42,61.3,97.6,0.999,0.993,13.9,supine
2024-01-16 01:50:44,64.4,97.2,1,0.964,14.8,supine
2024-01-16 01:50:46,60,97.2,0.964,0.954,13.9,supine
2024-01-16 01:50:48,63.2,97.3,0.981,0.983,12.9,supine
2024-01-16 01:50:50,61.2,97.8,1,1,14,supine
2024-01-16 01:50:52,62.8,97.3,0.996,0.957,14.4,supine
2024-01-16 01:50:54,62.1,97.3,0.986,1,14.1,supine
2024-01-16 01:50:56,63,97.6,1,1,13.9,supine
2024-01-16 01:50:58,61.3,97.2,0.97,0.985,13.9,supine
2024-01-16 01:51:00,62.1,97.2,1,0.997,13.9,supine
2024-01-16 01:51:02,62.9,97.8,0.998,1,14,supine
2024-01-16 01:51:04,63.1,97.3,1,1,13.7,supine
2024-01-16 01:51:06,61.4,97.6,0.997,0.995,14.8,supine
2024-01-16 01:51:08,61.8,98.1,0.971,1,13.7,supine
2024-01-16 01:51:10,61.4,97.6,0.984,1,13.4,supine
2024-01-16 01:51:12,65,97.7,1,0.999,14.4,supine
2024-01-16 01:51:14,60.9,97.4,0.973,0.99,14.6,supine
2024-01-16 01:51:16,62.2,97.4,1,1,14.2,supine
2024-01-16 01:51:18,62.2,97.2,0.974,1,13.7,supine
2024-01-16 01:51:20,62.5,97.5,0.958,0.993,15.1,supine
2024-01-16 01:51:22,63.6,97.2,0.962,0.999,14.8,supine
2024-01-16 01:51:24,62.2,98,0.986,0.991,13.9,supine
2024-01-16 01:51:26,61.9,97.5,1,1,14.8,supine
2024-01-16 01:51:28,61.1,97.3,0.982,0.941,14.9,supine
2024-01-16 01:51:30,60.5,97.7,0.982,1,14.5,supine
2024-01-16 01:51:32,60.7,97.8,0.988,1,14.6,supine
2024-01-16 01:51:34,62.2,97.5,0.994,0.987,14.1,supine
2024-01-16 01:51:36,58.5,98.4,1,1,14.7,supine
2024-01-16 01:51:38,63.6,97.2,0.927,1,14.8,supine
2024-01-16 01:51:40,64.9,97.6,0.994,0.967,14.4,supine
2024-01-16 01:51:42,64.8,97.3,0.992,1,13.8,supine
2024-01-16 01:51:44,62.4,97.5,0.996,1,14,supine
2024-01-16 01:51:46,62,97.4,0.988,1,14.1,supine
2024-01-16 01:51:48,61.8,97.6,1,0.969,14.5,supine
2024-01-16 01:51:50,62.1,98,0.968,0.929,13.6,supine
2024-01-16 01:51:52,61.1,97.8,1,0.998,13.7,supine
2024-01-16 01:51:54,61,97.5,0.967,0.985,13.9,supine
2024-01-16 01:51:56,63.8,97.7,1,0.97,13.9,supine
2024-01-16 01:51:58,63.7,97.3,0.943,1,13.8,supine
2024-01-16 01:52:00,62.4,96.8,0.98,1,13.8,supine
2024-01-16 01:52:02,63.6,98,0.98,1,14.1,supine
2024-01-16 01:52:04,62.3,97,1,1,15.3,supine
2024-01-16 01:52:06,62.2,97.3,1,1,14,supine
2024-01-16 01:52:08,62.8,97.7,0.938,0.989,13.4,supine
2024-01-16 01:52:10,60.8,97.8,0.975,1,14.2,supine
2024-01-16 01:52:12,64.8,97.6,1,0.93,13.8,supine
2024-01-16 01:52:14,62.3,97.5,1,0.977,14.6,supine
2024-01-16 01:52:16,60.8,97.6,1,0.955,14,supine
2024-01-16 01:52:18,61.2,97.5,1,1,14.5,supine
2024-01-16 01:52:20,61.3,97.3,0.996,1,13.9,supine
2024-01-16 01:52:22,61,97.2,1,1,14.1,supine
2024-01-16 01:52:24,62.9,97.8,0.998,1,13.7,supine
2024-01-16 01:52:26,63.3,97.4,1,1,14.1,supine
2024-01-16 01:52:28,63.2,97.7,1,1,14.1,supine
2024-01-16 01:52:30,62.2,97.5,1,1,14,supine
2024-01-16 01:52:32,61.8,97.7,1,0.974,13.8,supine
2024-01-16 01:52:34,63,97.5,0.995,0.976,14.2,supine
2024-01-16 01:52:36,62.7,97.7,1,1,14.1,supine
2024-01-16 01:52:38,61.5,97.4,0.987,0.951,14.5,supine
2024-01-16 01:52:40,62.1,97.9,0.969,1,14.3,supine
2024-01-16 01:52:42,62.4,97.3,1,0.998,14.4,supine
2024-01-16 01:52:44,60.6,97.6,1,0.953,14.2,supine
2024-01-16 01:52:46,60.5,97.5,0.991,0.975,14.2,supine
2024-01-16 01:52:48,59.9,97.8,0.978,0.999,14,supine
2024-01-16 01:52:50,60.8,97.5,1,0.954,13.8,supine
2024-01-16 01:52:52,62.5,97.7,0.976,1,14.4,supine
2024-01-16 01:52:54,62.2,97.3,1,1,13.3,supine
2024-01-16 01:52:56,63.4,96.5,0.979,0.997,13.9,supine
2024-01-16 01:52:58,61.7,97,0.976,1,13.7,supine
2024-01-16 01:53:00,65.5,97.6,0.963,1,14.1,supine
2024-01-16 01:53:02,60.6,98.1,0.967,1,14.2,supine
2024-01-16 01:53:04,61.5,98.2,0.977,1,14,supine
2024-01-16 01:53:06,60.2,97.8,1,0.986,14,supine
2024-01-16 01:53:08,64.7,97.6,0.982,0.979,13.5,supine
2024-01-16 01:53:10,58.3,97.7,1,0.949,13.7,supine
2024-01-16 01:53:12,63.6,97.3,1,0.939,13.5,supine
2024-01-16 01:53:14,63.1,97.2,1,1,14.1,supine
2024-01-16 01:53:16,61.3,97.4,0.92,0.963,14,supine
2024-01-16 01:53:18,61.6,97.5,0.971,1,13.3,supine
2024-01-16 01:53:20,61.9,97.2,0.975,0.975,13.3,supine
2024-01-16 01:53:22,63.8,97.5,0.994,1,13.9,supine
2024-01-16 01:53:24,61.4,97.9,0.978,1,14.1,supine
2024-01-16 01:53:26,62.2,98.2,0.994,1,15,supine
2024-01-16 01:53:28,63.7,97.5,0.998,1,14.6,supine
2024-01-16 01:53:30,62,97.7,1,0.961,13.4,supine
2024-01-16 01:53:32,60.4,97.6,0.982,0.992,13.9,supine
2024-01-16 01:53:34,62,97.7,1,0.951,14.5,supine
2024-01-16 01:53:36,63.9,97.7,0.994,1,14,supine
2024-01-16 01:53:38,63.3,96.9,0.978,0.996,13.3,supine
2024-01-16 01:53:40,63.6,97.6,1,0.977,13.5,supine
2024-01-16 01:53:42,62,97.5,1,1,14,supine
2024-01-16 01:53:44,60.6,97.7,1,1,14.5,supine
2024-01-16 01:53:46,61.9,97.8,0.972,1,13.8,supine
2024-01-16 01:53:48,63.7,97.2,0.999,0.992,14.8,supine
2024-01-16 01:53:50,61.4,96.8,0.982,1,14,supine
2024-01-16 01:53:52,62.5,97.3,1,0.977,14.1,supine
2024-01-16 01:53:54,62.4,97.4,1,0.966,14.1,supine
2024-01-16 01:53:56,59.7,97.9,0.992,1,13.8,supine
2024-01-16 01:53:58,64.4,97.8,0.972,0.968,13.4,supine
2024-01-16 01:54:00,61.5,97.6,1,0.994,14.5,supine
2024-01-16 01:54:02,61.9,97.9,0.978,1,13.8,supine
2024-01-16 01:54:04,62.7,97.5,0.993,1,13.3,supine
2024-01-16 01:54:06,63.2,97.8,1,1,13.7,supine
2024-01-16 01:54:08,61.5,97,0.981,1,12.9,supine
2024-01-16 01:54:10,62.7,97.5,1,0.982,15.4,supine
2024-01-16 01:54:12,63.4,97.9,0.935,0.987,14,supine
2024-01-16 01:54:14,60.5,97.3,0.982,0.968,13.7,supine
2024-01-16 01:54:16,61.2,97.6,0.994,0.98,14.1,supine
2024-01-16 01:54:18,61.4,97.7,1,1,13.7,supine
2024-01-16 01:54:20,60.1,97.3,1,0.952,15.5,supine
2024-01-16 01:54:22,61,97.9,1,0.953,13.7,supine
2024-01-16 01:54:24,61.6,97.1,0.962,1,13.6,supine
2024-01-16 01:54:26,60.8,97.4,0.976,1,13.7,supine
2024-01-16 01:54:28,63.8,97.8,1,1,13.9,supine
2024-01-16 01:54:30,62.8,97.3,1,1,13.1,supine
2024-01-16 01:54:32,61.3,97.5,0.948,1,14.2,supine
2024-01-16 01:54:34,62.5,97.6,0.908,1,13.5,supine
2024-01-16 01:54:36,60.5,98,1,0.974,14,supine
2024-01-16 01:54:38,64.9,97.4,1,1,13.6,supine
2024-01-16 01:54:40,63.7,97.8,1,0.994,14,supine
2024-01-16 01:54:42,60,97.1,0.989,0.975,13.8,supine
2024-01-16 01:54:44,62.9,97.2,0.982,0.983,14.2,supine
2024-01-16 01:54:46,61.6,97.6,1,0.995,14.4,supine
2024-01-16 01:54:48,60.5,96.8,0.997,0.971,13.3,supine
2024-01-16 01:54:50,60.5,97,0.964,0.995,13.9,supine
2024-01-16 01:54:52,60.4,98.1,1,1,13.7,supine
2024-01-16 01:54:54,60.9,97.7,1,0.967,13.5,supine
2024-01-16 01:54:56,59.8,97.8,0.986,0.972,13.6,supine
2024-01-16 01:54:58,63.9,97.5,1,1,14.4,supine
2024-01-16 01:55:00,64.3,97.7,0.992,0.984,14.4,supine
2024-01-16 01:55:02,63.2,98,0.977,0.961,13.6,supine
2024-01-16 01:55:04,62,97.6,0.999,0.996,14.1,supine
2024-01-16 01:55:06,61.4,97.1,0.978,1,13.8,supine
2024-01-16 01:55:08,62.7,97.5,0.996,0.982,13.8,supine
2024-01-16 01:55:10,60.6,97.8,0.985,0.993,14.8,supine
2024-01-16 01:55:12,61.9,97.6,1,1,13.2,supine
2024-01-16 01:55:14,62.2,97.8,0.956,0.968,14.2,supine
2024-01-16 01:55:16,60.3,97,0.951,0.983,14.3,supine
2024-01-16 01:55:18,59.7,97.9,1,1,14.1,supine
2024-01-16 01:55:20,61.4,98.1,1,1,14.1,supine
2024-01-16 01:55:22,59.2,97.6,0.998,0.974,14.3,supine
2024-01-16 01:55:24,62.3,97.8,0.981,1,14,supine
2024-01-16 01:55:26,61.2,97.4,0.987,1,14.3,supine
2024-01-16 01:55:28,63.7,97.1,0.95,1,14.3,supine
2024-01-16 01:55:30,64.3,97.6,0.962,0.998,14,supine
2024-01-16 01:55:32,61.3,97.4,1,0.979,14,supine
2024-01-16 01:55:34,59.6,97.5,0.994,0.976,14.2,supine
2024-01-16 01:55:36,63.6,97.3,1,0.974,13.3,supine
2024-01-16 01:55:38,59.3,97.8,1,0.962,14.3,supine
2024-01-16 01:55:40,59.9,98.4,1,0.985,13.6,supine
2024-01-16 01:55:42,62.1,97.3,0.943,1,14.5,supine
2024-01-16 01:55:44,61.6,97.8,1,1,13.9,supine
2024-01-16 01:55:46,62.5,98,0.985,1,14.2,supine
2024-01-16 01:55:48,61.4,97.7,0.999,1,14.5,supine
2024-01-16 01:55:50,61,97.9,0.971,1,13.8,supine
2024-01-16 01:55:52,60.1,97,0.996,0.997,14,supine
2024-01-16 01:55:54,63.5,96.9,0.959,1,14.8,supine
2024-01-16 01:55:56,62.4,97.2,1,0.957,14.3,supine
2024-01-16 01:55:58,61.8,97.4,1,1,13.7,supine
2024-01-16 01:56:00,61.3,97.5,1,0.982,13.6,supine
2024-01-16 01:56:02,62.1,97.6,0.988,1,13.5,supine
2024-01-16 01:56:04,65.4,97.5,0.976,1,13.3,supine
2024-01-16 01:56:06,63.9,97.5,1,0.966,13.8,supine
2024-01-16 01:56:08,61.3,97.6,1,0.995,14.2,supine
2024-01-16 01:56:10,59.2,97.6,1,1,13.8,supine
2024-01-16 01:56:12,60.2,97.7,1,1,14.6,supine
2024-01-16 01:56:14,60.3,97.6,0.982,1,14,supine
2024-01-16 01:56:16,61.7,97.1,1,1,13.6,supine
2024-01-16 01:56:18,62.6,98,1,1,14,supine
2024-01-16 01:56:20,60.4,97.6,0.957,1,13,supine
2024-01-16 01:56:22,61.3,97.6,0.988,0.97,13.6,supine
2024-01-16 01:56:24,60.7,96.7,0.964,0.988,13.7,supine
2024-01-16 01:56:26,63.2,97,1,1,14,supine
2024-01-16 01:56:28,62.6,97.8,1,1,14.3,supine
2024-01-16 01:56:30,61.6,97.4,0.969,0.968,13.7,supine
2024-01-16 01:56:32,61.9,97.4,0.955,1,14.3,supine
2024-01-16 01:56:34,62.5,97.1,0.978,0.961,14.4,supine
2024-01-16 01:56:36,62.7,97.2,1,0.99,14.5,supine
2024-01-16 01:56:38,62.4,97.8,1,1,14.8,supine
2024-01-16 01:56:40,63.8,97.5,1,1,13.3,supine
2024-01-16 01:56:42,60.7,97.3,0.986,0.998,13.9,supine
2024-01-16 01:56:44,62.3,97.7,0.981,1,14.9,supine
2024-01-16 01:56:46,62.7,97.3,1,0.912,14.5,supine
2024-01-16 01:56:48,63.7,97.7,0.94,0.962,13.9,supine
2024-01-16 01:56:50,61.7,97.5,1,0.968,13.2,supine
2024-01-16 01:56:52,64.1,97,1,0.989,13.9,supine
2024-01-16 01:56:54,62.3,97,1,0.95,13.9,supine
2024-01-16 01:56:56,62.6,97.7,1,1,13.9,supine
2024-01-16 01:56:58,63.9,97.5,1,0.983,15,supine
2024-01-16 01:57:00,61.4,96.8,1,0.919,13.8,supine
2024-01-16 01:57:02,62.7,97.1,1,1,14.6,supine
2024-01-16 01:57:04,63.8,97.2,1,0.949,14.1,supine
2024-01-16 01:57:06,63.9,97.9,0.989,0.983,14.7,supine
2024-01-16 01:57:08,63.4,97.7,1,1,13.3,supine
2024-01-16 01:57:10,63.8,97,1,1,13.8,supine
2024-01-16 01:57:12,61.5,97.4,0.992,1,14.1,supine
2024-01-16 01:57:14,62.5,97,1,1,13.2,supine
2024-01-16 01:57:16,60.8,97.1,0.982,1,13.7,supine
2024-01-16 01:57:18,61.3,97.5,0.988,0.986,14.8,supine
2024-01-16 01:57:20,62.4,97.8,0.983,1,13.2,supine
2024-01-16 01:57:22,63.6,97.6,0.986,0.989,13.9,supine
2024-01-16 01:57:24,60.8,97.4,0.992,1,14.1,supine
2024-01-16 01:57:26,64.9,97.1,0.961,1,14.4,supine
2024-01-16 01:57:28,61.5,97.6,0.942,0.977,13.3,supine
2024-01-16 01:57:30,61.7,97.8,0.999,1,14.4,supine
2024-01-16 01:57:32,61.4,97.5,0.966,1,13.7,supine
2024-01-16 01:57:34,60.7,97.2,1,0.965,13.9,supine
2024-01-16 01:57:36,64.2,97.5,0.95,1,14.4,supine
2024-01-16 01:57:38,63,97.3,0.992,1,14.4,supine
2024-01-16 01:57:40,64.1,97.2,0.988,0.979,14,supine
2024-01-16 01:57:42,63.4,97.8,0.993,0.96,15.4,supine
2024-01-16 01:57:44,63,97.6,1,0.971,13.5,supine
2024-01-16 01:57:46,63.3,97.4,1,0.97,14.3,supine
2024-01-16 01:57:48,62.1,97.6,1,0.959,14.5,supine
2024-01-16 01:57:50,63.2,97.4,1,1,14.1,supine
2024-01-16 01:57:52,60.7,97.4,1,0.992,13.8,supine
2024-01-16 01:57:54,59.8,97.6,0.951,1,14.5,supine
2024-01-16 01:57:56,63.7,97.3,0.99,1,14.7,supine
2024-01-16 01:57:58,61.2,97.7,1,1,15.6,supine
2024-01-16 01:58:00,60.8,97.8,1,1,13.9,supine
2024-01-16 01:58:02,61.7,97.5,1,0.98,13.7,supine
2024-01-16 01:58:04,59.6,97.7,1,1,14.2,supine
2024-01-16 01:58:06,59.5,98,1,1,13.1,supine
2024-01-16 01:58:08,63.8,97.5,1,1,13.7,supine
2024-01-16 01:58:10,61.2,97.6,0.976,1,14.9,supine
2024-01-16 01:58:12,63.6,97.2,1,0.948,13.4,supine
2024-01-16 01:58:14,63,97.7,1,0.952,13.9,supine
2024-01-16 01:58:16,64.1,98,0.986,0.975,14.6,supine
2024-01-16 01:58:18,62.8,97.1,1,0.998,14,supine
2024-01-16 01:58:20,61.2,97.6,0.995,0.994,14.1,supine
2024-01-16 01:58:22,61.4,97.3,0.976,1,14.1,supine
2024-01-16 01:58:24,62.9,97.6,1,0.987,14.2,supine
2024-01-16 01:58:26,62,97,0.976,1,13.7,supine
2024-01-16 01:58:28,61.7,97.8,0.974,0.933,13.7,supine
2024-01-16 01:58:30,63.8,98,0.983,0.945,13.6,supine
2024-01-16 01:58:32,59.9,97.1,1,0.982,13.2,supine
2024-01-16 01:58:34,61.6,97.6,0.967,0.991,13.9,supine
2024-01-16 01:58:36,62.1,97.3,0.972,1,14.5,supine
2024-01-16 01:58:38,64.2,97.2,0.99,1,14.1,supine
2024-01-16 01:58:40,61.7,97.6,1,0.993,13.9,supine
2024-01-16 01:58:42,62,97.6,0.971,1,14.2,supine
2024-01-16 01:58:44,63,97.7,0.966,0.982,14.4,supine
2024-01-16 01:58:46,61.3,97.5,1,1,14.2,supine
2024-01-16 01:58:48,58.6,97.3,0.991,0.975,14.7,supine
2024-01-16 01:58:50,59.6,97.5,1,0.989,14.8,supine
2024-01-16 01:58:52,61.2,97.8,0.987,0.995,14.2,supine
2024-01-16 01:58:54,60.5,97.8,1,1,14.3,supine
2024-01-16 01:58:56,64.3,97.3,0.966,1,13.5,supine
2024-01-16 01:58:58,61.4,97.4,1,1,15,supine
2024-01-16 01:59:00,63.5,97.4,1,0.996,14.2,supine
2024-01-16 01:59:02,60.8,97.3,0.993,0.987,14,supine
2024-01-16 01:59:04,64.5,97.6,1,1,13.8,supine
2024-01-16 01:59:06,61.7,97.5,1,0.98,13.3,supine
2024-01-16 01:59:08,59.2,97.6,0.975,0.953,13.8,supine
2024-01-16 01:59:10,62.5,97.5,0.984,1,14.4,supine
2024-01-16 01:59:12,58.6,97.7,1,1,14.1,supine
2024-01-16 01:59:14,61.1,97.8,0.962,1,13.4,supine
2024-01-16 01:59:16,61.8,97.4,0.989,1,14.7,supine
2024-01-16 01:59:18,62.6,97.5,0.957,1,15.1,supine
2024-01-16 01:59:20,63.4,97.6,1,1,14,supine
2024-01-16 01:59:22,61.5,97.5,1,0.964,13.5,supine
2024-01-16 01:59:24,64.3,97.6,1,0.957,14.5,supine
2024-01-16 01:59:26,57.5,97.3,1,0.963,13.6,supine
2024-01-16 01:59:28,63.2,97.4,0.989,0.967,13.5,supine
2024-01-16 01:59:30,63.9,98,0.971,1,14.5,supine
2024-01-16 01:59:32,63.3,97.6,0.943,1,14.6,supine
2024-01-16 01:59:34,65,97.7,0.995,0.971,13.5,supine
2024-01-16 01:59:36,59.6,97.9,1,0.995,14.3,supine
2024-01-16 01:59:38,62.6,98.2,1,0.945,14.5,supine
2024-01-16 01:59:40,60.1,97.6,0.947,0.944,14.1,supine
2024-01-16 01:59:42,60.9,97.4,1,0.983,13.6,supine
2024-01-16 01:59:44,64.4,97.7,0.993,0.979,14.2,supine
2024-01-16 01:59:46,63.6,97.4,1,1,14,supine
2024-01-16 01:59:48,59.4,97.4,1,0.998,13.7,supine
2024-01-16 01:59:50,61.6,97.9,0.967,0.982,13.6,supine
2024-01-16 01:59:52,62.1,97.5,1,1,13.8,supine
2024-01-16 01:59:54,63.3,97.6,0.984,1,14.8,supine
2024-01-16 01:59:56,59.1,97.6,1,0.992,14,supine
2024-01-16 01:59:58,62.1,97.5,1,0.962,14.5,supine
2024-01-16 02:00:00,58.1,97.4,0.053,0.688,0,supine
2024-01-16 02:00:02,59.4,97.2,0.076,0.802,0,supine
2024-01-16 02:00:04,60.4,97,0.055,0.82,0,supine
2024-01-16 02:00:06,58.1,97.8,0.077,0.66,0,supine
2024-01-16 02:00:08,58,98,0.038,0.753,0,supine
2024-01-16 02:00:10,57.9,97.6,0.079,0.678,0,supine
2024-01-16 02:00:12,58.8,97.4,0.034,0.843,0,supine
2024-01-16 02:00:14,58.3,96.4,0.061,0.763,0,supine
2024-01-16 02:00:16,59.1,94.7,0.077,0.645,0,supine
2024-01-16 02:00:18,59,94.5,0.051,0.739,0,supine
2024-01-16 02:00:20,57.5,95.1,0.033,0.65,0,supine
2024-01-16 02:00:22,64.6,93.6,0.985,1,13.7,supine
2024-01-16 02:00:24,65.3,94.5,0.953,0.981,14.6,supine
2024-01-16 02:00:26,66.4,93.8,1,1,13.7,supine
2024-01-16 02:00:28,66.2,92.7,0.961,0.992,13.6,supine
2024-01-16 02:00:30,69.2,93.2,0.993,1,13.9,supine
2024-01-16 02:00:32,61.2,93.4,1,1,13.5,supine
2024-01-16 02:00:34,64.5,92.7,1,0.989,14,supine
2024-01-16 02:00:36,61,92.8,1,1,14,supine
2024-01-16 02:00:38,61.2,97.5,1,1,13.9,supine
2024-01-16 02:00:40,60.1,97.5,1,0.98,13.2,supine
2024-01-16 02:00:42,60.8,97.8,0.975,1,13.8,supine
2024-01-16 02:00:44,61.4,98,0.963,1,14.4,supine
2024-01-16 02:00:46,63.9,97.2,1,1,14,supine
2024-01-16 02:00:48,61.6,97.3,0.978,0.984,13.9,supine
2024-01-16 02:00:50,60.7,97.9,0.958,0.939,14.1,supine
2024-01-16 02:00:52,61.7,97.4,0.999,0.993,13.5,supine
2024-01-16 02:00:54,60.8,97.9,1,1,14.4,supine
2024-01-16 02:00:56,62.5,97.5,0.965,1,14.6,supine
2024-01-16 02:00:58,63.5,97.8,1,0.976,14,supine
2024-01-16 02:01:00,61.8,98.3,1,0.989,14,supine
2024-01-16 02:01:02,62,97.6,0.987,1,14.1,supine
2024-01-16 02:01:04,61.9,98.1,0.948,1,13.7,supine
2024-01-16 02:01:06,62.3,97.4,1,0.943,13.6,supine
2024-01-16 02:01:08,60.9,97.6,1,0.988,13.9,supine
2024-01-16 02:01:10,63.9,97.2,1,1,14.2,supine
2024-01-16 02:01:12,63,97.4,0.956,0.996,14.1,supine
2024-01-16 02:01:14,64.1,97.8,0.958,1,13.9,supine
2024-01-16 02:01:16,63,97.1,0.999,1,14.5,supine
2024-01-16 02:01:18,60,97.5,1,1,14,supine
2024-01-16 02:01:20,60.7,97.7,1,1,14.3,supine
2024-01-16 02:01:22,61.3,97.9,0.994,1,14,supine
2024-01-16 02:01:24,63.3,97.8,0.995,1,13.7,supine
2024-01-16 02:01:26,60.7,97.4,1,0.985,14.8,supine
2024-01-16 02:01:28,64,97.6,1,0.981,13.6,supine
2024-01-16 02:01:30,62.1,97.8,1,1,14.4,supine
2024-01-16 02:01:32,62,97.3,1,1,14,supine
2024-01-16 02:01:34,61.5,97.7,0.996,1,14.3,supine
2024-01-16 02:01:36,59.7,97.4,1,1,13.5,supine
2024-01-16 02:01:38,61,97.7,0.997,0.984,14.4,supine
2024-01-16 02:01:40,60.6,97.7,0.976,1,14.4,supine
2024-01-16 02:01:42,59.7,97,0.994,0.995,14.6,supine
2024-01-16 02:01:44,61.9,97.4,0.987,1,13.3,supine
2024-01-16 02:01:46,60.7,97.4,1,0.97,14.1,supine
2024-01-16 02:01:48,61.2,97.8,1,0.99,15.1,supine
2024-01-16 02:01:50,61.9,97.6,1,1,13.3,supine
2024-01-16 02:01:52,59.8,97.7,0.981,0.979,15.1,supine
2024-01-16 02:01:54,60.8,97.6,0.972,1,14.3,supine
2024-01-16 02:01:56,61.9,97.6,0.964,1,14.1,supine
2024-01-16 02:01:58,60.5,97.6,0.972,0.991,13.5,supine
2024-01-16 02:02:00,64.4,97.6,1,1,14.5,supine
2024-01-16 02:02:02,64.5,97.3,1,1,14.4,supine
2024-01-16 02:02:04,62.1,97.7,1,0.974,13.8,supine
2024-01-16 02:02:06,60.8,97.5,1,1,13.9,supine
2024-01-16 02:02:08,60.4,97.5,1,1,14,supine
2024-01-16 02:02:10,61.4,97.7,1,0.966,13.9,supine
2024-01-16 02:02:12,60.3,97.9,1,0.997,14,supine
2024-01-16 02:02:14,62.4,97.6,0.974,1,14.2,supine
2024-01-16 02:02:16,63,97.2,0.998,0.949,14,supine
2024-01-16 02:02:18,58.3,97.6,0.962,1,14.2,supine
2024-01-16 02:02:20,60.3,97.6,1,0.982,14.7,supine
2024-01-16 02:02:22,63,97.2,1,0.985,13.9,supine
2024-01-16 02:02:24,63.4,97.5,0.968,0.995,14.6,supine
2024-01-16 02:02:26,61,97.8,1,0.951,14,supine
2024-01-16 02:02:28,60.9,98.1,0.948,0.986,14.4,supine
2024-01-16 02:02:30,61,97.7,0.975,1,14.1,supine
2024-01-16 02:02:32,63.3,97.1,0.997,1,14.3,supine
2024-01-16 02:02:34,61,97.2,1,0.96,14,supine
2024-01-16 02:02:36,58.8,98,1,1,14.3,supine
2024-01-16 02:02:38,62.5,97.7,0.985,1,13.5,supine
2024-01-16 02:02:40,57.5,97.4,0.996,0.983,13.6,supine
2024-01-16 02:02:42,60.9,97.3,1,1,14.5,supine
2024-01-16 02:02:44,62.4,97.5,1,1,13.1,supine
2024-01-16 02:02:46,63,97.1,1,0.991,14.2,supine
2024-01-16 02:02:48,62.9,97.9,0.959,0.979,14.1,supine
2024-01-16 02:02:50,62.6,97.6,0.998,0.972,13.9,supine
2024-01-16 02:02:52,64.7,97.5,0.966,1,13.4,supine
2024-01-16 02:02:54,60.5,97.5,1,1,13.4,supine
2024-01-16 02:02:56,63.1,98.1,0.954,0.967,13.7,supine
2024-01-16 02:02:58,63.6,97.4,1,0.996,13.8,supine
2024-01-16 02:03:00,58.5,97.3,1,0.969,13.9,supine
2024-01-16 02:03:02,61.4,97.8,1,0.966,13.6,supine
2024-01-16 02:03:04,63.4,97.3,1,0.999,14.2,supine
2024-01-16 02:03:06,64.5,97.3,0.976,1,13.9,supine
2024-01-16 02:03:08,62.9,97.5,0.979,1,13.4,supine
2024-01-16 02:03:10,61.9,97.5,0.992,0.991,14.7,supine
2024-01-16 02:03:12,61.1,97.3,1,0.932,14,supine
2024-01-16 02:03:14,60,97.9,0.937,1,15.2,supine
2024-01-16 02:03:16,62.5,97.6,1,1,13.8,supine
2024-01-16 02:03:18,63.2,98.1,1,1,13.2,supine
2024-01-16 02:03:20,60.2,97.2,0.972,1,14.2,supine
2024-01-16 02:03:22,63.7,97.1,0.98,1,14,supine
2024-01-16 02:03:24,63.6,97.4,1,0.98,13.9,supine
2024-01-16 02:03:26,61.3,97.4,0.961,1,14.1,supine
2024-01-16 02:03:28,61.9,97.3,1,1,14,supine
2024-01-16 02:03:30,62.3,97.3,1,1,14.5,supine
2024-01-16 02:03:32,61.8,97.2,1,0.959,13.8,supine
2024-01-16 02:03:34,63.4,97.9,0.987,1,14,supine
2024-01-16 02:03:36,61.7,97.9,1,0.967,14.4,supine
2024-01-16 02:03:38,60,97.3,0.989,0.977,13.6,supine
2024-01-16 02:03:40,62.8,97.7,0.98,1,14.3,supine
2024-01-16 02:03:42,63.1,97.7,0.988,0.994,13.4,supine
2024-01-16 02:03:44,62.2,97.1,0.986,0.999,14.2,supine
2024-01-16 02:03:46,62.3,97.9,0.998,0.971,13.4,supine
2024-01-16 02:03:48,62.5,97.1,0.983,1,14.3,supine
2024-01-16 02:03:50,61.1,97.4,1,0.988,13.8,supine
2024-01-16 02:03:52,59.5,97.5,1,0.976,14.2,supine
2024-01-16 02:03:54,60.7,97.8,0.979,1,13.7,supine
2024-01-16 02:03:56,61.8,97.8,1,1,13.5,supine
2024-01-16 02:03:58,62.2,98.5,0.982,1,14.2,supine
2024-01-16 02:04:00,61.2,97.7,1,0.988,14.4,supine
2024-01-16 02:04:02,61.7,97.5,0.98,0.944,13.7,supine
2024-01-16 02:04:04,62,97.9,1,0.983,14,supine
2024-01-16 02:04:06,64.2,97.5,0.996,1,14.3,supine
2024-01-16 02:04:08,61.7,97.5,1,1,13.7,supine
2024-01-16 02:04:10,64.2,98,1,1,14.2,supine
2024-01-16 02:04:12,62.6,97.6,1,0.975,14.3,supine
2024-01-16 02:04:14,63.2,97.4,1,0.988,14.9,supine
2024-01-16 02:04:16,60.7,97.9,0.988,1,14.6,supine
2024-01-16 02:04:18,61.1,97.3,1,1,14,supine
2024-01-16 02:04:20,60.2,97.7,0.986,1,13.1,supine
2024-01-16 02:04:22,59.3,97.7,0.978,1,14,supine
2024-01-16 02:04:24,63.9,98,0.995,1,13.7,supine
2024-01-16 02:04:26,61.6,97.9,0.98,0.989,14,supine
2024-01-16 02:04:28,64.2,97.5,0.969,1,14.3,supine
2024-01-16 02:04:30,61,98.1,1,0.976,13.6,supine
2024-01-16 02:04:32,60.3,97.6,1,1,14.2,supine
2024-01-16 02:04:34,61,97.5,1,1,13.8,supine
2024-01-16 02:04:36,61.2,97.8,0.957,1,14.3,supine
2024-01-16 02:04:38,60.2,97.9,1,1,13.5,supine
2024-01-16 02:04:40,63.3,97.5,0.969,1,13.7,supine
2024-01-16 02:04:42,62.8,98.1,0.994,0.998,14.1,supine
2024-01-16 02:04:44,64,97.4,0.994,1,13.6,supine
2024-01-16 02:04:46,62.3,97.8,1,0.948,13.7,supine
2024-01-16 02:04:48,57.6,97.9,1,1,13.5,supine
2024-01-16 02:04:50,62.7,97.9,0.964,0.996,13.8,supine
2024-01-16 02:04:52,61.9,97.7,0.96,1,14.4,supine
2024-01-16 02:04:54,61.1,97.2,0.988,0.998,14.1,supine
2024-01-16 02:04:56,60,97.3,0.982,1,13.8,supine
2024-01-16 02:04:58,62.8,96.9,0.976,0.936,13.7,supine
2024-01-16 02:05:00,62.6,97.6,0.949,1,12.6,supine
2024-01-16 02:05:02,60.6,97.3,0.988,0.958,14,supine
2024-01-16 02:05:04,63,97.5,1,1,14.5,supine
2024-01-16 02:05:06,62.8,97.8,0.98,1,14,supine
2024-01-16 02:05:08,61.7,97.3,1,0.988,13.8,supine
2024-01-16 02:05:10,60.7,97.4,0.929,0.994,14,supine
2024-01-16 02:05:12,62,97.5,0.98,1,14.1,supine
2024-01-16 02:05:14,61.8,97.4,1,1,13.5,supine
2024-01-16 02:05:16,62.7,97.3,1,1,14.1,supine
2024-01-16 02:05:18,63.6,97.9,1,0.995,13.3,supine
2024-01-16 02:05:20,62.6,97.7,1,1,13.5,supine
2024-01-16 02:05:22,63,97.8,0.981,0.951,13.9,supine
2024-01-16 02:05:24,63.6,97.7,0.949,0.979,14.8,supine
2024-01-16 02:05:26,60.5,97.3,1,1,13.4,supine
2024-01-16 02:05:28,60.9,97.8,1,0.955,14.6,supine
2024-01-16 02:05:30,59.6,97.1,0.978,1,14,supine
2024-01-16 02:05:32,62.5,98.1,1,0.955,14.5,supine
2024-01-16 02:05:34,62.3,97.3,1,0.998,14.5,supine
2024-01-16 02:05:36,60.6,97.1,1,0.958,13.9,supine
2024-01-16 02:05:38,61.2,98,1,1,14.1,supine
2024-01-16 02:05:40,60.3,97.4,1,1,14.4,supine
2024-01-16 02:05:42,60,97.4,0.972,1,13.6,supine
2024-01-16 02:05:44,63.8,97.9,1,1,15,supine
2024-01-16 02:05:46,61,97.7,1,0.977,13.5,supine
2024-01-16 02:05:48,60.1,97.9,1,0.993,13.9,supine
2024-01-16 02:05:50,61.9,97.4,0.968,0.936,13.8,supine
2024-01-16 02:05:52,60.2,97.8,0.992,0.992,14.2,supine
2024-01-16 02:05:54,60.4,96.8,1,1,14,supine
2024-01-16 02:05:56,61.4,98,1,1,14.3,supine
2024-01-16 02:05:58,63,97.8,1,1,13.7,supine
2024-01-16 02:06:00,64,97.6,1,1,13.8,supine
2024-01-16 02:06:02,59.1,97.5,1,0.928,14.1,supine
2024-01-16 02:06:04,65.4,97.3,1,1,13,supine
2024-01-16 02:06:06,60.1,98.1,0.987,1,14.2,supine
2024-01-16 02:06:08,61.8,97.7,0.953,1,13.9,supine
2024-01-16 02:06:10,63.3,97.9,1,0.983,15,supine
2024-01-16 02:06:12,60.2,97.2,1,0.981,14,supine
2024-01-16 02:06:14,63,97.3,0.954,1,14.5,supine
2024-01-16 02:06:16,62.4,97.4,0.979,1,13.4,supine
2024-01-16 02:06:18,61.5,97.2,1,0.991,14,supine
2024-01-16 02:06:20,56.9,97.3,1,1,14.1,supine
2024-01-16 02:06:22,63.1,97.5,0.977,1,14.2,supine
2024-01-16 02:06:24,61.3,97.2,1,1,15.1,supine
2024-01-16 02:06:26,63.5,98,0.98,0.985,14.8,supine
2024-01-16 02:06:28,63.2,98.3,1,1,14.2,supine
2024-01-16 02:06:30,61.8,98,0.993,1,13.4,supine
2024-01-16 02:06:32,61.6,97.5,0.967,1,14.1,supine
2024-01-16 02:06:34,61.5,97.2,1,0.999,13.7,supine
2024-01-16 02:06:36,59.1,97.6,0.983,1,14.3,supine
2024-01-16 02:06:38,62.7,97.7,0.965,0.998,13.7,supine
2024-01-16 02:06:40,63.4,97.4,1,0.975,12.9,supine
2024-01-16 02:06:42,61,97.4,1,1,13.4,supine
2024-01-16 02:06:44,64,97.7,1,0.964,13.2,supine
2024-01-16 02:06:46,62.7,97,1,1,14.2,supine
2024-01-16 02:06:48,62.7,97.9,0.992,0.946,13.8,supine
2024-01-16 02:06:50,63.5,97.2,1,1,14.2,supine
2024-01-16 02:06:52,63,97.6,0.979,0.992,13.8,supine
2024-01-16 02:06:54,62.8,97.4,0.997,0.974,13.7,supine
2024-01-16 02:06:56,63.7,97.4,1,0.998,14.4,supine
2024-01-16 02:06:58,63,97.5,1,0.936,14.3,supine
2024-01-16 02:07:00,60.6,98,1,0.976,14.4,supine
2024-01-16 02:07:02,61.9,97.6,1,1,13.6,supine
2024-01-16 02:07:04,63.3,97.2,1,0.956,14.3,supine
2024-01-16 02:07:06,66.1,98.1,1,1,14.1,supine
2024-01-16 02:07:08,61.6,97.8,1,1,14.2,supine
2024-01-16 02:07:10,62.5,98,1,1,14.1,supine
2024-01-16 02:07:12,62.3,97.5,0.993,0.988,13.7,supine
2024-01-16 02:07:14,61.9,97.3,1,1,13.4,supine
2024-01-16 02:07:16,60,97.4,0.998,0.948,14.3,supine
2024-01-16 02:07:18,62.2,97.5,1,1,14.8,supine
2024-01-16 02:07:20,61.7,97,0.99,1,14,supine
2024-01-16 02:07:22,61.5,98.3,0.995,0.966,14.4,supine
2024-01-16 02:07:24,63.9,97,0.986,1,13.6,supine
2024-01-16 02:07:26,62.3,97.6,1,1,14.6,supine
2024-01-16 02:07:28,63.9,97.3,1,1,13.8,supine
2024-01-16 02:07:30,63.9,98.3,0.988,0.984,13.7,supine
2024-01-16 02:07:32,60.7,97.8,0.983,0.984,12.6,supine
2024-01-16 02:07:34,61.5,97.8,1,0.996,13.1,supine
2024-01-16 02:07:36,57.9,98.1,1,0.974,12.9,supine
2024-01-16 02:07:38,61.3,97.6,0.957,1,14.1,supine
2024-01-16 02:07:40,61.2,97.5,1,1,14.3,supine
2024-01-16 02:07:42,61.9,97.1,0.99,0.982,13.2,supine
2024-01-16 02:07:44,62.5,97.4,0.976,0.996,12.9,supine
2024-01-16 02:07:46,62.4,97.7,1,1,13.6,supine
2024-01-16 02:07:48,63.6,97.5,0.999,1,13.8,supine
2024-01-16 02:07:50,64.8,97.5,1,0.991,14,supine
2024-01-16 02:07:52,60.9,97.4,0.952,1,13,supine
2024-01-16 02:07:54,63.1,96.9,1,1,13.3,supine
2024-01-16 02:07:56,64.8,97.7,1,0.97,13.4,supine
2024-01-16 02:07:58,62.6,97.9,0.972,0.926,13.9,supine
2024-01-16 02:08:00,65.2,97.7,1,1,13.4,supine
2024-01-16 02:08:02,61.5,97.2,1,1,14.9,supine
2024-01-16 02:08:04,61,97.5,0.981,0.999,13.5,supine
2024-01-16 02:08:06,61.2,97.5,0.965,1,14.3,supine
2024-01-16 02:08:08,60.8,97.5,1,1,12.8,supine
2024-01-16 02:08:10,63.1,97.4,0.968,0.973,13.7,supine
2024-01-16 02:08:12,63.8,97.3,1,0.999,13.5,supine
2024-01-16 02:08:14,59.3,97.4,1,0.988,13.4,supine
2024-01-16 02:08:16,60.8,97.5,0.973,0.994,13.9,supine
2024-01-16 02:08:18,61.5,97.2,0.998,0.986,14.2,supine
2024-01-16 02:08:20,62.3,97.6,1,1,14,supine
2024-01-16 02:08:22,60.9,97.5,1,1,13.4,supine
2024-01-16 02:08:24,60.5,97,1,0.98,13.8,supine
2024-01-16 02:08:26,61.6,97.2,1,1,14.4,supine
2024-01-16 02:08:28,61.3,97.7,0.977,0.938,14.6,supine
2024-01-16 02:08:30,61.8,97.7,1,1,13.8,supine
2024-01-16 02:08:32,60.7,97.9,1,1,14.6,supine
2024-01-16 02:08:34,61.8,97.6,0.991,0.986,13.9,supine
2024-01-16 02:08:36,63.4,97.7,0.99,1,13.9,supine
2024-01-16 02:08:38,61.9,97.4,0.988,0.985,14,supine
2024-01-16 02:08:40,62.6,97.8,1,1,13.6,supine
2024-01-16 02:08:42,62.2,97.3,0.979,0.994,14.5,supine
2024-01-16 02:08:44,62.7,97.9,1,0.989,13.9,supine
2024-01-16 02:08:46,62.2,97.5,0.961,1,13.9,supine
2024-01-16 02:08:48,60.8,97,0.989,1,14.9,supine
2024-01-16 02:08:50,62.5,97.1,1,0.993,13.4,supine
2024-01-16 02:08:52,62.8,97.9,1,0.953,13.4,supine
2024-01-16 02:08:54,59.9,97.6,1,1,13.5,supine
2024-01-16 02:08:56,62.3,97.6,0.97,0.978,13.4,supine
2024-01-16 02:08:58,67.1,97.5,0.926,1,13.3,supine
2024-01-16 02:09:00,61.9,97.6,0.925,0.987,14.2,supine
2024-01-16 02:09:02,61.3,97.8,1,0.998,13.6,supine
2024-01-16 02:09:04,62.2,97.1,1,1,13.8,supine
2024-01-16 02:09:06,61.6,97.8,1,0.961,14.5,supine
2024-01-16 02:09:08,64.1,96.8,0.953,0.966,13.7,supine
2024-01-16 02:09:10,60,97.5,0.949,1,14.4,supine
2024-01-16 02:09:12,64.3,97.2,0.99,1,13.9,supine
2024-01-16 02:09:14,63.1,96.6,1,0.967,13.5,supine
2024-01-16 02:09:16,62.1,97.4,1,0.948,13.7,supine
2024-01-16 02:09:18,61,96.9,0.976,0.982,13.6,supine
2024-01-16 02:09:20,64,96.9,0.983,0.994,15.3,supine
2024-01-16 02:09:22,60.7,97,1,1,13.9,supine
2024-01-16 02:09:24,61.7,97.4,0.968,1,14.1,supine
2024-01-16 02:09:26,61.3,97.5,1,1,14.1,supine
2024-01-16 02:09:28,60.1,97.8,1,1,13.9,supine
2024-01-16 02:09:30,60.9,97.8,1,0.949,14.1,supine
2024-01-16 02:09:32,62.4,97.8,0.979,1,13.8,supine
2024-01-16 02:09:34,60.3,97.4,1,1,14.1,supine
2024-01-16 02:09:36,62,97.6,1,1,13.6,supine
2024-01-16 02:09:38,62.9,97.4,1,1,14.5,supine
2024-01-16 02:09:40,62.7,97.5,1,1,13.8,supine
2024-01-16 02:09:42,59.9,97,1,1,14.3,supine
2024-01-16 02:09:44,61.7,97.3,0.995,0.997,13.8,supine
2024-01-16 02:09:46,63.3,97.3,1,0.968,13.5,supine
2024-01-16 02:09:48,62.9,97.7,1,1,12.3,supine
2024-01-16 02:09:50,59.9,97.6,1,1,14,supine
2024-01-16 02:09:52,62.8,98.2,1,1,12.9,supine
2024-01-16 02:09:54,60.7,97.8,0.973,1,14.3,supine
2024-01-16 02:09:56,62.2,98,1,0.998,14.3,supine
2024-01-16 02:09:58,61.9,97.2,1,0.978,14.7,supine
2024-01-16 02:10:00,61.8,97.6,1,0.965,14.5,supine
2024-01-16 02:10:02,61,97.2,1,0.968,14,supine
2024-01-16 02:10:04,62.6,97.5,1,1,14.2,supine
2024-01-16 02:10:06,60.8,97.6,0.959,0.99,13.8,supine
2024-01-16 02:10:08,61.5,97.6,0.965,1,13.6,supine
2024-01-16 02:10:10,61,98.1,1,1,13.7,supine
2024-01-16 02:10:12,62.6,97.7,0.964,0.977,13.8,supine
2024-01-16 02:10:14,62.1,97.4,1,0.956,13.4,supine
2024-01-16 02:10:16,61.9,97.7,1,0.987,15.1,supine
2024-01-16 02:10:18,61.5,97.2,0.982,1,14,supine
2024-01-16 02:10:20,62.3,97.4,0.992,0.944,13.2,supine
2024-01-16 02:10:22,61.7,97.5,1,0.979,14.2,supine
2024-01-16 02:10:24,60.3,97.3,0.989,0.969,14.2,supine
2024-01-16 02:10:26,57,97.5,0.972,0.986,13.7,supine
2024-01-16 02:10:28,61.9,97.5,1,0.949,14.3,supine
2024-01-16 02:10:30,61.6,97.4,0.943,0.996,13.3,supine
2024-01-16 02:10:32,58.7,97.4,1,0.963,14,supine
2024-01-16 02:10:34,59.5,97.5,0.982,0.979,14.8,supine
2024-01-16 02:10:36,61.7,97.1,1,1,14.1,supine
2024-01-16 02:10:38,62.6,96.6,1,0.981,14.8,supine
2024-01-16 02:10:40,62,97.1,1,0.997,14.2,supine
2024-01-16 02:10:42,61.2,96.8,0.985,1,14.2,supine
2024-01-16 02:10:44,59.9,97.7,1,1,14.5,supine
2024-01-16 02:10:46,61.4,97.6,0.999,0.995,13.4,supine
2024-01-16 02:10:48,63.4,97.8,1,0.995,14.8,supine
2024-01-16 02:10:50,61.1,97,1,0.99,12.9,supine
2024-01-16 02:10:52,59.3,97.3,1,1,14.1,supine
2024-01-16 02:10:54,65.7,97.7,1,1,14.1,supine
2024-01-16 02:10:56,64.9,97.4,1,0.989,13.6,supine
2024-01-16 02:10:58,60.9,97.1,0.982,1,14.3,supine
2024-01-16 02:11:00,62.9,97.2,1,1,14.4,supine
2024-01-16 02:11:02,61.1,97.9,1,1,13.1,supine
2024-01-16 02:11:04,66.9,97.6,0.952,0.992,14.2,supine
2024-01-16 02:11:06,61.5,97.7,0.977,0.962,14.4,supine
2024-01-16 02:11:08,61.6,97.6,1,0.984,14.5,supine
2024-01-16 02:11:10,63.9,97.2,1,1,13.5,supine
2024-01-16 02:11:12,60.3,97.2,1,1,13.4,supine
2024-01-16 02:11:14,61.3,97.3,1,0.996,13.7,supine
2024-01-16 02:11:16,63.8,98,0.944,1,14.5,supine
2024-01-16 02:11:18,60.1,97.7,0.995,0.963,14.4,supine
2024-01-16 02:11:20,62,96.9,1,1,13.7,supine
2024-01-16 02:11:22,61.4,97.4,0.978,1,14.4,supine
2024-01-16 02:11:24,61.1,97.5,1,0.966,13.7,supine
2024-01-16 02:11:26,58.4,97.3,0.949,1,13.9,supine
2024-01-16 02:11:28,61.1,97.1,0.985,1,14.2,supine
2024-01-16 02:11:30,60.8,97.3,1,0.99,13.6,supine
2024-01-16 02:11:32,62.3,97.4,1,1,14.8,supine
2024-01-16 02:11:34,63.9,97.3,0.968,0.98,13.9,supine
2024-01-16 02:11:36,61.3,97.7,0.942,0.958,14.2,supine
2024-01-16 02:11:38,61.6,97.8,0.943,1,14.3,supine
2024-01-16 02:11:40,62.8,97.5,1,0.966,13.1,supine
2024-01-16 02:11:42,62.9,97.9,0.947,1,13.7,supine
2024-01-16 02:11:44,64.8,97.6,1,1,14.1,supine
2024-01-16 02:11:46,63.6,97.2,0.974,0.994,14,supine
2024-01-16 02:11:48,63.8,97.7,0.967,0.99,14.3,supine
2024-01-16 02:11:50,63.5,97.5,1,0.966,14.2,supine
2024-01-16 02:11:52,61,97.4,0.956,1,14.2,supine
2024-01-16 02:11:54,61.9,97.3,0.982,1,14.4,supine
2024-01-16 02:11:56,61.5,97.4,1,0.997,13.9,supine
2024-01-16 02:11:58,63.3,97.9,1,1,14.6,supine
2024-01-16 02:12:00,64,97.3,0.98,1,14.8,supine
2024-01-16 02:12:02,60.2,97.5,1,1,13.3,supine
2024-01-16 02:12:04,60.8,97.6,0.959,1,14.6,supine
2024-01-16 02:12:06,62.4,97.7,1,0.997,13.4,supine
2024-01-16 02:12:08,62.9,97.4,1,0.996,14.1,supine
2024-01-16 02:12:10,60.2,97.2,0.956,0.975,13.7,supine
2024-01-16 02:12:12,61.1,97,1,1,13.9,supine
2024-01-16 02:12:14,63.5,97,0.98,1,14.1,supine
2024-01-16 02:12:16,64.3,97.4,0.981,1,14.4,supine
2024-01-16 02:12:18,62.9,97.5,0.973,1,13.7,supine
2024-01-16 02:12:20,61,97.2,1,0.98,14.7,supine
2024-01-16 02:12:22,62.4,97.3,0.952,0.998,14.1,supine
2024-01-16 02:12:24,62.3,97.4,0.965,0.963,13.2,supine
2024-01-16 02:12:26,62.3,97.7,0.986,0.97,13.7,supine
2024-01-16 02:12:28,64.2,97.3,1,0.983,14.6,supine
2024-01-16 02:12:30,63.9,97.6,0.991,0.98,13.9,supine
2024-01-16 02:12:32,63.8,97.6,1,0.964,14.6,supine
2024-01-16 02:12:34,62.6,97.7,0.994,0.96,13.8,supine
2024-01-16 02:12:36,62.6,97.3,0.974,0.97,14.2,supine
2024-01-16 02:12:38,62.2,97.5,0.959,0.978,13.9,supine
2024-01-16 02:12:40,62.3,97.3,0.986,1,14.8,supine
2024-01-16 02:12:42,60.2,97.4,0.971,1,13.7,supine
2024-01-16 02:12:44,63.6,97.7,0.963,0.995,14,supine
2024-01-16 02:12:46,62.3,97.9,0.97,0.996,14.6,supine
2024-01-16 02:12:48,62.9,97.7,1,0.998,13.9,supine
2024-01-16 02:12:50,63.5,97.7,1,1,13.6,supine
2024-01-16 02:12:52,61.4,97.4,1,1,13.8,supine
2024-01-16 02:12:54,61.1,97.4,0.975,1,13.6,supine
2024-01-16 02:12:56,61.2,97.6,1,0.919,14.4,supine
2024-01-16 02:12:58,63.8,97.6,1,1,14.5,supine
2024-01-16 02:13:00,61.8,97.4,0.974,0.997,13.2,supine
2024-01-16 02:13:02,61.3,96.9,1,1,14.5,supine
2024-01-16 02:13:04,62.8,97.5,0.998,0.965,13.8,supine
2024-01-16 02:13:06,61.1,97.9,1,0.974,13.9,supine
2024-01-16 02:13:08,61.5,97.5,0.992,1,13,supine
2024-01-16 02:13:10,62.8,97.7,1,0.99,14.2,supine
2024-01-16 02:13:12,65.5,97.7,0.96,1,14.4,supine
2024-01-16 02:13:14,62,97.2,0.951,0.966,13.8,supine
2024-01-16 02:13:16,59.5,97.2,1,0.988,13.6,supine
2024-01-16 02:13:18,61.1,97.7,1,0.933,13.8,supine
2024-01-16 02:13:20,59.2,97.1,1,0.991,13.9,supine
2024-01-16 02:13:22,60.3,98.1,0.999,1,14.4,supine
2024-01-16 02:13:24,61.2,97.7,1,1,13.9,supine
2024-01-16 02:13:26,60.8,97.6,1,1,14.3,supine
2024-01-16 02:13:28,60.1,97.4,0.971,0.991,13.6,supine
2024-01-16 02:13:30,63,97.6,1,0.937,13.7,supine
2024-01-16 02:13:32,62.7,97.5,0.961,0.975,13.5,supine
2024-01-16 02:13:34,61.4,97.9,0.994,0.964,13.5,supine
2024-01-16 02:13:36,61.5,97.6,0.991,0.989,14,supine
2024-01-16 02:13:38,62.3,97.4,0.979,1,14.1,supine
2024-01-16 02:13:40,61.5,98,1,1,15.3,supine
2024-01-16 02:13:42,61.8,97.9,0.969,0.978,13.9,supine
2024-01-16 02:13:44,65.3,97.9,1,0.972,14.4,supine
2024-01-16 02:13:46,60.9,97.8,1,0.977,14.4,supine
2024-01-16 02:13:48,65.8,97.7,1,0.981,13.9,supine
2024-01-16 02:13:50,64.2,97.7,0.99,0.98,14.4,supine
2024-01-16 02:13:52,65.6,97.3,1,0.977,14.1,supine
2024-01-16 02:13:54,63.5,97.6,0.945,0.966,14.7,supine
2024-01-16 02:13:56,61.9,97,0.939,1,13.8,supine
2024-01-16 02:13:58,61.7,97.7,1,1,13.3,supine
2024-01-16 02:14:00,62.6,97.7,0.952,1,14.4,supine
2024-01-16 02:14:02,64.3,97.4,1,1,14.5,supine
2024-01-16 02:14:04,62.8,97.4,1,1,14.7,supine
2024-01-16 02:14:06,63.7,97.6,1,1,13.9,supine
2024-01-16 02:14:08,62.3,97.3,0.977,0.968,13.3,supine
2024-01-16 02:14:10,64.2,97.7,1,1,14.2,supine
2024-01-16 02:14:12,62.4,97.7,0.966,0.963,12.9,supine
2024-01-16 02:14:14,58.8,97.1,1,1,14,supine
2024-01-16 02:14:16,64.2,97.4,1,1,14.3,supine
2024-01-16 02:14:18,62.8,97.6,1,0.968,13.5,supine
2024-01-16 02:14:20,60.7,98.1,0.976,1,13.5,supine
2024-01-16 02:14:22,64.3,97.8,1,0.997,13.6,supine
2024-01-16 02:14:24,62.2,98.1,0.99,0.984,13.1,supine
2024-01-16 02:14:26,63.3,97.7,1,1,14.4,supine
2024-01-16 02:14:28,61.9,97.8,1,0.946,12.9,supine
2024-01-16 02:14:30,59.6,97.3,1,1,13.5,supine
2024-01-16 02:14:32,60,98,1,0.974,13.1,supine
2024-01-16 02:14:34,58.9,97.5,0.968,0.984,14.8,supine
2024-01-16 02:14:36,62,97.4,1,1,14.3,supine
2024-01-16 02:14:38,60.3,97.6,1,1,14.7,supine
2024-01-16 02:14:40,60.5,97.3,0.976,1,13.4,supine
2024-01-16 02:14:42,64.9,97.8,1,0.956,14.2,supine
2024-01-16 02:14:44,63.8,97.5,1,1,14.2,supine
2024-01-16 02:14:46,63.7,97.6,1,1,13.8,supine
2024-01-16 02:14:48,61.5,97.3,1,1,13,supine
2024-01-16 02:14:50,61.1,98,0.975,0.992,13.5,supine
2024-01-16 02:14:52,64.2,97.6,1,0.969,13.3,supine
2024-01-16 02:14:54,61.2,97.7,0.993,0.983,14.4,supine
2024-01-16 02:14:56,61.1,97.4,1,1,14.1,supine
2024-01-16 02:14:58,62.6,98.1,0.951,0.976,13.6,supine
2024-01-16 02:15:00,62.9,97.2,0.999,0.998,14.3,supine
2024-01-16 02:15:02,59.5,97.6,0.992,0.997,13.6,supine
2024-01-16 02:15:04,62.8,97.8,1,0.983,13.5,supine
2024-01-16 02:15:06,60.9,97,0.973,0.959,13.5,supine
2024-01-16 02:15:08,63.7,97.5,0.995,0.981,14.5,supine
2024-01-16 02:15:10,65,97.1,0.973,1,13.8,supine
2024-01-16 02:15:12,63.7,97.6,1,0.973,13.4,supine
2024-01-16 02:15:14,62.9,97.6,0.993,1,14.6,supine
2024-01-16 02:15:16,62.6,97.6,0.973,0.999,14.1,supine
2024-01-16 02:15:18,60.7,97.8,1,0.99,13.3,supine
2024-01-16 02:15:20,61.7,97.6,1,0.997,14.6,supine
2024-01-16 02:15:22,61.5,97.2,1,1,13.8,supine
2024-01-16 02:15:24,64.2,97.6,0.996,1,13.6,supine
2024-01-16 02:15:26,62.8,97.8,1,0.986,13.3,supine
2024-01-16 02:15:28,61.2,97.8,0.993,0.97,14.5,supine
2024-01-16 02:15:30,60.5,97.7,0.988,1,13.4,supine
2024-01-16 02:15:32,63.4,97.5,0.973,0.976,13.4,supine
2024-01-16 02:15:34,60.8,97.5,0.947,0.976,13.6,supine
2024-01-16 02:15:36,61.5,97.5,0.962,1,14.5,supine
2024-01-16 02:15:38,60.2,97.6,1,0.966,14.7,supine
2024-01-16 02:15:40,62,97.4,0.99,0.95,13.7,supine
2024-01-16 02:15:42,61.8,97.7,1,0.976,14,supine
2024-01-16 02:15:44,63.3,97.1,0.955,1,14.5,supine
2024-01-16 02:15:46,62.6,97.3,1,0.954,13.9,supine
2024-01-16 02:15:48,62.4,97.1,1,1,13.8,supine
2024-01-16 02:15:50,63,97.5,0.976,1,13.8,supine
2024-01-16 02:15:52,60.6,97.3,0.968,1,12.9,supine
2024-01-16 02:15:54,61.1,97.5,0.968,0.987,14.2,supine
2024-01-16 02:15:56,62.1,97.4,0.989,0.98,13.8,supine
2024-01-16 02:15:58,62.6,97,0.94,1,14,supine
2024-01-16 02:16:00,62.1,97.3,1,1,14.2,supine
2024-01-16 02:16:02,59.4,97.4,0.984,0.95,14.7,supine
2024-01-16 02:16:04,61.9,97.4,1,1,13.8,supine
2024-01-16 02:16:06,61.7,98.3,1,0.969,14,supine
2024-01-16 02:16:08,62,97.1,0.97,0.978,14.1,supine
2024-01-16 02:16:10,59.1,97,1,0.962,14.3,supine
2024-01-16 02:16:12,62.9,97.4,0.987,1,13,supine
2024-01-16 02:16:14,64,97.4,1,0.991,13.7,supine
2024-01-16 02:16:16,59.9,97.8,0.971,0.949,13.9,supine
2024-01-16 02:16:18,61.5,97.6,0.982,1,13.9,supine
2024-01-16 02:16:20,61.9,97.6,0.976,1,13.5,supine
2024-01-16 02:16:22,59.2,97.8,1,1,14.5,supine
2024-01-16 02:16:24,60.3,98,0.97,1,15,supine
2024-01-16 02:16:26,61,97.8,1,1,14.5,supine
2024-01-16 02:16:28,64.4,97.3,1,0.963,14.6,supine
2024-01-16 02:16:30,59.7,97.6,0.952,1,13.4,supine
2024-01-16 02:16:32,64.4,97.5,1,0.993,13.8,supine
2024-01-16 02:16:34,64,97.3,1,0.999,14.2,supine
2024-01-16 02:16:36,59.2,97.3,0.983,1,14.5,supine
2024-01-16 02:16:38,64.6,97.8,0.969,0.98,15.5,supine
2024-01-16 02:16:40,62,98.2,1,1,13.6,supine
2024-01-16 02:16:42,61.2,97.8,0.973,1,14.3,supine
2024-01-16 02:16:44,62.1,97.3,0.998,0.977,14,supine
2024-01-16 02:16:46,59.9,97.9,0.961,0.992,14.3,supine
2024-01-16 02:16:48,63.6,97.6,1,0.993,13.3,supine
2024-01-16 02:16:50,60.8,97.5,1,0.922,13.8,supine
2024-01-16 02:16:52,61.6,97.2,1,0.947,13.5,supine
2024-01-16 02:16:54,63,97.7,1,0.968,13.7,supine
2024-01-16 02:16:56,63.3,97.6,1,0.969,13.8,supine
2024-01-16 02:16:58,62.2,97.6,1,1,14.1,supine
2024-01-16 02:17:00,61.2,97.7,1,0.989,14.2,supine
2024-01-16 02:17:02,63.1,97.4,0.992,0.967,13.3,supine
2024-01-16 02:17:04,60.3,97.5,0.996,1,14,supine
2024-01-16 02:17:06,64.5,97.5,0.973,1,14.4,supine
2024-01-16 02:17:08,60.8,97.2,1,1,13.2,supine
2024-01-16 02:17:10,61.2,98.1,0.955,0.971,14.3,supine
2024-01-16 02:17:12,62.6,97.3,1,0.936,13.3,supine
2024-01-16 02:17:14,59.8,97.3,1,1,14.7,supine
2024-01-16 02:17:16,62,97.4,1,0.991,13.6,supine
2024-01-16 02:17:18,64.8,97.5,1,1,13.9,supine
2024-01-16 02:17:20,62.9,97,0.962,0.995,14.4,supine
2024-01-16 02:17:22,63.2,97.4,1,1,13.7,supine
2024-01-16 02:17:24,62.1,97.8,1,0.976,14.4,supine
2024-01-16 02:17:26,63.5,98.1,0.996,1,14.2,supine
2024-01-16 02:17:28,58.6,97.1,0.969,1,14.3,supine
2024-01-16 02:17:30,62.7,97.3,0.997,1,13.6,supine
2024-01-16 02:17:32,63.8,97,0.986,1,14.6,supine
2024-01-16 02:17:34,61.2,97.3,0.995,1,14.6,supine
2024-01-16 02:17:36,61.6,97.9,0.984,0.97,15.3,supine
2024-01-16 02:17:38,61.4,97.6,0.973,0.971,14.2,supine
2024-01-16 02:17:40,62.6,97.6,1,0.981,14.7,supine
2024-01-16 02:17:42,62.9,97,0.944,1,14.2,supine
2024-01-16 02:17:44,61.7,97.7,1,1,13.2,supine
2024-01-16 02:17:46,61.9,97.2,0.93,1,15,supine
2024-01-16 02:17:48,62.5,97.3,0.987,0.948,14.5,supine
2024-01-16 02:17:50,64.5,97.6,0.971,0.981,13.7,supine
2024-01-16 02:17:52,62.6,97.6,1,1,15.3,supine
2024-01-16 02:17:54,61.5,97.7,0.987,0.967,15,supine
2024-01-16 02:17:56,61.7,97.5,0.987,0.972,14.3,supine
2024-01-16 02:17:58,62.4,97.5,0.957,1,14.2,supine
2024-01-16 02:18:00,62.1,97.3,0.994,0.979,13.2,supine
2024-01-16 02:18:02,61.5,97.7,0.989,0.918,14.9,supine
2024-01-16 02:18:04,62.1,97.8,1,1,14.1,supine
2024-01-16 02:18:06,61.8,98.1,1,1,14.1,supine
2024-01-16 02:18:08,61.7,97.2,1,0.979,14.6,supine
2024-01-16 02:18:10,61.5,97.1,0.979,1,15.1,supine
2024-01-16 02:18:12,60.6,97.5,0.985,1,14.4,supine
2024-01-16 02:18:14,61.4,97.8,1,0.997,13.8,supine
2024-01-16 02:18:16,61.5,97.6,0.963,1,15.1,supine
2024-01-16 02:18:18,59.4,97.5,0.978,1,14.3,supine
2024-01-16 02:18:20,62.9,97.2,0.999,1,14.6,supine
2024-01-16 02:18:22,58.6,97.3,1,1,14.8,supine
2024-01-16 02:18:24,61.6,97.7,1,1,14.1,supine
2024-01-16 02:18:26,62.8,97.7,1,0.974,13.8,supine
2024-01-16 02:18:28,61,97.3,1,0.957,13.8,supine
2024-01-16 02:18:30,62.4,97.4,0.96,0.989,13.5,supine
2024-01-16 02:18:32,61.8,97.8,1,1,13.4,supine
2024-01-16 02:18:34,60.3,97.7,1,1,15.1,supine
2024-01-16 02:18:36,63.2,97.3,0.999,1,13.5,supine
2024-01-16 02:18:38,62.9,97.8,1,1,14.4,supine
2024-01-16 02:18:40,63.1,97.6,0.993,0.964,14.4,supine
2024-01-16 02:18:42,62.2,97.3,0.997,1,14.3,supine
2024-01-16 02:18:44,61.3,97,1,0.985,13.5,supine
2024-01-16 02:18:46,65.7,97.7,0.989,0.997,13.1,supine
2024-01-16 02:18:48,61.1,97.5,0.965,1,13.8,supine
2024-01-16 02:18:50,61.3,97.7,1,0.972,14.2,supine
2024-01-16 02:18:52,61.4,97.7,1,1,15.4,supine
2024-01-16 02:18:54,61.4,97.4,1,1,13.3,supine
2024-01-16 02:18:56,63.2,97.2,1,0.961,14,supine
2024-01-16 02:18:58,61,97.3,0.971,1,13.6,supine
2024-01-16 02:19:00,63.5,97.2,1,1,14.6,supine
2024-01-16 02:19:02,63.2,97.4,1,0.992,14.2,supine
2024-01-16 02:19:04,65,97.6,1,1,14.9,supine
2024-01-16 02:19:06,62.9,97.3,1,1,15.1,supine
2024-01-16 02:19:08,60.8,97.4,1,0.975,13.7,supine
2024-01-16 02:19:10,63.9,97.9,0.949,0.986,13.8,supine
2024-01-16 02:19:12,61.4,96.8,1,1,14.7,supine
2024-01-16 02:19:14,60.8,97.7,0.998,0.949,13,supine
2024-01-16 02:19:16,64.1,97.4,1,0.939,14,supine
2024-01-16 02:19:18,60.8,97.5,0.999,0.954,13.5,supine
2024-01-16 02:19:20,62,97.2,1,1,14.7,supine
2024-01-16 02:19:22,60.2,97.5,0.969,1,14.3,supine
2024-01-16 02:19:24,60.8,97.5,1,0.972,13.8,supine
2024-01-16 02:19:26,62.1,97.6,1,1,13.9,supine
2024-01-16 02:19:28,62.6,97.5,1,1,14.4,supine
2024-01-16 02:19:30,62.4,97.7,1,1,13,supine
2024-01-16 02:19:32,60.6,98,1,1,13.9,supine
2024-01-16 02:19:34,61,97.7,1,1,13.7,supine
2024-01-16 02:19:36,62.3,96.8,1,0.999,13.6,supine
2024-01-16 02:19:38,62.5,96.8,0.999,1,14.5,supine
2024-01-16 02:19:40,60,97.5,1,0.998,14.5,supine
2024-01-16 02:19:42,58.2,97.4,1,1,13.6,supine
2024-01-16 02:19:44,63,97.4,0.96,1,14.1,supine
2024-01-16 02:19:46,62.1,97.4,1,0.945,13,supine
2024-01-16 02:19:48,65.8,97.6,1,1,13.8,supine
2024-01-16 02:19:50,61.2,97.5,0.992,1,14.1,supine
2024-01-16 02:19:52,61.4,97.4,0.991,1,14,supine
2024-01-16 02:19:54,62.7,97.5,0.952,1,13.7,supine
2024-01-16 02:19:56,61.9,97.6,1,0.982,15.5,supine
2024-01-16 02:19:58,61.8,98.2,0.969,1,13.5,supine
2024-01-16 02:20:00,63.8,97.4,0.222,0.637,7.3,supine
2024-01-16 02:20:02,61.5,97.3,0.32,0.72,6.2,supine
2024-01-16 02:20:04,62,97.4,0.154,0.727,9.8,supine
2024-01-16 02:20:06,62.9,97.8,0.231,0.685,8.7,supine
2024-01-16 02:20:08,61.4,97.2,0.398,0.709,7.4,supine
2024-01-16 02:20:10,61.1,97.5,0.579,0.759,6.6,supine
2024-01-16 02:20:12,61,97.1,0.54,0.7,7.4,supine
2024-01-16 02:20:14,62,96.6,0.242,0.595,9.6,supine
2024-01-16 02:20:16,62.9,95.9,0.408,0.721,6.4,supine
2024-01-16 02:20:18,63,95.5,0.512,0.567,6.2,supine
2024-01-16 02:20:20,61.1,95.3,1,0.99,14,supine
2024-01-16 02:20:22,62.8,95.2,1,0.99,13.3,supine
2024-01-16 02:20:24,63.4,94.7,1,0.97,14.7,supine
2024-01-16 02:20:26,60.3,94.9,1,0.971,14.8,supine
2024-01-16 02:20:28,59.9,94.2,1,0.951,15,supine
2024-01-16 02:20:30,62.6,94.5,0.987,0.971,13.1,supine
2024-01-16 02:20:32,61.8,97.5,0.991,0.996,13.6,supine
2024-01-16 02:20:34,64,97.5,0.999,1,13.4,supine
2024-01-16 02:20:36,61.6,98,0.954,1,13.2,supine
2024-01-16 02:20:38,64.6,97.8,0.999,1,14.4,supine
2024-01-16 02:20:40,62.5,97.1,0.941,1,12.8,supine
2024-01-16 02:20:42,61.9,97.2,1,1,14.5,supine
2024-01-16 02:20:44,64.5,98,0.987,1,13.7,supine
2024-01-16 02:20:46,63,98,1,1,14.1,supine
2024-01-16 02:20:48,63.5,97.8,0.991,1,13.7,supine
2024-01-16 02:20:50,63.6,97.7,1,0.956,13.5,supine
2024-01-16 02:20:52,63.6,97.4,1,1,14,supine
2024-01-16 02:20:54,61.7,97.4,1,1,14,supine
2024-01-16 02:20:56,59.9,97.7,1,0.958,14.7,supine
2024-01-16 02:20:58,62,97.5,0.956,1,13.5,supine
2024-01-16 02:21:00,61.1,97.6,0.929,1,13.6,supine
2024-01-16 02:21:02,61.1,97.4,0.985,0.994,14.1,supine
2024-01-16 02:21:04,63,97.1,1,0.993,14,supine
2024-01-16 02:21:06,62.5,98.2,1,0.955,14.1,supine
2024-01-16 02:21:08,62.7,97.4,0.967,1,14,supine
2024-01-16 02:21:10,63.1,97.4,1,0.968,13.6,supine
2024-01-16 02:21:12,62.4,97.5,1,0.993,14.4,supine
2024-01-16 02:21:14,60.4,98,1,0.999,13.4,supine
2024-01-16 02:21:16,62,96.8,0.961,1,13.3,supine
2024-01-16 02:21:18,64.5,97.5,1,1,14.4,supine
2024-01-16 02:21:20,63.9,97.7,0.976,0.991,13.9,supine
2024-01-16 02:21:22,60.8,98.1,0.997,0.976,14.6,supine
2024-01-16 02:21:24,60.8,97.4,1,1,13.8,supine
2024-01-16 02:21:26,63.2,97.5,1,1,13.3,supine
2024-01-16 02:21:28,63.9,98,1,0.993,14.9,supine
2024-01-16 02:21:30,62.9,97.1,1,1,13.2,supine
2024-01-16 02:21:32,62,97.9,0.97,0.928,14.3,supine
2024-01-16 02:21:34,63,97.3,1,0.995,15.3,supine
2024-01-16 02:21:36,64,97.9,0.982,1,13.5,supine
2024-01-16 02:21:38,63.1,97.6,0.969,0.99,13.8,supine
2024-01-16 02:21:40,59.5,97.9,1,1,13.8,supine
2024-01-16 02:21:42,61.8,97.3,1,0.997,13.4,supine
2024-01-16 02:21:44,62.7,97.7,1,1,14,supine
2024-01-16 02:21:46,61.8,97.6,0.978,1,13.9,supine
2024-01-16 02:21:48,62.2,97.8,0.983,1,13.6,supine
2024-01-16 02:21:50,62.7,97.2,1,0.992,14.6,supine
2024-01-16 02:21:52,61.3,96.7,0.977,1,13.5,supine
2024-01-16 02:21:54,61.5,97.9,1,0.971,14,supine
2024-01-16 02:21:56,62.3,97.6,0.959,1,14,supine
2024-01-16 02:21:58,60.9,97.5,1,1,14.3,supine
2024-01-16 02:22:00,63.4,98,0.995,0.967,13.4,supine
2024-01-16 02:22:02,62.4,97.8,0.989,0.974,13.8,supine
2024-01-16 02:22:04,63.3,97.7,1,1,14.4,supine
2024-01-16 02:22:06,61.8,97.6,0.986,0.975,13.4,supine
2024-01-16 02:22:08,63.8,97,0.959,0.961,14.1,supine
2024-01-16 02:22:10,64.9,97.2,1,0.976,14,supine
2024-01-16 02:22:12,60.4,96.9,0.944,1,14.5,supine
2024-01-16 02:22:14,61.4,97.6,0.989,1,13.2,supine
2024-01-16 02:22:16,61.9,97.8,0.947,1,14.8,supine
2024-01-16 02:22:18,60.6,97.5,0.991,0.996,14.1,supine
2024-01-16 02:22:20,60.3,97.6,1,0.953,14.2,supine
2024-01-16 02:22:22,62.6,97.6,0.924,0.995,14.1,supine
2024-01-16 02:22:24,61.5,97.5,0.999,0.993,15,supine
2024-01-16 02:22:26,63.6,98,0.983,1,13.9,supine
2024-01-16 02:22:28,61.5,97.5,0.989,1,13.5,supine
2024-01-16 02:22:30,58.7,97.3,1,1,13.1,supine
2024-01-16 02:22:32,63.8,97.4,0.968,0.997,13.8,supine
2024-01-16 02:22:34,63.1,96.9,1,1,13.7,supine
2024-01-16 02:22:36,62.2,97.5,1,0.98,14.1,supine
2024-01-16 02:22:38,61,97.6,1,0.989,13.1,supine
2024-01-16 02:22:40,61.4,97.6,0.969,0.963,14.5,supine
2024-01-16 02:22:42,62.4,97.5,0.988,1,13.2,supine
2024-01-16 02:22:44,64.3,97.5,1,0.965,13.3,supine
2024-01-16 02:22:46,61,97.4,1,1,13.6,supine
2024-01-16 02:22:48,61.9,97.7,1,0.995,14,supine
2024-01-16 02:22:50,65.8,97.3,0.94,1,14.2,supine
2024-01-16 02:22:52,58.9,97.4,0.96,1,13.6,supine
2024-01-16 02:22:54,59.1,97.7,1,0.992,13.9,supine
2024-01-16 02:22:56,59,97.7,0.993,0.935,13.5,supine
2024-01-16 02:22:58,59.7,98,1,1,14.3,supine
2024-01-16 02:23:00,62,97.2,0.955,1,14.4,supine
2024-01-16 02:23:02,61.8,97.8,0.984,0.951,14.4,supine
2024-01-16 02:23:04,62.8,97.7,0.978,0.975,13.6,supine
2024-01-16 02:23:06,62.6,97.5,0.965,1,14.6,supine
2024-01-16 02:23:08,59.9,97.6,0.991,0.974,13.5,supine
2024-01-16 02:23:10,62.7,97.5,0.996,0.918,14.3,supine
2024-01-16 02:23:12,62.4,97.3,0.976,0.986,14,supine
2024-01-16 02:23:14,63.1,97.7,1,0.99,13.6,supine
2024-01-16 02:23:16,61,97.7,0.956,1,14.1,supine
2024-01-16 02:23:18,60.7,97.9,1,1,14,supine
2024-01-16 02:23:20,62.5,97.3,1,1,14.3,supine
2024-01-16 02:23:22,60,97.4,1,0.992,14.1,supine
2024-01-16 02:23:24,64.2,97.7,1,0.985,14.1,supine
2024-01-16 02:23:26,63.2,97.4,0.984,1,13.4,supine
2024-01-16 02:23:28,63.9,97.8,0.963,1,14.3,supine
2024-01-16 02:23:30,59.9,97.3,0.963,1,13.8,supine
2024-01-16 02:23:32,58.8,97.2,0.978,1,13.5,supine
2024-01-16 02:23:34,63.8,97.3,1,0.98,14.5,supine
2024-01-16 02:23:36,61.4,97.7,0.949,1,14.8,supine
2024-01-16 02:23:38,62.1,97.2,0.975,1,14,supine
2024-01-16 02:23:40,62.8,97.6,0.997,0.965,13.6,supine
2024-01-16 02:23:42,63.4,97.4,0.974,1,14.3,supine
2024-01-16 02:23:44,61.1,97,0.977,0.987,13.8,supine
2024-01-16 02:23:46,60,97.5,0.944,1,13.3,supine
2024-01-16 02:23:48,63.5,97.2,1,1,13,supine
2024-01-16 02:23:50,62.5,97,0.995,1,13.5,supine
2024-01-16 02:23:52,60.7,97.7,1,0.992,13.9,supine
2024-01-16 02:23:54,61.8,97.8,1,0.989,13.6,supine
2024-01-16 02:23:56,65.5,97.6,0.943,1,15.2,supine
2024-01-16 02:23:58,63.5,98,1,0.968,14.2,supine
2024-01-16 02:24:00,60.4,97.6,1,0.984,13.9,supine
2024-01-16 02:24:02,63,98,0.962,1,14.6,supine
2024-01-16 02:24:04,64.3,97.6,1,1,14.3,supine
2024-01-16 02:24:06,62.4,97.1,1,0.999,14,supine
2024-01-16 02:24:08,62.7,97.2,1,0.982,13.4,supine
2024-01-16 02:24:10,63.4,96.9,1,1,14.6,supine
2024-01-16 02:24:12,65.6,97.2,1,1,13.4,supine
2024-01-16 02:24:14,59.5,97.7,1,0.998,14.8,supine
2024-01-16 02:24:16,63.2,97.8,0.934,1,14.1,supine
2024-01-16 02:24:18,60.1,97.5,1,1,14.1,supine
2024-01-16 02:24:20,59.1,97.6,1,0.975,13.9,supine
2024-01-16 02:24:22,63.7,97.6,1,1,13.6,supine
2024-01-16 02:24:24,59.7,97.1,0.995,0.995,13.9,supine
2024-01-16 02:24:26,61.1,97.5,1,1,14.5,supine
2024-01-16 02:24:28,60.7,97.3,0.999,0.984,13.1,supine
2024-01-16 02:24:30,59,97.6,1,0.969,13.7,supine
2024-01-16 02:24:32,61.8,97.9,1,1,14.3,supine
2024-01-16 02:24:34,62.3,97.4,0.998,1,14.5,supine
2024-01-16 02:24:36,61.7,96.9,0.965,1,13.6,supine
2024-01-16 02:24:38,62.4,97.9,1,0.988,14.7,supine
2024-01-16 02:24:40,65.1,97.9,1,1,14,supine
2024-01-16 02:24:42,63,96.9,0.995,1,14,supine
2024-01-16 02:24:44,61.8,97.4,0.997,1,13.3,supine
2024-01-16 02:24:46,62.4,98.4,0.986,0.995,14.5,supine
2024-01-16 02:24:48,61.5,97.5,0.981,1,14.9,supine
2024-01-16 02:24:50,61.3,96.9,0.984,1,13.5,supine
2024-01-16 02:24:52,63.7,97.7,1,0.981,14,supine
2024-01-16 02:24:54,63.5,97.3,1,1,14,supine
2024-01-16 02:24:56,61.5,97.8,0.958,0.974,13.7,supine
2024-01-16 02:24:58,60.8,97.4,0.973,1,13.7,supine
2024-01-16 02:25:00,62.3,97.7,0.982,0.995,13.7,supine
2024-01-16 02:25:02,63.9,97.3,1,0.971,13.9,supine
2024-01-16 02:25:04,60.7,97.5,0.983,1,14.9,supine
2024-01-16 02:25:06,63,97.4,0.971,0.997,12.9,supine
2024-01-16 02:25:08,62.8,97.7,1,0.976,14,supine
2024-01-16 02:25:10,64.5,97.5,1,1,14.2,supine
2024-01-16 02:25:12,60.7,97.6,1,1,13.6,supine
2024-01-16 02:25:14,61.4,97.4,1,0.955,13.7,supine
2024-01-16 02:25:16,64.7,97.2,0.971,0.988,13.3,supine
2024-01-16 02:25:18,63.8,97.8,0.964,1,14.2,supine
2024-01-16 02:25:20,62.9,97.6,1,1,13.6,supine
2024-01-16 02:25:22,59,97.5,0.966,1,14.2,supine
2024-01-16 02:25:24,63.4,97.6,0.998,1,14.2,supine
2024-01-16 02:25:26,60.2,97.3,1,1,13.5,supine
2024-01-16 02:25:28,61.5,97.6,1,1,14.4,supine
2024-01-16 02:25:30,60.7,97.4,1,0.979,14.5,supine
2024-01-16 02:25:32,62.8,97.7,1,0.985,14.5,supine
2024-01-16 02:25:34,58.5,97.6,1,1,13.7,supine
2024-01-16 02:25:36,61.5,97.3,1,1,13,supine
2024-01-16 02:25:38,62.7,97.6,1,0.969,14,supine
2024-01-16 02:25:40,61.4,97.5,0.995,1,12.8,supine
2024-01-16 02:25:42,60.9,97.9,0.98,1,13.1,supine
2024-01-16 02:25:44,60.6,97.7,1,0.97,13.2,supine
2024-01-16 02:25:46,62.3,97.3,0.96,1,14.3,supine
2024-01-16 02:25:48,61,97.2,0.977,0.977,13.5,supine
2024-01-16 02:25:50,61,98,0.987,1,13.8,supine
2024-01-16 02:25:52,58.4,97.5,0.977,0.97,13.8,supine
2024-01-16 02:25:54,63.4,97.5,0.989,1,13.5,supine
2024-01-16 02:25:56,61.3,97.4,1,0.966,13.3,supine
2024-01-16 02:25:58,61.2,97.6,1,1,14.4,supine
2024-01-16 02:26:00,64.3,97.4,1,0.982,14.8,supine
2024-01-16 02:26:02,62.8,97.4,0.968,0.986,14.1,supine
2024-01-16 02:26:04,63.1,97.7,0.987,1,13.4,supine
2024-01-16 02:26:06,61.6,97.8,0.985,0.989,13.6,supine
2024-01-16 02:26:08,63.1,97.3,0.956,0.985,14,supine
2024-01-16 02:26:10,62.4,97.3,0.949,1,13.9,supine
2024-01-16 02:26:12,62.8,97.4,1,0.983,14.3,supine
2024-01-16 02:26:14,60.7,97.8,1,0.975,14.2,supine
2024-01-16 02:26:16,62.3,97.6,0.981,1,13.4,supine
2024-01-16 02:26:18,62.7,97.2,1,1,13.5,supine
2024-01-16 02:26:20,61.9,96.9,0.98,0.961,13.6,supine
2024-01-16 02:26:22,61,97.3,1,0.996,14.4,supine
2024-01-16 02:26:24,61.4,97.6,0.964,1,13.6,supine
2024-01-16 02:26:26,61.5,97.1,1,0.993,13.5,supine
2024-01-16 02:26:28,61.2,97,1,0.993,13.6,supine
2024-01-16 02:26:30,63.8,97.8,0.986,0.989,13.9,supine
2024-01-16 02:26:32,64,97.9,1,1,14.4,supine
2024-01-16 02:26:34,61,97.6,0.96,1,13.7,supine
2024-01-16 02:26:36,64.7,97.3,1,0.971,14.5,supine
2024-01-16 02:26:38,60,97.2,1,0.999,13.6,supine
2024-01-16 02:26:40,63.1,97.3,1,0.964,14.8,supine
2024-01-16 02:26:42,61.7,97.8,0.955,1,13.4,supine
2024-01-16 02:26:44,58.6,97.6,1,0.957,13.1,supine
2024-01-16 02:26:46,63.3,97.4,0.971,0.95,13.7,supine
2024-01-16 02:26:48,60.7,97.3,0.989,1,14.5,supine
2024-01-16 02:26:50,64.4,97.1,0.991,1,14.6,supine
2024-01-16 02:26:52,62.4,97.2,1,0.987,13.1,supine
2024-01-16 02:26:54,64.3,97.4,0.993,1,14,supine
2024-01-16 02:26:56,61.2,97.6,1,1,14.5,supine
2024-01-16 02:26:58,63.9,97,1,0.981,14.8,supine
2024-01-16 02:27:00,60.6,97.4,0.994,1,14.7,supine
2024-01-16 02:27:02,60.2,98.2,0.995,1,14.2,supine
2024-01-16 02:27:04,61.5,97.6,0.961,0.959,14.1,supine
2024-01-16 02:27:06,60.9,97.1,1,1,14.5,supine
2024-01-16 02:27:08,61.6,97.4,1,0.995,13.4,supine
2024-01-16 02:27:10,64,97.2,1,0.959,14.6,supine
2024-01-16 02:27:12,59.6,97.8,0.949,0.971,13.7,supine
2024-01-16 02:27:14,60.8,97.4,0.965,1,14.3,supine
2024-01-16 02:27:16,62.5,97.5,1,1,13.9,supine
2024-01-16 02:27:18,62.3,97.5,0.999,1,13.4,supine
2024-01-16 02:27:20,62.4,97.9,0.932,1,14.8,supine
2024-01-16 02:27:22,61.1,97.4,1,0.983,14.4,supine
2024-01-16 02:27:24,60.7,97.3,0.999,1,14,supine
2024-01-16 02:27:26,60.8,97.4,1,0.974,13.4,supine
2024-01-16 02:27:28,62.5,98.2,0.996,1,13.9,supine
2024-01-16 02:27:30,61.7,97.6,0.937,1,14.7,supine
2024-01-16 02:27:32,62.8,97.2,1,1,14.7,supine
2024-01-16 02:27:34,61.4,97.1,0.976,1,13.9,supine
2024-01-16 02:27:36,63.3,97.4,0.982,0.971,13.5,supine
2024-01-16 02:27:38,59.3,98.1,0.986,1,14.1,supine
2024-01-16 02:27:40,59.7,97.9,0.966,1,13.5,supine
2024-01-16 02:27:42,60.6,96.9,0.982,1,13.4,supine
2024-01-16 02:27:44,62.4,97.6,1,0.975,14.2,supine
2024-01-16 02:27:46,61.6,97.5,1,1,14.4,supine
2024-01-16 02:27:48,64.3,97.3,1,0.991,13.4,supine
2024-01-16 02:27:50,64.2,98.1,1,1,14.3,supine
2024-01-16 02:27:52,62.5,97.4,0.989,1,14.1,supine
2024-01-16 02:27:54,62.5,97.1,1,0.96,13.8,supine
2024-01-16 02:27:56,61.7,97.1,0.985,1,14.2,supine
2024-01-16 02:27:58,62.8,97.2,0.992,0.944,13.9,supine
2024-01-16 02:28:00,61.6,97.9,1,0.983,13.8,supine
2024-01-16 02:28:02,60.6,97.8,0.972,0.95,14.5,supine
2024-01-16 02:28:04,60.4,97.4,0.984,0.961,13.2,supine
2024-01-16 02:28:06,62.4,97.8,0.964,1,13.7,supine
2024-01-16 02:28:08,62,97.1,1,0.964,14.1,supine
2024-01-16 02:28:10,63.1,97.1,0.977,0.977,13.9,supine
2024-01-16 02:28:12,60.4,97.5,1,0.945,13.6,supine
2024-01-16 02:28:14,62.2,98.1,0.996,0.999,13.6,supine
2024-01-16 02:28:16,63.4,97.6,0.981,0.993,13.9,supine
2024-01-16 02:28:18,61.7,97.6,0.989,1,13.4,supine
2024-01-16 02:28:20,62.8,97.6,0.965,0.995,14,supine
2024-01-16 02:28:22,60.9,97.2,1,0.991,13.6,supine
2024-01-16 02:28:24,61.8,97.5,0.952,0.993,14.2,supine
2024-01-16 02:28:26,62,97.2,1,0.976,14.1,supine
2024-01-16 02:28:28,59.7,97.8,1,0.974,14.1,supine
2024-01-16 02:28:30,60.8,97.6,1,0.935,13.4,supine
2024-01-16 02:28:32,61.5,97.5,0.998,1,13.8,supine
2024-01-16 02:28:34,61.8,97.4,1,1,14.4,supine
2024-01-16 02:28:36,62.7,97.3,1,0.969,13.9,supine
2024-01-16 02:28:38,63.3,97.2,0.982,0.969,14.2,supine
2024-01-16 02:28:40,62,97.3,1,0.945,13.9,supine
2024-01-16 02:28:42,60.6,97.6,0.949,1,13.7,supine
2024-01-16 02:28:44,60.8,97.7,0.993,0.951,13.9,supine
2024-01-16 02:28:46,60.4,97.4,0.996,0.982,13.6,supine
2024-01-16 02:28:48,63.1,97.1,0.99,0.994,14.4,supine
2024-01-16 02:28:50,62,97.1,0.938,1,14,supine
2024-01-16 02:28:52,62.4,97.4,1,1,13.2,supine
2024-01-16 02:28:54,60.9,97.5,0.922,1,14.4,supine
2024-01-16 02:28:56,63.1,97.1,0.998,0.959,12.9,supine
2024-01-16 02:28:58,60.3,97.7,1,1,13.8,supine
2024-01-16 02:29:00,60.7,97.2,0.979,1,13.9,supine
2024-01-16 02:29:02,61.5,97.7,0.987,1,14.7,supine
2024-01-16 02:29:04,61,97.6,1,1,14.7,supine
2024-01-16 02:29:06,61.7,97.2,1,0.987,14.1,supine
2024-01-16 02:29:08,61.5,97.6,1,0.998,14.3,supine
2024-01-16 02:29:10,62.8,97.2,0.979,1,13.2,supine
2024-01-16 02:29:12,62.8,97.4,0.959,0.994,14.4,supine
2024-01-16 02:29:14,61.3,97,1,1,13.7,supine
2024-01-16 02:29:16,62,97.3,0.952,1,14.7,supine
2024-01-16 02:29:18,60.3,97.7,1,0.992,13.9,supine
2024-01-16 02:29:20,61.9,97.6,1,1,13.4,supine
2024-01-16 02:29:22,61.4,97.3,0.992,0.985,13.5,supine
2024-01-16 02:29:24,60.3,97.6,0.963,1,13.9,supine
2024-01-16 02:29:26,62.8,97.5,1,1,13.9,supine
2024-01-16 02:29:28,59.5,98.1,0.955,0.959,14.3,supine
2024-01-16 02:29:30,60.4,97.4,1,0.933,14.1,supine
2024-01-16 02:29:32,62.5,97.3,1,1,14.6,supine
2024-01-16 02:29:34,63.1,97.9,0.966,1,14.7,supine
2024-01-16 02:29:36,64.3,97.2,0.973,0.97,14.5,supine
2024-01-16 02:29:38,60.1,97.5,1,0.983,15.5,supine
2024-01-16 02:29:40,62.5,97.1,0.988,1,14.5,supine
2024-01-16 02:29:42,61.9,97.9,1,1,13.6,supine
2024-01-16 02:29:44,61,97.5,0.979,1,14,supine
2024-01-16 02:29:46,64.1,97.3,0.976,1,14.9,supine
2024-01-16 02:29:48,59.6,97.4,0.987,0.985,14.6,supine
2024-01-16 02:29:50,60.3,97.8,0.994,1,13.5,supine
2024-01-16 02:29:52,60.8,97.6,1,1,14.5,supine
2024-01-16 02:29:54,64.2,97.8,1,1,13.5,supine
2024-01-16 02:29:56,62,97.7,0.985,1,14.2,supine
2024-01-16 02:29:58,63.2,97.6,0.996,0.986,13.4,supine
2024-01-16 02:30:00,63.9,97.7,1,1,14.4,supine
2024-01-16 02:30:02,61.4,97.9,0.993,0.999,13.9,supine
2024-01-16 02:30:04,63.3,97.5,0.911,0.999,14.4,supine
2024-01-16 02:30:06,62.4,97.4,0.971,0.966,14,supine
2024-01-16 02:30:08,58.9,97.3,0.98,1,14.1,supine
2024-01-16 02:30:10,62.3,97.7,1,1,14.5,supine
2024-01-16 02:30:12,59.7,97.3,0.997,0.977,14,supine
2024-01-16 02:30:14,62.1,97.7,1,0.994,15.1,supine
2024-01-16 02:30:16,64.5,96.9,1,0.996,13.8,supine
2024-01-16 02:30:18,62.6,97.4,1,1,13.7,supine
2024-01-16 02:30:20,61.3,97.9,0.977,0.971,15.1,supine
2024-01-16 02:30:22,60.9,97.5,1,1,14.8,supine
2024-01-16 02:30:24,58.5,97.4,0.988,0.98,13.7,supine
2024-01-16 02:30:26,61.8,97.4,1,0.984,13.9,supine
2024-01-16 02:30:28,62.3,97.2,1,0.971,13.6,supine
2024-01-16 02:30:30,64.9,96.6,1,1,13.7,supine
2024-01-16 02:30:32,61.8,97.9,0.942,0.955,13.9,supine
2024-01-16 02:30:34,62,97,0.987,1,13.6,supine
2024-01-16 02:30:36,63.6,97.9,1,0.965,13.9,supine
2024-01-16 02:30:38,62.8,98,0.91,0.989,14.5,supine
2024-01-16 02:30:40,59.8,97.8,0.985,1,13.9,supine
2024-01-16 02:30:42,61.6,97.9,1,1,13.9,supine
2024-01-16 02:30:44,62.5,97.4,1,0.998,14.3,supine
2024-01-16 02:30:46,63.8,97.4,0.994,0.973,14.1,supine
2024-01-16 02:30:48,59.3,97.5,0.986,1,15.2,supine
2024-01-16 02:30:50,64,97.3,1,0.978,14.3,supine
2024-01-16 02:30:52,64.3,98.2,0.996,0.993,14.6,supine
2024-01-16 02:30:54,62.2,97.6,0.988,1,13.7,supine
2024-01-16 02:30:56,64,98.2,0.98,0.961,14,supine
2024-01-16 02:30:58,62.7,97.8,0.974,0.951,13.5,supine
2024-01-16 02:31:00,61.4,97.5,1,1,13.8,supine
2024-01-16 02:31:02,60.6,98,0.985,1,13.4,supine
2024-01-16 02:31:04,61.5,97.2,1,1,13,supine
2024-01-16 02:31:06,62.2,97.4,0.979,1,13.3,supine
2024-01-16 02:31:08,62.8,97.9,0.974,1,14.1,supine
2024-01-16 02:31:10,61.8,97.3,1,0.993,13.1,supine
2024-01-16 02:31:12,61.5,97.4,0.971,1,14.2,supine
2024-01-16 02:31:14,59.6,97.8,1,1,14.1,supine
2024-01-16 02:31:16,63,97.9,1,0.974,13.8,supine
2024-01-16 02:31:18,63.6,97.7,0.975,1,13.5,supine
2024-01-16 02:31:20,62.7,96.9,1,0.964,14,supine
2024-01-16 02:31:22,63,97.5,1,0.999,13.9,supine
2024-01-16 02:31:24,60.7,97.4,1,0.991,14.6,supine
2024-01-16 02:31:26,58.3,97.6,1,1,14.5,supine
2024-01-16 02:31:28,63.8,97.4,0.947,0.97,13.7,supine
2024-01-16 02:31:30,61.4,97.4,1,1,13.8,supine
2024-01-16 02:31:32,61.5,97.3,1,0.971,14.3,supine
2024-01-16 02:31:34,61,97.7,1,0.998,13.4,supine
2024-01-16 02:31:36,64.1,97.9,1,0.95,14.4,supine
2024-01-16 02:31:38,59.9,97.3,1,1,13.4,supine
2024-01-16 02:31:40,61.7,97.5,1,0.982,14.4,supine
2024-01-16 02:31:42,60.5,97.4,0.996,0.995,13.6,supine
2024-01-16 02:31:44,62.8,97.7,0.978,1,14.2,supine
2024-01-16 02:31:46,61.1,97.2,1,1,14,supine
2024-01-16 02:31:48,66.9,97.7,0.949,1,13.8,supine
2024-01-16 02:31:50,61.6,97.8,1,1,13.9,supine
2024-01-16 02:31:52,61.8,98.1,0.959,0.979,14.4,supine
2024-01-16 02:31:54,62.2,98,1,0.985,13.6,supine
2024-01-16 02:31:56,61.8,97.9,1,0.976,13.5,supine
2024-01-16 02:31:58,64.9,97.5,1,0.999,13.4,supine
2024-01-16 02:32:00,60,97.3,0.963,1,13.1,supine
2024-01-16 02:32:02,60.6,97.2,0.972,1,14.4,supine
2024-01-16 02:32:04,63,97.9,0.947,1,13.3,supine
2024-01-16 02:32:06,63.2,96.8,0.969,0.975,13.7,supine
2024-01-16 02:32:08,62.1,98.1,0.972,0.996,13.8,supine
2024-01-16 02:32:10,59.4,97.3,1,1,14.4,supine
2024-01-16 02:32:12,59.8,97.1,0.965,0.929,14,supine
2024-01-16 02:32:14,61.4,98.1,0.963,1,14.2,supine
2024-01-16 02:32:16,60.8,97,1,0.984,14.2,supine
2024-01-16 02:32:18,65.4,97.2,1,0.982,14.2,supine
2024-01-16 02:32:20,59.7,97.1,1,1,13.6,supine
2024-01-16 02:32:22,63.8,97.2,0.979,1,13.8,supine
2024-01-16 02:32:24,62.5,97.3,1,1,14,supine
2024-01-16 02:32:26,65,97.7,1,0.942,14,supine
2024-01-16 02:32:28,62.2,98.1,1,1,13.9,supine
2024-01-16 02:32:30,59.9,97.5,1,0.986,14.6,supine
2024-01-16 02:32:32,60.2,97.9,1,1,14,supine
2024-01-16 02:32:34,59.4,97,1,0.994,12.9,supine
2024-01-16 02:32:36,62.6,97.6,0.987,1,13.2,supine
2024-01-16 02:32:38,62.9,97.3,0.998,0.999,13.5,supine
2024-01-16 02:32:40,63.7,96.7,1,0.959,13,supine
2024-01-16 02:32:42,61.1,97.3,1,0.994,12.6,supine
2024-01-16 02:32:44,62.3,97.4,1,1,14.1,supine
2024-01-16 02:32:46,62,97.8,0.965,0.966,13.1,supine
2024-01-16 02:32:48,61.6,97.6,0.979,1,13.9,supine
2024-01-16 02:32:50,63.9,98.1,1,0.945,14.6,supine
2024-01-16 02:32:52,63.1,96.9,1,0.975,13.5,supine
2024-01-16 02:32:54,61.8,97.2,1,1,13.3,supine
2024-01-16 02:32:56,60.4,97.7,0.987,1,14.1,supine
2024-01-16 02:32:58,57.8,97.6,0.948,0.978,13.6,supine
2024-01-16 02:33:00,63.7,97.5,0.962,1,14.5,supine
2024-01-16 02:33:02,62.6,97.8,0.978,1,13.8,supine
2024-01-16 02:33:04,61.4,97.5,1,0.962,14.1,supine
2024-01-16 02:33:06,62.3,97.8,1,0.98,14.2,supine
2024-01-16 02:33:08,60.5,97.4,0.999,0.983,14.6,supine
2024-01-16 02:33:10,62.7,97.9,1,0.954,14.4,supine
2024-01-16 02:33:12,64.5,97.4,0.972,1,13.6,supine
2024-01-16 02:33:14,65.8,97.2,1,1,15,supine
2024-01-16 02:33:16,60.6,97.5,0.983,1,14.1,supine
2024-01-16 02:33:18,58.6,98,1,0.965,14.2,supine
2024-01-16 02:33:20,64.4,98.2,1,1,14.2,supine
2024-01-16 02:33:22,61.7,97.4,1,1,14.5,supine
2024-01-16 02:33:24,60.6,97.3,0.966,1,14.1,supine
2024-01-16 02:33:26,61.7,98.1,1,1,13,supine
2024-01-16 02:33:28,61.4,97.4,0.987,0.981,14.4,supine
2024-01-16 02:33:30,64.1,97.3,0.995,1,14.1,supine
2024-01-16 02:33:32,62.3,97.2,0.979,0.985,12.9,supine
2024-01-16 02:33:34,62.8,97.5,0.983,0.995,14,supine
2024-01-16 02:33:36,62.1,96.8,0.996,0.991,14.1,supine
2024-01-16 02:33:38,60.3,97.5,1,1,13.3,supine
2024-01-16 02:33:40,64.1,97.5,0.977,0.992,14,supine
2024-01-16 02:33:42,62.3,97.4,0.939,1,14.3,supine
2024-01-16 02:33:44,61.2,97.2,0.972,0.998,14.7,supine
2024-01-16 02:33:46,62.2,97.8,1,1,14.6,supine
2024-01-16 02:33:48,62.7,98.1,1,0.913,14.3,supine
2024-01-16 02:33:50,63.4,97.9,0.958,0.956,14.8,supine
2024-01-16 02:33:52,61.8,97.5,0.995,1,14,supine
2024-01-16 02:33:54,62.7,97.5,0.974,0.973,12.4,supine
2024-01-16 02:33:56,60.5,97.5,1,0.997,13.4,supine
2024-01-16 02:33:58,62.6,97.7,0.991,0.985,14,supine
2024-01-16 02:34:00,60.7,97.5,1,1,14.6,supine
2024-01-16 02:34:02,62.4,97.4,1,1,14.7,supine
2024-01-16 02:34:04,65.2,98.1,1,0.992,14,supine
2024-01-16 02:34:06,64.7,97.7,0.99,0.975,13.8,supine
2024-01-16 02:34:08,59.6,97.6,0.97,0.993,14.1,supine
2024-01-16 02:34:10,63.8,97.4,0.962,0.983,14.1,supine
2024-01-16 02:34:12,60.8,97.6,0.958,0.999,14.1,supine
2024-01-16 02:34:14,60.2,97.2,0.968,1,14.3,supine
2024-01-16 02:34:16,63.1,97.6,0.993,1,14.1,supine
2024-01-16 02:34:18,62,97.4,0.971,1,14.1,supine
2024-01-16 02:34:20,64.5,97.3,1,1,14.4,supine
2024-01-16 02:34:22,62.8,97.1,0.99,0.984,14.5,supine
2024-01-16 02:34:24,61.7,97,0.935,0.991,13.6,supine
2024-01-16 02:34:26,62.5,97.5,0.953,0.978,14.1,supine
2024-01-16 02:34:28,62.7,97.7,1,0.978,14.3,supine
2024-01-16 02:34:30,62.3,98.6,1,0.997,14.3,supine
2024-01-16 02:34:32,62.3,97.9,0.988,1,14.1,supine
2024-01-16 02:34:34,60.1,97.9,0.999,0.997,14.2,supine
2024-01-16 02:34:36,58.7,97.9,1,0.974,13.9,supine
2024-01-16 02:34:38,63.2,97.4,0.952,1,14,supine
2024-01-16 02:34:40,62.5,97.6,0.971,0.995,13.6,supine
2024-01-16 02:34:42,60.5,97.6,0.993,1,13.7,supine
2024-01-16 02:34:44,62.2,97.6,1,1,13.8,supine
2024-01-16 02:34:46,62.6,97.8,1,0.979,14.5,supine
2024-01-16 02:34:48,62.2,97.5,1,0.968,14.2,supine
2024-01-16 02:34:50,63.5,97.5,0.989,1,14.1,supine
2024-01-16 02:34:52,60,97.9,0.958,0.99,12.8,supine
2024-01-16 02:34:54,61.5,97.3,1,1,13.6,supine
2024-01-16 02:34:56,61.9,98,0.973,0.97,13.8,supine
2024-01-16 02:34:58,60.1,97.5,1,1,14.3,supine
2024-01-16 02:35:00,61,97.9,0.998,1,14.4,supine
2024-01-16 02:35:02,64.2,97.5,1,0.989,14.3,supine
2024-01-16 02:35:04,59.6,97.3,0.984,1,13.6,supine
2024-01-16 02:35:06,61.9,97.7,1,1,14,supine
2024-01-16 02:35:08,63,97.7,1,0.989,13.5,supine
2024-01-16 02:35:10,62.2,97,0.98,1,14,supine
2024-01-16 02:35:12,64.6,97.4,1,0.995,14,supine
2024-01-16 02:35:14,61.6,97.1,0.992,1,14.4,supine
2024-01-16 02:35:16,62.1,97.6,1,1,13.5,supine
2024-01-16 02:35:18,60.8,97.2,1,0.986,13.9,supine
2024-01-16 02:35:20,60.3,97.5,1,1,13.5,supine
2024-01-16 02:35:22,61.2,97.1,0.946,0.994,13.7,supine
2024-01-16 02:35:24,62.7,97.1,0.971,0.971,13.5,supine
2024-01-16 02:35:26,64,97.2,1,1,13.5,supine
2024-01-16 02:35:28,59.8,97.5,0.945,0.998,14.2,supine
2024-01-16 02:35:30,60.9,97.9,1,0.997,13.4,supine
2024-01-16 02:35:32,63.4,97.7,1,1,13.9,supine
2024-01-16 02:35:34,63.7,97.5,0.939,1,13.8,supine
2024-01-16 02:35:36,63.4,97.4,0.983,1,13.3,supine
2024-01-16 02:35:38,59,97.2,0.979,1,14.2,supine
2024-01-16 02:35:40,62.1,97.1,1,1,14.5,supine
2024-01-16 02:35:42,60.7,97,0.986,1,13.9,supine
2024-01-16 02:35:44,60.2,97.8,0.999,1,14.1,supine
2024-01-16 02:35:46,63.2,97.1,1,0.954,14.4,supine
2024-01-16 02:35:48,65,97.8,1,0.976,13.4,supine
2024-01-16 02:35:50,63,97.3,0.995,1,13.6,supine
2024-01-16 02:35:52,65.2,97.4,1,0.932,13.2,supine
2024-01-16 02:35:54,63.5,97.5,0.972,0.999,13.9,supine
2024-01-16 02:35:56,61.1,97.4,0.961,0.99,14.6,supine
2024-01-16 02:35:58,63.5,97.6,1,1,12.8,supine
2024-01-16 02:36:00,63.6,98.1,0.967,1,14.4,supine
2024-01-16 02:36:02,60.6,97.7,1,0.933,14.6,supine
2024-01-16 02:36:04,59.8,97.5,1,1,14.1,supine
2024-01-16 02:36:06,62.7,98,0.972,1,14.2,supine
2024-01-16 02:36:08,62.4,97.9,0.992,1,13.7,supine
2024-01-16 02:36:10,61.7,98.1,0.973,1,13.8,supine
2024-01-16 02:36:12,61.7,97.6,1,0.983,14.8,supine
2024-01-16 02:36:14,63.7,97.5,0.997,1,15.1,supine
2024-01-16 02:36:16,63.2,97.9,1,0.993,13.6,supine
2024-01-16 02:36:18,62.8,97.4,0.968,0.99,14.1,supine
2024-01-16 02:36:20,60.1,98.3,1,1,13.8,supine
2024-01-16 02:36:22,60.6,97.8,0.975,1,14.4,supine
2024-01-16 02:36:24,63.2,97.8,1,0.984,14.2,supine
2024-01-16 02:36:26,60.8,97.3,0.997,0.981,14.6,supine
2024-01-16 02:36:28,61.3,97.7,1,1,14.6,supine
2024-01-16 02:36:30,61.6,97.5,0.98,1,13.4,supine
2024-01-16 02:36:32,64,97.2,0.993,1,14.2,supine
2024-01-16 02:36:34,63.9,97.5,0.985,0.981,13.9,supine
2024-01-16 02:36:36,61.9,97.2,0.999,1,14.6,supine
2024-01-16 02:36:38,64.3,97.4,1,1,13.9,supine
2024-01-16 02:36:40,62,97.6,1,1,14.3,supine
2024-01-16 02:36:42,59.6,97.9,1,1,14.5,supine
2024-01-16 02:36:44,61.8,97.2,1,1,14.1,supine
2024-01-16 02:36:46,60.8,97.9,1,1,13.6,supine
2024-01-16 02:36:48,63,97.2,1,1,14.6,supine
2024-01-16 02:36:50,63.6,97.7,0.929,0.978,14,supine
2024-01-16 02:36:52,60.1,97.6,0.986,1,14.4,supine
2024-01-16 02:36:54,61,97.7,0.972,0.983,13.8,supine
2024-01-16 02:36:56,59.4,97.2,0.991,1,13.9,supine
2024-01-16 02:36:58,61.5,97.6,0.939,0.975,14.1,supine
2024-01-16 02:37:00,61.8,97.5,1,1,13.9,supine
2024-01-16 02:37:02,61.7,97.4,0.951,0.973,14.6,supine
2024-01-16 02:37:04,62.2,97.2,1,1,14.2,supine
2024-01-16 02:37:06,63.2,97.5,0.978,1,14,supine
2024-01-16 02:37:08,61.1,97.4,1,1,14,supine
2024-01-16 02:37:10,62.8,96.6,0.984,0.952,14.1,supine
2024-01-16 02:37:12,62.2,97.8,1,1,14.5,supine
2024-01-16 02:37:14,65.1,97.7,1,0.963,14.3,supine
2024-01-16 02:37:16,64.8,97.4,0.969,0.971,14.7,supine
2024-01-16 02:37:18,63.1,97.1,1,0.986,14.4,supine
2024-01-16 02:37:20,60.7,97.7,1,0.953,13.9,supine
2024-01-16 02:37:22,64.6,96.9,1,1,13.9,supine
2024-01-16 02:37:24,60,97.2,1,0.993,14.4,supine
2024-01-16 02:37:26,63.8,97,0.963,1,14.8,supine
2024-01-16 02:37:28,61.9,97.5,1,1,14.1,supine
2024-01-16 02:37:30,62.4,98,0.958,0.967,13.3,supine
2024-01-16 02:37:32,62.4,97.4,1,1,13.6,supine
2024-01-16 02:37:34,60.7,97.5,0.948,0.928,14.4,supine
2024-01-16 02:37:36,61.4,97.2,0.984,1,13.6,supine
2024-01-16 02:37:38,61.8,96.9,0.998,0.973,14.3,supine
2024-01-16 02:37:40,62.8,97.9,0.988,1,14.1,supine
2024-01-16 02:37:42,62.7,97.4,0.984,0.976,13.4,supine
2024-01-16 02:37:44,62.1,97.5,1,0.977,14,supine
2024-01-16 02:37:46,65.6,97.6,1,0.991,13.9,supine
2024-01-16 02:37:48,60.5,96.9,0.992,0.971,14.1,supine
2024-01-16 02:37:50,62.4,97.9,1,1,14.4,supine
2024-01-16 02:37:52,63,97.5,0.996,1,14.1,supine
2024-01-16 02:37:54,62,97.2,0.968,1,14.6,supine
2024-01-16 02:37:56,62.6,97.3,0.977,0.949,13.6,supine
2024-01-16 02:37:58,63.5,97.1,1,1,14.5,supine
2024-01-16 02:38:00,63.5,97.9,0.993,0.955,14.1,supine
2024-01-16 02:38:02,61.2,97.7,1,0.989,14,supine
2024-01-16 02:38:04,61.8,97.2,0.951,0.988,14.2,supine
2024-01-16 02:38:06,63.8,97.8,0.978,0.958,14.1,supine
2024-01-16 02:38:08,60.8,97.7,1,0.995,14.6,supine
2024-01-16 02:38:10,61.3,97.3,1,0.991,14.6,supine
2024-01-16 02:38:12,62.7,97.4,1,1,14,supine
2024-01-16 02:38:14,63.9,97.3,0.974,0.94,14.2,supine
2024-01-16 02:38:16,64.3,97.4,0.989,0.944,13.7,supine
2024-01-16 02:38:18,62.1,98.2,0.946,1,14.6,supine
2024-01-16 02:38:20,62.4,97,0.962,1,14.2,supine
2024-01-16 02:38:22,62.2,97.5,0.995,1,14.5,supine
2024-01-16 02:38:24,62.5,97.7,1,0.941,14.3,supine
2024-01-16 02:38:26,59.2,97.1,0.983,0.986,14.3,supine
2024-01-16 02:38:28,61.2,98.1,0.996,0.985,14,supine
2024-01-16 02:38:30,63.9,97.7,1,1,14.2,supine
2024-01-16 02:38:32,63.3,97.4,1,0.963,15.3,supine
2024-01-16 02:38:34,66,97.7,0.984,1,14.8,supine
2024-01-16 02:38:36,64.6,97.9,0.963,0.97,14.1,supine
2024-01-16 02:38:38,59.5,97.5,0.995,0.986,13.6,supine
2024-01-16 02:38:40,62.5,97.4,1,0.963,14.1,supine
2024-01-16 02:38:42,60.6,97.6,0.945,0.973,14.2,supine
2024-01-16 02:38:44,62.5,97.8,0.969,0.964,13.9,supine
2024-01-16 02:38:46,63.6,98,0.996,0.975,14.9,supine
2024-01-16 02:38:48,60,97.7,0.932,0.982,13.4,supine
2024-01-16 02:38:50,62,97.3,1,0.976,13.8,supine
2024-01-16 02:38:52,62.7,97.3,1,1,14.6,supine
2024-01-16 02:38:54,61.8,97.5,1,0.963,13.6,supine
2024-01-16 02:38:56,61.4,97.3,1,1,14,supine
2024-01-16 02:38:58,62.9,97.7,1,1,13.9,supine
2024-01-16 02:39:00,62.1,97.5,0.986,0.954,13.4,supine
2024-01-16 02:39:02,61.8,97,0.968,0.988,13.4,supine
2024-01-16 02:39:04,61.1,97.5,0.998,1,13.5,supine
2024-01-16 02:39:06,62.5,97.9,1,1,14.1,supine
2024-01-16 02:39:08,61.1,97.9,0.997,1,13.9,supine
2024-01-16 02:39:10,63.2,97.4,0.957,1,14.3,supine
2024-01-16 02:39:12,60.6,97.8,1,1,14.4,supine
2024-01-16 02:39:14,59.5,97.4,0.976,1,13.9,supine
2024-01-16 02:39:16,60.1,97.6,0.982,1,14.5,supine
2024-01-16 02:39:18,59.7,97.8,1,1,13.2,supine
2024-01-16 02:39:20,61.9,97.4,0.956,0.981,12.5,supine
2024-01-16 02:39:22,62.3,97.6,0.992,1,13.8,supine
2024-01-16 02:39:24,60.6,97.5,0.989,0.946,14.3,supine
2024-01-16 02:39:26,63,97.6,1,0.99,13.6,supine
2024-01-16 02:39:28,61.1,97.8,1,1,13.2,supine
2024-01-16 02:39:30,60.5,97.9,1,0.981,14.1,supine
2024-01-16 02:39:32,61.1,97.7,1,1,13.8,supine
2024-01-16 02:39:34,63,97.4,1,1,13.4,supine
2024-01-16 02:39:36,61.7,97.7,1,0.986,13.5,supine
2024-01-16 02:39:38,61.1,98,1,1,14.8,supine
2024-01-16 02:39:40,62.4,97.3,1,0.956,14,supine
2024-01-16 02:39:42,61.6,97.5,0.961,0.997,13.3,supine
2024-01-16 02:39:44,61.4,97.7,1,1,13.1,supine
2024-01-16 02:39:46,60.7,97.3,1,0.993,14.4,supine
2024-01-16 02:39:48,63.3,97.5,0.984,0.961,14.2,supine
2024-01-16 02:39:50,60.7,97.7,0.997,0.991,14.4,supine
2024-01-16 02:39:52,61.2,98.1,0.987,1,15.2,supine
2024-01-16 02:39:54,60.5,97.7,1,1,13.8,supine
2024-01-16 02:39:56,64,97.6,0.997,1,14.5,supine
2024-01-16 02:39:58,63.2,97.5,0.989,0.978,14.2,supine
2024-01-16 02:40:00,62.3,97.4,0.049,0.042,0,supine
2024-01-16 02:40:02,61.1,97.4,0.041,0.043,0,supine
2024-01-16 02:40:04,63.1,97.5,0.01,0.023,0,supine
2024-01-16 02:40:06,66.6,97.4,0.043,0.054,0,supine
2024-01-16 02:40:08,62.2,97.3,0.05,0.039,0,supine
2024-01-16 02:40:10,63.4,97.5,0.029,0.051,0,supine
2024-01-16 02:40:12,62.2,97.3,0.049,0.028,0,supine
2024-01-16 02:40:14,61.2,97,0.034,0.017,0,supine
2024-01-16 02:40:16,62.7,95.7,1,1,13.7,supine
2024-01-16 02:40:18,61.8,94.9,1,0.996,13.9,supine
2024-01-16 02:40:20,63.6,95.5,0.96,0.966,13.6,supine
2024-01-16 02:40:22,63.3,94.7,1,1,13.5,supine
2024-01-16 02:40:24,63.6,94,1,1,14.2,supine
2024-01-16 02:40:26,62.2,92.9,1,0.958,14,supine
2024-01-16 02:40:28,61.1,97.5,0.961,0.942,13.4,supine
2024-01-16 02:40:30,59.6,97.6,0.945,0.972,14.4,supine
2024-01-16 02:40:32,62.6,97.6,1,0.993,14.4,supine
2024-01-16 02:40:34,64,97.7,0.984,1,13.8,supine
2024-01-16 02:40:36,58.8,97.2,0.996,1,13.6,supine
2024-01-16 02:40:38,63.1,97.4,0.97,0.991,13.2,supine
2024-01-16 02:40:40,59.4,97.6,0.991,0.981,13.3,supine
2024-01-16 02:40:42,60.2,97.6,0.983,0.961,14.7,supine
2024-01-16 02:40:44,62,97.1,1,0.962,13.8,supine
2024-01-16 02:40:46,65.9,97.8,0.927,0.969,15.5,supine
2024-01-16 02:40:48,63.9,97.6,1,0.996,13.4,supine
2024-01-16 02:40:50,61.2,97.5,0.965,1,13.4,supine
2024-01-16 02:40:52,60.6,97.6,0.978,1,14,supine
2024-01-16 02:40:54,61.7,97.7,0.995,1,14.5,supine
2024-01-16 02:40:56,64.8,97.7,0.958,1,14,supine
2024-01-16 02:40:58,62.7,97.8,0.988,1,15.4,supine
2024-01-16 02:41:00,62.9,97.1,1,0.986,14.2,supine
2024-01-16 02:41:02,61.5,98.2,1,0.99,15.1,supine
2024-01-16 02:41:04,63.7,97.8,0.975,1,14.1,supine
2024-01-16 02:41:06,61.6,97.3,1,0.982,13.6,supine
2024-01-16 02:41:08,61.7,97.4,1,1,13.7,supine
2024-01-16 02:41:10,61.3,97.4,0.988,0.98,14.1,supine
2024-01-16 02:41:12,64,97.1,1,0.99,14.2,supine
2024-01-16 02:41:14,62.2,97.5,0.967,1,14.4,supine
2024-01-16 02:41:16,61.5,97.6,1,0.985,14.5,supine
2024-01-16 02:41:18,60.8,97.4,0.986,0.958,14.2,supine
2024-01-16 02:41:20,61.4,97.7,0.991,0.995,14.2,supine
2024-01-16 02:41:22,62.2,97.5,1,1,13.7,supine
2024-01-16 02:41:24,61.4,97.4,0.998,0.993,14.5,supine
2024-01-16 02:41:26,63.8,97.5,0.936,1,14.3,supine
2024-01-16 02:41:28,61,98.1,0.978,1,14.4,supine
2024-01-16 02:41:30,64.6,97.6,1,1,14.5,supine
2024-01-16 02:41:32,62.8,97.4,1,1,14.9,supine
2024-01-16 02:41:34,64.2,97.3,0.954,1,14.4,supine
2024-01-16 02:41:36,62.9,97.6,1,0.994,14.1,supine
2024-01-16 02:41:38,60.4,97,0.999,0.997,14.4,supine
2024-01-16 02:41:40,62.2,97.7,1,0.958,13.6,supine
2024-01-16 02:41:42,61.2,97.1,0.983,1,14.3,supine
2024-01-16 02:41:44,59.2,97.5,1,1,14,supine
2024-01-16 02:41:46,61.3,97.2,0.99,1,15.1,supine
2024-01-16 02:41:48,64.2,97.4,0.993,1,15,supine
2024-01-16 02:41:50,61.1,97.4,0.992,1,12.6,supine
2024-01-16 02:41:52,63,98,1,1,14.2,supine
2024-01-16 02:41:54,63,97.2,0.98,0.998,14.7,supine
2024-01-16 02:41:56,65.5,97.5,0.998,1,14.5,supine
2024-01-16 02:41:58,61.8,97.8,0.989,0.986,14.6,supine
2024-01-16 02:42:00,60.9,97.6,1,1,13.6,supine
2024-01-16 02:42:02,64.1,97,1,1,14.1,supine
2024-01-16 02:42:04,62.8,97.8,0.981,0.955,13.5,supine
2024-01-16 02:42:06,58.5,97.3,0.972,1,14.1,supine
2024-01-16 02:42:08,62.1,97.4,1,0.962,14.5,supine
2024-01-16 02:42:10,60.8,97.6,0.947,1,13.9,supine
2024-01-16 02:42:12,62.7,97.4,0.991,0.979,13.5,supine
2024-01-16 02:42:14,63.5,97.2,0.98,1,14.4,supine
2024-01-16 02:42:16,61.7,97.8,0.997,1,13.2,supine
2024-01-16 02:42:18,60.8,97.9,0.99,0.989,13.1,supine
2024-01-16 02:42:20,58.9,97.4,0.994,0.992,14.1,supine
2024-01-16 02:42:22,61.2,97.2,0.999,1,13.8,supine
2024-01-16 02:42:24,62.2,97.8,1,1,13.7,supine
2024-01-16 02:42:26,62,97.5,1,0.989,14.5,supine
2024-01-16 02:42:28,59.1,97.9,1,1,14.3,supine
2024-01-16 02:42:30,60.5,97.8,0.978,0.983,13.6,supine
2024-01-16 02:42:32,63.4,97.3,1,1,13.9,supine
2024-01-16 02:42:34,63.1,97.6,1,1,14.1,supine
2024-01-16 02:42:36,61.2,98.1,1,0.948,14.6,supine
2024-01-16 02:42:38,59.7,97.5,1,0.942,14.5,supine
2024-01-16 02:42:40,61.7,97,1,1,13.6,supine
2024-01-16 02:42:42,60.8,97.3,0.96,0.967,15,supine
2024-01-16 02:42:44,62.1,97.6,1,0.948,14.2,supine
2024-01-16 02:42:46,61.5,97.2,0.981,1,13.9,supine
2024-01-16 02:42:48,61.7,97.5,0.946,1,15.1,supine
2024-01-16 02:42:50,61.7,97.4,0.991,0.994,14.5,supine
2024-01-16 02:42:52,62.3,97.6,0.994,0.982,13.8,supine
2024-01-16 02:42:54,62,97.5,0.975,0.986,13.4,supine
2024-01-16 02:42:56,61.4,97.6,0.968,0.984,13.1,supine
2024-01-16 02:42:58,64.1,97.6,0.983,1,13.4,supine
2024-01-16 02:43:00,63.2,98.2,1,1,14.4,supine
2024-01-16 02:43:02,62.8,97.4,1,0.999,15,supine
2024-01-16 02:43:04,59.6,97.5,1,0.998,14.6,supine
2024-01-16 02:43:06,61.7,97.4,1,0.99,13.1,supine
2024-01-16 02:43:08,63.4,97.1,1,1,14.6,supine
2024-01-16 02:43:10,62.6,96.9,1,1,14.4,supine
2024-01-16 02:43:12,62.7,97.6,1,0.936,13.9,supine
2024-01-16 02:43:14,62.5,97.4,1,0.994,13.8,supine
2024-01-16 02:43:16,62.4,97.8,0.979,0.982,13.8,supine
2024-01-16 02:43:18,61.1,97.7,0.985,1,14.7,supine
2024-01-16 02:43:20,60.4,98.2,0.977,1,13.6,supine
2024-01-16 02:43:22,61.9,98.1,0.994,0.964,14,supine
2024-01-16 02:43:24,60.7,97.3,0.968,1,13.6,supine
2024-01-16 02:43:26,59.7,98.1,0.952,0.988,13.6,supine
2024-01-16 02:43:28,65.1,97.7,1,0.977,14,supine
2024-01-16 02:43:30,60.9,97.3,1,0.999,13.4,supine
2024-01-16 02:43:32,62.9,96.9,1,0.969,14,supine
2024-01-16 02:43:34,61.8,97.7,0.983,1,14.5,supine
2024-01-16 02:43:36,58.9,97.5,1,0.98,13.7,supine
2024-01-16 02:43:38,62.2,97.6,1,0.993,13.8,supine
2024-01-16 02:43:40,60.6,97.3,0.976,0.994,12.9,supine
2024-01-16 02:43:42,61.1,97.4,0.956,1,14.1,supine
2024-01-16 02:43:44,63.5,98.1,0.958,0.935,14.4,supine
2024-01-16 02:43:46,60.5,98.1,1,1,14,supine
2024-01-16 02:43:48,61.4,97.3,0.968,0.958,13.5,supine
2024-01-16 02:43:50,61,97.1,0.96,0.992,14.3,supine
2024-01-16 02:43:52,62.5,97.6,1,1,14.5,supine
2024-01-16 02:43:54,60.1,97.6,1,0.985,14.5,supine
2024-01-16 02:43:56,57.8,97.9,1,0.99,14.1,supine
2024-01-16 02:43:58,63.4,97.9,1,0.997,13.6,supine
2024-01-16 02:44:00,63.9,97.7,0.979,0.947,13.9,supine
2024-01-16 02:44:02,62.1,98,0.93,1,13.6,supine
2024-01-16 02:44:04,66.8,97.2,0.989,1,14.6,supine
2024-01-16 02:44:06,63.1,97.6,0.996,0.955,14.1,supine
2024-01-16 02:44:08,62.2,97.7,1,0.996,14.4,supine
2024-01-16 02:44:10,63.2,97.3,0.984,0.954,13.7,supine
2024-01-16 02:44:12,60.3,97.5,1,0.948,12.9,supine
2024-01-16 02:44:14,60.7,97.5,0.995,1,13.6,supine
2024-01-16 02:44:16,60.7,97.6,0.982,0.95,13.6,supine
2024-01-16 02:44:18,63.1,97.3,0.982,0.961,13.3,supine
2024-01-16 02:44:20,61.4,97.4,0.981,1,14,supine
2024-01-16 02:44:22,63,97.6,0.999,0.999,14.4,supine
2024-01-16 02:44:24,62.4,97.4,0.963,0.965,14.8,supine
2024-01-16 02:44:26,62.9,97.2,1,1,14.1,supine
2024-01-16 02:44:28,63,97.5,1,1,13.7,supine
2024-01-16 02:44:30,63.1,97.2,0.998,1,14,supine
2024-01-16 02:44:32,59.7,97.7,1,0.968,14.5,supine
2024-01-16 02:44:34,59.7,97.4,0.998,0.995,13.7,supine
2024-01-16 02:44:36,61.5,98.1,1,1,14.8,supine
2024-01-16 02:44:38,62.5,97.4,1,0.978,13.8,supine
2024-01-16 02:44:40,65.2,97.6,1,0.967,13.6,supine
2024-01-16 02:44:42,64.2,97.1,1,1,14.4,supine
2024-01-16 02:44:44,61,97.1,1,1,13.1,supine
2024-01-16 02:44:46,62.8,97.5,0.998,0.984,12.8,supine
2024-01-16 02:44:48,62.4,97.5,1,0.976,14.3,supine
2024-01-16 02:44:50,60.8,97.5,0.999,1,14,supine
2024-01-16 02:44:52,61.7,97.9,0.996,0.956,14.1,supine
2024-01-16 02:44:54,62.4,97.6,1,0.994,13.9,supine
2024-01-16 02:44:56,59.9,97.2,1,0.998,13.3,supine
2024-01-16 02:44:58,62.2,97.5,1,0.986,13.8,supine
2024-01-16 02:45:00,62.6,97.2,0.977,0.954,14.7,supine
2024-01-16 02:45:02,63.2,97.2,0.969,1,13.7,supine
2024-01-16 02:45:04,63.1,97.8,1,1,14.1,supine
2024-01-16 02:45:06,63.3,97.5,1,1,14.1,supine
2024-01-16 02:45:08,60.3,97.9,0.99,0.998,14.6,supine
2024-01-16 02:45:10,61.6,97.5,1,1,13.8,supine
2024-01-16 02:45:12,59.4,97.6,0.934,1,13.9,supine
2024-01-16 02:45:14,62.2,97.5,1,0.998,14.4,supine
2024-01-16 02:45:16,62.7,97.4,0.966,0.944,14.3,supine
2024-01-16 02:45:18,66,97.5,1,1,13.7,supine
2024-01-16 02:45:20,61.3,97.5,1,1,13.3,supine
2024-01-16 02:45:22,63.9,98,1,0.952,14.6,supine
2024-01-16 02:45:24,60.9,97,0.986,1,13.3,supine
2024-01-16 02:45:26,59.9,97.6,0.973,0.982,14.3,supine
2024-01-16 02:45:28,64.7,97.4,1,1,14.4,supine
2024-01-16 02:45:30,63,97.7,0.99,1,14.7,supine
2024-01-16 02:45:32,64.6,97.4,1,1,14,supine
2024-01-16 02:45:34,62.7,97.1,1,1,14.3,supine
2024-01-16 02:45:36,60.7,97.8,1,0.989,12.9,supine
2024-01-16 02:45:38,60.5,97.2,1,0.974,14.6,supine
2024-01-16 02:45:40,57.4,97.7,0.97,1,13.9,supine
2024-01-16 02:45:42,61,97.4,0.976,1,14.4,supine
2024-01-16 02:45:44,62.6,97.7,1,1,13.3,supine
2024-01-16 02:45:46,60.4,97.4,1,1,14,supine
2024-01-16 02:45:48,65.2,97.7,0.96,0.968,14.7,supine
2024-01-16 02:45:50,63.2,97.7,0.983,1,14.1,supine
2024-01-16 02:45:52,61.2,97.6,1,1,13.9,supine
2024-01-16 02:45:54,59.7,97.9,0.994,1,13.6,supine
2024-01-16 02:45:56,59.3,97.5,0.991,0.96,14.4,supine
2024-01-16 02:45:58,63,97.9,1,1,13.4,supine
2024-01-16 02:46:00,62.1,97.7,1,1,14.3,supine
2024-01-16 02:46:02,59.2,97.4,0.973,0.983,13.9,supine
2024-01-16 02:46:04,61,97.5,1,1,14.3,supine
2024-01-16 02:46:06,62.9,97.3,0.941,1,14.1,supine
2024-01-16 02:46:08,61.1,97.6,0.973,1,13.9,supine
2024-01-16 02:46:10,61.6,97.7,1,1,13.3,supine
2024-01-16 02:46:12,62.1,97.3,0.967,1,13.6,supine
2024-01-16 02:46:14,62.2,97.3,0.951,0.998,14.5,supine
2024-01-16 02:46:16,64.5,97.5,1,0.933,14.4,supine
2024-01-16 02:46:18,59.2,97.4,1,0.961,13.4,supine
2024-01-16 02:46:20,62.1,97.7,1,1,14.5,supine
2024-01-16 02:46:22,57.5,97.3,1,0.984,14.1,supine
2024-01-16 02:46:24,63.1,96.6,0.945,1,12.5,supine
2024-01-16 02:46:26,61.1,97.8,1,0.985,13.9,supine
2024-01-16 02:46:28,60.9,98.1,0.99,1,13.1,supine
2024-01-16 02:46:30,60.6,97.4,0.989,1,13.7,supine
2024-01-16 02:46:32,59.6,97.5,0.994,0.994,14.1,supine
2024-01-16 02:46:34,62.1,97.3,0.989,1,13.4,supine
2024-01-16 02:46:36,62.3,97.6,0.995,0.983,14.2,supine
2024-01-16 02:46:38,64.1,97.7,0.997,0.994,14.5,supine
2024-01-16 02:46:40,60.7,97.2,1,1,13.9,supine
2024-01-16 02:46:42,64.7,97.8,1,1,13.5,supine
2024-01-16 02:46:44,63.4,97.4,0.965,0.99,13.9,supine
2024-01-16 02:46:46,63,97.8,1,0.996,14.1,supine
2024-01-16 02:46:48,61.3,97.6,0.967,1,14.3,supine
2024-01-16 02:46:50,62.1,97.7,1,0.996,14.6,supine
2024-01-16 02:46:52,60.4,98.3,1,0.988,13.8,supine
2024-01-16 02:46:54,65.7,97.5,0.995,1,13.9,supine
2024-01-16 02:46:56,62.5,97.7,1,1,14.1,supine
2024-01-16 02:46:58,59.2,97.9,1,0.952,13.1,supine
2024-01-16 02:47:00,64.2,97.4,0.945,0.996,13.7,supine
2024-01-16 02:47:02,62.9,97.8,1,1,13.6,supine
2024-01-16 02:47:04,61.1,97.2,0.961,1,14.2,supine
2024-01-16 02:47:06,61.1,97.2,0.981,0.998,14.1,supine
2024-01-16 02:47:08,62.7,97.7,0.992,1,13.8,supine
2024-01-16 02:47:10,60.9,97.5,0.994,1,14,supine
2024-01-16 02:47:12,63.7,97.9,1,1,14.5,supine
2024-01-16 02:47:14,58.7,96.9,1,0.994,14.3,supine
2024-01-16 02:47:16,61.2,97.4,0.989,1,12.5,supine
2024-01-16 02:47:18,64.5,97.7,1,1,14.9,supine
2024-01-16 02:47:20,61.6,97.2,0.999,0.999,14.8,supine
2024-01-16 02:47:22,59.7,97.6,1,0.965,13.2,supine
2024-01-16 02:47:24,63.9,97.3,0.942,1,13.8,supine
2024-01-16 02:47:26,62,98,0.973,1,14.3,supine
2024-01-16 02:47:28,60,98.2,0.974,0.949,13.7,supine
2024-01-16 02:47:30,62.6,97.6,0.975,1,14.2,supine
2024-01-16 02:47:32,64,97.5,0.991,1,14.7,supine
2024-01-16 02:47:34,62.7,96.8,0.92,0.972,14.2,supine
2024-01-16 02:47:36,65.1,97.6,0.97,0.972,14.2,supine
2024-01-16 02:47:38,62.3,97.8,1,1,14.8,supine
2024-01-16 02:47:40,64.2,97.3,0.975,0.955,14.9,supine
2024-01-16 02:47:42,64.3,97.5,1,1,14.3,supine
2024-01-16 02:47:44,62.7,97.6,0.973,1,14.4,supine
2024-01-16 02:47:46,64.6,97.1,1,1,14.5,supine
2024-01-16 02:47:48,62,97.4,1,0.991,14.8,supine
2024-01-16 02:47:50,64.7,97.3,0.989,1,13.8,supine
2024-01-16 02:47:52,65.7,97.6,1,0.993,13.7,supine
2024-01-16 02:47:54,61.7,97.8,1,1,13.9,supine
2024-01-16 02:47:56,61.5,97.3,1,0.994,14.1,supine
2024-01-16 02:47:58,64.1,97.6,1,0.983,14.3,supine
2024-01-16 02:48:00,59.5,97.7,1,1,14.2,supine
2024-01-16 02:48:02,61,96.9,1,0.958,14.1,supine
2024-01-16 02:48:04,63,97.5,1,0.983,13.6,supine
2024-01-16 02:48:06,63.4,97.2,0.959,0.983,13.5,supine
2024-01-16 02:48:08,61,97.6,0.976,1,13.6,supine
2024-01-16 02:48:10,65,97.6,0.986,1,13.7,supine
2024-01-16 02:48:12,64.7,97.6,1,1,14.4,supine
2024-01-16 02:48:14,60.7,97.6,0.97,1,14.9,supine
2024-01-16 02:48:16,63.1,97.4,1,0.975,15.2,supine
2024-01-16 02:48:18,60.6,97.9,1,0.995,13.8,supine
2024-01-16 02:48:20,61,97.6,1,1,13.8,supine
2024-01-16 02:48:22,60.6,97.6,1,0.968,14.4,supine
2024-01-16 02:48:24,62.8,97.8,1,1,13.2,supine
2024-01-16 02:48:26,59.8,97.9,0.964,0.993,13.7,supine
2024-01-16 02:48:28,60.2,97.2,1,1,14.3,supine
2024-01-16 02:48:30,61.1,97.8,1,1,14.5,supine
2024-01-16 02:48:32,63.2,97.8,0.991,0.978,14,supine
2024-01-16 02:48:34,61.5,97,0.997,0.959,13.3,supine
2024-01-16 02:48:36,63.4,97.5,1,0.961,13.9,supine
2024-01-16 02:48:38,62,98,1,0.992,14,supine
2024-01-16 02:48:40,63.8,97.7,0.996,1,14,supine
2024-01-16 02:48:42,61.3,97.8,0.958,1,14.5,supine
2024-01-16 02:48:44,60.9,97.8,0.972,0.991,14.2,supine
2024-01-16 02:48:46,62.8,97.2,1,0.991,14,supine
2024-01-16 02:48:48,62.4,97.8,1,1,13.7,supine
2024-01-16 02:48:50,62.4,97.7,0.976,1,13.5,supine
2024-01-16 02:48:52,64.3,97.4,0.992,0.982,14.3,supine
2024-01-16 02:48:54,63.5,98.1,1,1,14.1,supine
2024-01-16 02:48:56,63,97.4,0.979,0.96,14.7,supine
2024-01-16 02:48:58,61.9,97.4,0.965,1,13.7,supine
2024-01-16 02:49:00,61.9,97.9,0.979,0.947,13.6,supine
2024-01-16 02:49:02,60.9,97.2,1,1,14.4,supine
2024-01-16 02:49:04,61.3,97.5,0.988,1,14.2,supine
2024-01-16 02:49:06,58.4,98.1,1,0.992,14.7,supine
2024-01-16 02:49:08,65.3,98,1,0.96,13.3,supine
2024-01-16 02:49:10,61.7,98.3,1,0.978,14.6,supine
2024-01-16 02:49:12,61.4,97.3,0.995,0.959,14.1,supine
2024-01-16 02:49:14,61.9,97.3,1,0.964,13.5,supine
2024-01-16 02:49:16,64.5,97.4,1,1,14,supine
2024-01-16 02:49:18,63.1,97.2,0.974,0.998,14.3,supine
2024-01-16 02:49:20,64.9,97.8,0.989,1,13.6,supine
2024-01-16 02:49:22,61.5,97.7,0.978,0.977,14.7,supine
2024-01-16 02:49:24,62.1,96.5,0.99,1,14.3,supine
2024-01-16 02:49:26,60.8,97.3,1,0.977,13.7,supine
2024-01-16 02:49:28,60.6,97.2,0.995,0.966,14.3,supine
2024-01-16 02:49:30,62.5,97.2,1,1,13.6,supine
2024-01-16 02:49:32,61.8,97.1,1,1,13.6,supine
2024-01-16 02:49:34,61.8,96.8,0.943,1,13.6,supine
2024-01-16 02:49:36,61.4,97.5,1,0.994,13.7,supine
2024-01-16 02:49:38,61,97.4,0.994,0.978,14.6,supine
2024-01-16 02:49:40,65.5,97.6,1,0.986,13.6,supine
2024-01-16 02:49:42,61.5,97.1,0.963,0.97,14,supine
2024-01-16 02:49:44,61,97.6,1,0.991,13.3,supine
2024-01-16 02:49:46,58.4,97.9,0.965,1,14.8,supine
2024-01-16 02:49:48,63.2,96.9,0.96,0.96,13.9,supine
2024-01-16 02:49:50,60.8,97.5,1,1,14.3,supine
2024-01-16 02:49:52,63.4,98,1,1,14.2,supine
2024-01-16 02:49:54,60.8,98.2,1,1,14.2,supine
2024-01-16 02:49:56,61.4,97.4,1,1,15,supine
2024-01-16 02:49:58,64.2,97.6,0.976,0.975,13.9,supine
2024-01-16 02:50:00,62.2,98.1,1,0.948,13.4,supine
2024-01-16 02:50:02,65.7,97.2,0.964,0.986,14.2,supine
2024-01-16 02:50:04,63.1,97.9,0.977,0.919,13.7,supine
2024-01-16 02:50:06,60.8,97,0.985,1,14,supine
2024-01-16 02:50:08,64.4,97.5,0.957,0.991,14.8,supine
2024-01-16 02:50:10,64.9,97.3,0.989,1,14.6,supine
2024-01-16 02:50:12,62.4,97.2,1,0.998,14.7,supine
2024-01-16 02:50:14,61.6,97.6,0.936,1,13.5,supine
2024-01-16 02:50:16,62.1,97.8,0.993,1,14.2,supine
2024-01-16 02:50:18,62.7,97.4,1,1,13.5,supine
2024-01-16 02:50:20,62.4,97.6,0.984,0.98,13.7,supine
2024-01-16 02:50:22,61.9,98.1,0.98,1,13.7,supine
2024-01-16 02:50:24,65.1,97.7,1,0.987,13.7,supine
2024-01-16 02:50:26,63.7,97.4,1,1,13.2,supine
2024-01-16 02:50:28,62.3,97.7,1,0.976,14,supine
2024-01-16 02:50:30,62.7,97.4,0.988,0.995,14.4,supine
2024-01-16 02:50:32,62,97.6,0.997,0.983,14.1,supine
2024-01-16 02:50:34,60.2,97.3,1,1,12.9,supine
2024-01-16 02:50:36,63.4,97.2,1,0.961,14.6,supine
2024-01-16 02:50:38,61.8,97.4,1,0.975,14.1,supine
2024-01-16 02:50:40,64.3,97.3,1,0.986,13.2,supine
2024-01-16 02:50:42,62.2,97.9,1,1,14.4,supine
2024-01-16 02:50:44,64.7,97.4,0.934,0.937,13.6,supine
2024-01-16 02:50:46,62,97.6,0.999,1,14.6,supine
2024-01-16 02:50:48,62.2,97.6,0.991,1,14.2,supine
2024-01-16 02:50:50,60.6,97.4,1,1,12.9,supine
2024-01-16 02:50:52,64.2,97.4,1,1,13.9,supine
2024-01-16 02:50:54,61.8,97.9,0.931,0.961,13.9,supine
2024-01-16 02:50:56,60.5,97.3,1,0.993,14,supine
2024-01-16 02:50:58,62.2,97.6,1,1,14.1,supine
2024-01-16 02:51:00,63.9,98,1,1,13.5,supine
2024-01-16 02:51:02,60.7,97.4,0.983,1,13.7,supine
2024-01-16 02:51:04,63,97.4,0.944,1,13.9,supine
2024-01-16 02:51:06,63.1,97.2,0.969,1,13.4,supine
2024-01-16 02:51:08,63,97.2,0.954,1,14.2,supine
2024-01-16 02:51:10,60.6,97.4,1,0.979,14.1,supine
2024-01-16 02:51:12,64.2,97.4,0.957,1,14,supine
2024-01-16 02:51:14,62.2,97.5,1,1,14.1,supine
2024-01-16 02:51:16,58.5,97.6,1,1,13.5,supine
2024-01-16 02:51:18,62.5,97.4,0.978,0.998,13.6,supine
2024-01-16 02:51:20,60.3,97.7,0.963,0.997,13.4,supine
2024-01-16 02:51:22,63.1,97.9,1,0.995,14.4,supine
2024-01-16 02:51:24,64.1,97.5,0.995,0.962,15.1,supine
2024-01-16 02:51:26,63.3,97.5,0.969,0.97,14.3,supine
2024-01-16 02:51:28,61.1,96.9,0.959,1,14.2,supine
2024-01-16 02:51:30,63.1,97.8,1,1,14.1,supine
2024-01-16 02:51:32,61.9,97.8,1,0.955,14.6,supine
2024-01-16 02:51:34,62.7,97.3,1,1,14.5,supine
2024-01-16 02:51:36,63.8,97.6,1,1,13.9,supine
2024-01-16 02:51:38,62,97.6,1,0.975,13.6,supine
2024-01-16 02:51:40,61.9,97.1,0.998,0.964,14.1,supine
2024-01-16 02:51:42,61.9,97.4,1,1,13.1,supine
2024-01-16 02:51:44,59.8,97.3,0.958,0.975,13.9,supine
2024-01-16 02:51:46,61.8,97.5,0.984,0.956,13.2,supine
2024-01-16 02:51:48,61,97.6,0.998,1,14.1,supine
2024-01-16 02:51:50,60.7,97.9,0.995,1,15.1,supine
2024-01-16 02:51:52,64.4,97.7,0.972,0.999,14.3,supine
2024-01-16 02:51:54,62.1,97.7,0.994,0.959,13.5,supine
2024-01-16 02:51:56,57.6,96.6,0.95,1,13.8,supine
2024-01-16 02:51:58,63.2,97.6,1,0.986,14.5,supine
2024-01-16 02:52:00,63.4,97.5,1,1,14.3,supine
2024-01-16 02:52:02,62,97.9,0.993,0.945,15.1,supine
2024-01-16 02:52:04,65.2,96.8,0.993,0.958,13.9,supine
2024-01-16 02:52:06,59,96.9,1,0.999,14.3,supine
2024-01-16 02:52:08,64,97,0.985,0.972,13.9,supine
2024-01-16 02:52:10,62.3,97.4,0.966,1,14.3,supine
2024-01-16 02:52:12,60.9,96.9,1,0.991,14.1,supine
2024-01-16 02:52:14,62.3,97.6,0.994,0.96,15.2,supine
2024-01-16 02:52:16,60.4,97.8,0.957,0.979,13.6,supine
2024-01-16 02:52:18,63.8,97.4,1,1,13.9,supine
2024-01-16 02:52:20,62.9,97.4,1,0.999,13.5,supine
2024-01-16 02:52:22,57.6,97.2,1,1,14,supine
2024-01-16 02:52:24,60.7,97.2,0.986,1,13.4,supine
2024-01-16 02:52:26,66.9,97.4,0.981,1,14.5,supine
2024-01-16 02:52:28,66.1,96.9,0.984,1,13.6,supine
2024-01-16 02:52:30,61.1,97.6,0.961,1,13.9,supine
2024-01-16 02:52:32,64.7,97,1,0.998,14.5,supine
2024-01-16 02:52:34,61.1,97.9,0.987,1,13.4,supine
2024-01-16 02:52:36,59.9,97.8,1,0.975,13.8,supine
2024-01-16 02:52:38,64.3,97.4,0.965,1,13.6,supine
2024-01-16 02:52:40,61,98.1,0.973,0.986,13.9,supine
2024-01-16 02:52:42,62.6,97.5,1,0.985,14.2,supine
2024-01-16 02:52:44,62.3,97.5,1,1,14,supine
2024-01-16 02:52:46,63.5,97.8,1,1,13.9,supine
2024-01-16 02:52:48,60.5,97.7,0.993,1,14.8,supine
2024-01-16 02:52:50,61.6,97.3,0.934,1,14.2,supine
2024-01-16 02:52:52,62.2,97.6,1,1,14.2,supine
2024-01-16 02:52:54,62.4,98.1,0.963,0.989,12.8,supine
2024-01-16 02:52:56,63.3,97.7,1,0.942,14.3,supine
2024-01-16 02:52:58,61.5,97.3,0.992,0.974,14.3,supine
2024-01-16 02:53:00,64,97.4,0.969,0.993,13.7,supine
2024-01-16 02:53:02,62.6,97.9,1,0.951,14.6,supine
2024-01-16 02:53:04,62.6,97.4,0.974,1,13.6,supine
2024-01-16 02:53:06,62.2,97.1,0.991,1,14.8,supine
2024-01-16 02:53:08,60.6,97.3,0.965,0.993,14.4,supine
2024-01-16 02:53:10,60.1,98.5,1,0.971,13.3,supine
2024-01-16 02:53:12,62.9,97.2,0.983,1,14.2,supine
2024-01-16 02:53:14,61.6,97.6,0.971,1,13.3,supine
2024-01-16 02:53:16,62.6,97.5,0.987,1,14.5,supine
2024-01-16 02:53:18,62.3,97.9,1,1,14.3,supine
2024-01-16 02:53:20,61.7,97.7,0.991,0.99,13.7,supine
2024-01-16 02:53:22,65.4,97.4,0.955,0.991,14.3,supine
2024-01-16 02:53:24,65.7,97.7,0.972,1,15,supine
2024-01-16 02:53:26,61.9,97.7,1,1,14.2,supine
2024-01-16 02:53:28,60.8,97.6,0.973,0.963,14.5,supine
2024-01-16 02:53:30,61.2,97.2,0.971,1,13.4,supine
2024-01-16 02:53:32,60.1,97.6,1,1,13.9,supine
2024-01-16 02:53:34,61.5,97.6,1,0.992,14.5,supine
2024-01-16 02:53:36,63.4,97.5,1,0.975,14.8,supine
2024-01-16 02:53:38,61.4,97.9,1,0.977,14,supine
2024-01-16 02:53:40,61.5,97.6,1,1,13.5,supine
2024-01-16 02:53:42,60.7,97.7,1,0.951,12.9,supine
2024-01-16 02:53:44,59.3,97.3,1,1,13.9,supine
2024-01-16 02:53:46,61.5,97.3,0.949,1,14.2,supine
2024-01-16 02:53:48,63.1,97.5,1,1,13.8,supine
2024-01-16 02:53:50,63.7,97.8,0.98,0.979,14.6,supine
2024-01-16 02:53:52,63.6,97.6,0.981,0.96,14.1,supine
2024-01-16 02:53:54,61.2,97.8,0.998,1,13.1,supine
2024-01-16 02:53:56,63.8,97.6,1,0.998,13.9,supine
2024-01-16 02:53:58,63.3,97.5,1,0.95,14.1,supine
2024-01-16 02:54:00,60.7,97.5,0.992,1,14.2,supine
2024-01-16 02:54:02,63.9,97.7,0.971,1,13.8,supine
2024-01-16 02:54:04,62.2,97.6,1,1,14.4,supine
2024-01-16 02:54:06,61.5,97.7,1,0.983,13.6,supine
2024-01-16 02:54:08,60.8,97.3,0.977,0.976,13.9,supine
2024-01-16 02:54:10,62.4,97.6,1,1,14.8,supine
2024-01-16 02:54:12,60.8,97,0.989,0.987,13.6,supine
2024-01-16 02:54:14,61.9,97.8,1,1,14.3,supine
2024-01-16 02:54:16,64.3,98,0.98,0.972,14,supine
2024-01-16 02:54:18,65.2,97.4,1,0.966,13.4,supine
2024-01-16 02:54:20,63.6,97.4,0.994,0.994,13.5,supine
2024-01-16 02:54:22,60.7,97.1,0.975,0.991,14,supine
2024-01-16 02:54:24,61.9,96.8,0.986,0.961,14,supine
2024-01-16 02:54:26,63,98.1,0.941,1,14.3,supine
2024-01-16 02:54:28,60.5,97.4,0.999,0.961,14,supine
2024-01-16 02:54:30,61.8,97.5,1,0.999,13.9,supine
2024-01-16 02:54:32,60.6,97.2,1,1,14.2,supine
2024-01-16 02:54:34,65.4,97.3,0.939,0.997,14,supine
2024-01-16 02:54:36,61.3,96.8,1,1,13.9,supine
2024-01-16 02:54:38,61.2,97.1,0.954,1,14.6,supine
2024-01-16 02:54:40,60.9,97.4,0.963,0.99,14.6,supine
2024-01-16 02:54:42,62.5,97.8,1,0.962,14.7,supine
2024-01-16 02:54:44,61.1,97.5,0.963,1,14.2,supine
2024-01-16 02:54:46,64.1,97.6,1,1,13.9,supine
2024-01-16 02:54:48,61,97.3,1,0.984,13.9,supine
2024-01-16 02:54:50,62,97.5,1,0.966,14,supine
2024-01-16 02:54:52,59.8,97.7,0.986,1,13.5,supine
2024-01-16 02:54:54,61.9,97.7,1,0.966,13.6,supine
2024-01-16 02:54:56,63,97.2,0.992,0.983,14.1,supine
2024-01-16 02:54:58,61.9,97.5,1,0.981,14.1,supine
2024-01-16 02:55:00,58.8,97.1,1,0.962,14,supine
2024-01-16 02:55:02,63.5,97.9,0.988,1,13.7,supine
2024-01-16 02:55:04,60.9,98.2,0.935,0.981,14,supine
2024-01-16 02:55:06,64.7,97.3,1,1,13.8,supine
2024-01-16 02:55:08,63.7,97.8,1,1,14,supine
2024-01-16 02:55:10,60.8,97.3,1,1,14.4,supine
2024-01-16 02:55:12,61.6,97.6,0.982,1,14,supine
2024-01-16 02:55:14,58.2,97.6,0.977,0.984,14.3,supine
2024-01-16 02:55:16,62.8,97.6,1,0.933,14,supine
2024-01-16 02:55:18,60.8,97.5,1,0.986,14.4,supine
2024-01-16 02:55:20,58,97.6,0.981,1,14,supine
2024-01-16 02:55:22,63.4,97.3,0.885,1,13.2,supine
2024-01-16 02:55:24,65.2,97.7,0.969,0.961,14.1,supine
2024-01-16 02:55:26,62.2,97.9,1,1,13.8,supine
2024-01-16 02:55:28,62.4,97.8,0.993,1,13.9,supine
2024-01-16 02:55:30,63,97.3,1,0.961,14.5,supine
2024-01-16 02:55:32,64,97.5,0.984,0.988,14,supine
2024-01-16 02:55:34,62.2,97.4,1,0.953,13.6,supine
2024-01-16 02:55:36,62.7,97.9,1,0.963,14.1,supine
2024-01-16 02:55:38,58.4,97.3,0.996,0.955,13.4,supine
2024-01-16 02:55:40,61.8,97.1,0.952,0.967,13.8,supine
2024-01-16 02:55:42,63.1,97.4,1,1,14.5,supine
2024-01-16 02:55:44,60,97.6,1,0.998,14.7,supine
2024-01-16 02:55:46,60.3,97.9,0.997,1,13.4,supine
2024-01-16 02:55:48,63.1,97.6,0.995,0.982,13.9,supine
2024-01-16 02:55:50,61.7,97.7,0.925,1,13.8,supine
2024-01-16 02:55:52,63.8,97.8,1,1,14.1,supine
2024-01-16 02:55:54,62.9,97.1,1,0.999,14,supine
2024-01-16 02:55:56,64.9,97.7,0.976,1,14,supine
2024-01-16 02:55:58,63.9,97.3,1,1,13.9,supine
2024-01-16 02:56:00,63.6,97.2,1,1,13,supine
2024-01-16 02:56:02,62.2,97.4,0.995,1,14.8,supine
2024-01-16 02:56:04,60.4,97.4,0.995,0.965,12.9,supine
2024-01-16 02:56:06,62.7,97.7,0.951,0.97,14.1,supine
2024-01-16 02:56:08,61.3,97.1,1,0.969,14.7,supine
2024-01-16 02:56:10,60.1,97.3,0.99,1,14.2,supine
2024-01-16 02:56:12,63.8,97.2,1,0.982,14,supine
2024-01-16 02:56:14,59.6,98.4,1,1,13.2,supine
2024-01-16 02:56:16,64.2,97.2,0.997,0.949,14,supine
2024-01-16 02:56:18,59.6,97.4,0.987,0.999,14.2,supine
2024-01-16 02:56:20,62.3,97.8,0.998,1,13.5,supine
2024-01-16 02:56:22,61.7,97.3,1,1,14.3,supine
2024-01-16 02:56:24,62.5,97.1,1,1,14.2,supine
2024-01-16 02:56:26,62.7,97.1,1,1,14.7,supine
2024-01-16 02:56:28,59.1,97.7,1,0.982,13.5,supine
2024-01-16 02:56:30,64.1,96.9,0.994,1,14,supine
2024-01-16 02:56:32,61.5,97.3,1,0.986,15,supine
2024-01-16 02:56:34,60.3,97.7,0.984,0.988,14.4,supine
2024-01-16 02:56:36,62.2,97.3,1,0.975,15.1,supine
2024-01-16 02:56:38,62.2,97.4,0.997,1,14.4,supine
2024-01-16 02:56:40,59.9,97.3,1,0.968,13.9,supine
2024-01-16 02:56:42,60,97.3,1,0.953,14,supine
2024-01-16 02:56:44,64.1,97.4,0.976,1,12.7,supine
2024-01-16 02:56:46,60.2,97.8,0.997,0.983,13.9,supine
2024-01-16 02:56:48,60.8,97.1,1,0.997,13.9,supine
2024-01-16 02:56:50,61.8,97.8,0.997,0.979,14.8,supine
2024-01-16 02:56:52,63.7,97,1,1,14.1,supine
2024-01-16 02:56:54,63.1,97.6,0.998,1,13.5,supine
2024-01-16 02:56:56,62.1,97.3,1,1,14.5,supine
2024-01-16 02:56:58,63.1,97.1,1,0.967,14.4,supine
2024-01-16 02:57:00,63.2,98.1,0.928,0.976,13.9,supine
2024-01-16 02:57:02,63.4,97.9,1,1,14.5,supine
2024-01-16 02:57:04,60.3,97.3,0.965,0.971,14,supine
2024-01-16 02:57:06,64.7,97.6,0.996,1,15,supine
2024-01-16 02:57:08,61.4,97.7,1,0.998,14.1,supine
2024-01-16 02:57:10,62.8,98.1,1,0.99,14,supine
2024-01-16 02:57:12,60.1,96.8,1,1,13.9,supine
2024-01-16 02:57:14,62.8,97.3,1,1,13.6,supine
2024-01-16 02:57:16,62.5,97.1,1,0.973,14,supine
2024-01-16 02:57:18,63.5,97.8,0.992,0.983,15.1,supine
2024-01-16 02:57:20,61.3,97.4,0.979,1,14,supine
2024-01-16 02:57:22,59.4,97.7,1,1,13.3,supine
2024-01-16 02:57:24,63,97.7,1,1,13.4,supine
2024-01-16 02:57:26,64.3,97.7,0.966,1,13.3,supine
2024-01-16 02:57:28,62.7,97.5,1,0.966,14.1,supine
2024-01-16 02:57:30,65.5,97.9,1,1,14,supine
2024-01-16 02:57:32,60.4,97.5,1,1,13.5,supine
2024-01-16 02:57:34,64.8,97.5,0.961,0.984,14.5,supine
2024-01-16 02:57:36,63.3,97.5,0.982,0.93,13.2,supine
2024-01-16 02:57:38,63.5,97.2,1,1,14.1,supine
2024-01-16 02:57:40,61,97.8,1,1,14.6,supine
2024-01-16 02:57:42,62.7,97.5,1,1,14.1,supine
2024-01-16 02:57:44,62.5,97.8,0.995,1,13.5,supine
2024-01-16 02:57:46,62.8,96.8,0.957,1,14.1,supine
2024-01-16 02:57:48,62.6,97.1,0.958,1,14.1,supine
2024-01-16 02:57:50,61.7,97.4,1,1,14.8,supine
2024-01-16 02:57:52,59.9,97.5,0.97,0.964,13.2,supine
2024-01-16 02:57:54,64.3,97.5,0.982,0.999,13.2,supine
2024-01-16 02:57:56,62.9,98,1,0.97,14.1,supine
2024-01-16 02:57:58,63.1,97.5,0.949,1,13.9,supine
2024-01-16 02:58:00,59.6,97.5,1,1,14.6,supine
2024-01-16 02:58:02,62.2,97.8,0.99,1,14,supine
2024-01-16 02:58:04,61.4,97.6,1,1,14.1,supine
2024-01-16 02:58:06,62.9,97.5,0.992,0.987,13.3,supine
2024-01-16 02:58:08,61.7,97.2,0.968,0.975,13.5,supine
2024-01-16 02:58:10,59.9,97.3,1,1,13.7,supine
2024-01-16 02:58:12,60.7,97.2,0.964,1,14,supine
2024-01-16 02:58:14,62.1,97.8,1,0.996,14.1,supine
2024-01-16 02:58:16,61.5,97.7,1,0.988,13.8,supine
2024-01-16 02:58:18,64.5,97.5,1,1,14.6,supine
2024-01-16 02:58:20,62.2,97.7,0.956,0.958,13.6,supine
2024-01-16 02:58:22,64.2,97.5,1,0.99,13.8,supine
2024-01-16 02:58:24,61.5,97.7,0.96,0.948,14.3,supine
2024-01-16 02:58:26,60.3,97.4,1,1,13,supine
2024-01-16 02:58:28,60.7,97.8,0.998,0.988,13.9,supine
2024-01-16 02:58:30,62,97,0.979,0.994,13.6,supine
2024-01-16 02:58:32,61.4,97.8,1,1,13.4,supine
2024-01-16 02:58:34,63.2,97.4,1,1,14.2,supine
2024-01-16 02:58:36,63.2,98,1,1,12.9,supine
2024-01-16 02:58:38,62.9,97.4,1,0.978,14,supine
2024-01-16 02:58:40,60.3,97.1,0.978,1,13.9,supine
2024-01-16 02:58:42,64.6,97.3,0.961,0.987,14.2,supine
2024-01-16 02:58:44,57.8,97.6,0.998,1,14.1,supine
2024-01-16 02:58:46,62.2,97.8,0.974,0.937,13.9,supine
2024-01-16 02:58:48,64,97.3,0.983,1,14.8,supine
2024-01-16 02:58:50,62.5,97.4,1,0.967,13.4,supine
2024-01-16 02:58:52,60.1,97.4,1,1,13.4,supine
2024-01-16 02:58:54,60.6,97,0.98,0.989,13.2,supine
2024-01-16 02:58:56,61.8,97.8,1,1,13.8,supine
2024-01-16 02:58:58,60.6,97.7,1,1,13.8,supine
2024-01-16 02:59:00,64.2,97.6,1,0.973,14.1,supine
2024-01-16 02:59:02,62.7,97.6,0.962,0.96,13.9,supine
2024-01-16 02:59:04,60.2,97,0.993,1,13.6,supine
2024-01-16 02:59:06,61,97,0.976,0.991,13.7,supine
2024-01-16 02:59:08,63.6,97.9,0.986,1,14.4,supine
2024-01-16 02:59:10,63.8,97.6,1,0.983,14.7,supine
2024-01-16 02:59:12,62.8,97.7,0.933,0.992,14.6,supine
2024-01-16 02:59:14,61.1,97.2,1,0.976,14.6,supine
2024-01-16 02:59:16,62.1,97.4,0.977,0.988,13.5,supine
2024-01-16 02:59:18,61,97.6,1,1,14.3,supine
2024-01-16 02:59:20,62.7,97.4,1,1,13.9,supine
2024-01-16 02:59:22,60.8,97.3,0.967,0.962,14.5,supine
2024-01-16 02:59:24,60.1,97.8,0.988,0.982,14.2,supine
2024-01-16 02:59:26,61.1,97.5,0.982,0.995,13.8,supine
2024-01-16 02:59:28,64.2,97.5,0.997,0.994,13.8,supine
2024-01-16 02:59:30,60.9,98,1,0.936,14.6,supine
2024-01-16 02:59:32,64.4,97.6,1,1,14.5,supine
2024-01-16 02:59:34,63.1,97.3,0.981,1,14.2,supine
2024-01-16 02:59:36,61.1,97.6,1,1,14.3,supine
2024-01-16 02:59:38,62.4,98.1,1,1,14.3,supine
2024-01-16 02:59:40,61.8,97.8,0.99,0.953,15.2,supine
2024-01-16 02:59:42,64.5,97.8,0.986,1,14.1,supine
2024-01-16 02:59:44,64.2,97.3,0.983,0.946,14.5,supine
2024-01-16 02:59:46,60.7,97.3,0.981,1,13.8,supine
2024-01-16 02:59:48,62.2,97.7,0.972,1,13.9,supine
2024-01-16 02:59:50,60.3,97.5,0.946,0.965,14.6,supine
2024-01-16 02:59:52,61.2,97.6,0.976,0.999,14.5,supine
2024-01-16 02:59:54,62.4,97.7,1,1,13.1,supine
2024-01-16 02:59:56,64.2,97.8,0.941,0.98,13.6,supine
2024-01-16 02:59:58,62.4,97.2,1,1,14.4,supine
2024-01-16 03:00:00,58.9,97.5,0.079,0.627,0,supine
2024-01-16 03:00:02,60.3,98,0.067,0.807,0,supine
2024-01-16 03:00:04,58,97.8,0.029,0.69,0,supine
2024-01-16 03:00:06,59.6,97.5,0.073,0.679,0,supine
2024-01-16 03:00:08,57.7,97.8,0.059,0.64,0,supine
2024-01-16 03:00:10,59.5,97.6,0.059,0.668,0,supine
2024-01-16 03:00:12,57.7,97.5,0.032,0.811,0,supine
2024-01-16 03:00:14,58.3,96.4,0.066,0.842,0,supine
2024-01-16 03:00:16,64.4,95.8,1,1,13.9,supine
2024-01-16 03:00:18,68.5,95.9,0.937,0.984,14.2,supine
2024-01-16 03:00:20,67.2,96.3,1,0.982,13.9,supine
2024-01-16 03:00:22,66.6,95.5,1,0.996,13.6,supine
2024-01-16 03:00:24,66.4,95.5,1,1,14.3,supine
2024-01-16 03:00:26,61.3,94.9,1,1,13.7,supine
2024-01-16 03:00:28,60.9,94.3,0.959,1,14,supine
2024-01-16 03:00:30,59.5,97.5,1,1,13.7,supine
2024-01-16 03:00:32,64.2,97.5,0.974,0.961,14.4,supine
2024-01-16 03:00:34,62.3,97.5,0.989,0.973,13.7,supine
2024-01-16 03:00:36,62.4,97.6,1,0.958,14.3,supine
2024-01-16 03:00:38,61.6,97.4,1,1,14,supine
2024-01-16 03:00:40,63.9,97.2,0.998,0.992,14.3,supine
2024-01-16 03:00:42,63.7,97.4,1,1,13.8,supine
2024-01-16 03:00:44,61.4,96.9,1,0.989,14.4,supine
2024-01-16 03:00:46,61.9,97.5,1,0.969,13.9,supine
2024-01-16 03:00:48,62.2,97.2,1,0.998,14.1,supine
2024-01-16 03:00:50,61.7,98.1,1,0.93,13.2,supine
2024-01-16 03:00:52,61.9,97.2,0.923,1,14.8,supine
2024-01-16 03:00:54,61,97.4,1,0.977,14.3,supine
2024-01-16 03:00:56,62.7,97.7,0.988,1,14.7,supine
2024-01-16 03:00:58,62.7,97.5,1,1,14.1,supine
2024-01-16 03:01:00,60.3,97.7,0.977,1,13,supine
2024-01-16 03:01:02,62.2,97.7,1,0.949,14.2,supine
2024-01-16 03:01:04,64.7,97.5,1,0.981,13.8,supine
2024-01-16 03:01:06,64.7,97.8,1,1,14.2,supine
2024-01-16 03:01:08,59.2,97.7,0.99,1,14.5,supine
2024-01-16 03:01:10,63.4,97.8,1,0.993,14.2,supine
2024-01-16 03:01:12,59.8,97,1,0.965,13.3,supine
2024-01-16 03:01:14,60.7,97.7,1,1,14.2,supine
2024-01-16 03:01:16,63.2,97.8,1,0.981,14,supine
2024-01-16 03:01:18,60.9,97.7,0.949,0.999,14.5,supine
2024-01-16 03:01:20,60.7,97.6,1,1,12.8,supine
2024-01-16 03:01:22,60.2,97.3,0.964,0.964,14,supine
2024-01-16 03:01:24,62.5,96.9,1,1,13.7,supine
2024-01-16 03:01:26,62,97.1,1,0.998,14,supine
2024-01-16 03:01:28,60.5,97.8,1,0.984,14.2,supine
2024-01-16 03:01:30,62.7,97.2,0.923,1,13.3,supine
2024-01-16 03:01:32,60.9,97.2,0.995,1,14.7,supine
2024-01-16 03:01:34,63.3,97.7,0.962,0.975,12.9,supine
2024-01-16 03:01:36,61,97.8,0.989,0.993,13.4,supine
2024-01-16 03:01:38,62.9,97.6,0.996,0.999,13.9,supine
2024-01-16 03:01:40,63.8,97.3,1,1,14.3,supine
2024-01-16 03:01:42,63.2,97.9,0.97,1,13.3,supine
2024-01-16 03:01:44,62.8,97.5,0.998,0.979,13.6,supine
2024-01-16 03:01:46,62.3,97.2,1,0.986,13.7,supine
2024-01-16 03:01:48,62,97.6,1,1,14.2,supine
2024-01-16 03:01:50,60.8,97.7,1,1,13.1,supine
2024-01-16 03:01:52,60.6,97.4,1,1,13.3,supine
2024-01-16 03:01:54,61.8,97.4,1,1,15.1,supine
2024-01-16 03:01:56,63.4,97.8,0.962,1,14.3,supine
2024-01-16 03:01:58,64,97.5,1,0.994,13.7,supine
2024-01-16 03:02:00,62.8,97.2,1,1,14.3,supine
2024-01-16 03:02:02,62.5,97.6,1,0.962,14.5,supine
2024-01-16 03:02:04,63.8,97.9,1,0.97,14.3,supine
2024-01-16 03:02:06,62.1,97.2,1,1,13.9,supine
2024-01-16 03:02:08,64,98.1,0.968,1,14.3,supine
2024-01-16 03:02:10,61.5,97.6,1,0.958,14,supine
2024-01-16 03:02:12,63.3,98,0.993,0.968,13.1,supine
2024-01-16 03:02:14,61.7,97.4,1,1,14.9,supine
2024-01-16 03:02:16,62.4,97.7,1,0.972,13,supine
2024-01-16 03:02:18,59.8,97.9,1,1,14.3,supine
2024-01-16 03:02:20,62.5,97.5,0.999,1,13.7,supine
2024-01-16 03:02:22,62.1,97.5,0.987,1,13.9,supine
2024-01-16 03:02:24,63.8,97.3,0.991,1,14.2,supine
2024-01-16 03:02:26,62.8,97.4,1,0.946,14.4,supine
2024-01-16 03:02:28,62.8,98.1,1,1,13.5,supine
2024-01-16 03:02:30,60.8,97.7,1,0.958,14.3,supine
2024-01-16 03:02:32,64.5,98,1,0.98,13.4,supine
2024-01-16 03:02:34,61.2,97.3,1,0.981,13.5,supine
2024-01-16 03:02:36,59.5,97.4,1,0.938,13.3,supine
2024-01-16 03:02:38,60.6,98.1,1,1,14.5,supine
2024-01-16 03:02:40,64,97.3,1,1,13.6,supine
2024-01-16 03:02:42,64.2,97.6,0.93,1,15,supine
2024-01-16 03:02:44,60.3,97.3,0.985,1,13.9,supine
2024-01-16 03:02:46,60.9,97.5,0.985,0.971,13.4,supine
2024-01-16 03:02:48,61,97.3,1,1,14.4,supine
2024-01-16 03:02:50,61.7,97.7,0.967,1,13.7,supine
2024-01-16 03:02:52,62.3,97.4,1,0.99,13.6,supine
2024-01-16 03:02:54,61.3,97.2,0.974,1,14,supine
2024-01-16 03:02:56,61.7,97.4,1,1,14.3,supine
2024-01-16 03:02:58,63,97.7,1,0.963,14.4,supine
2024-01-16 03:03:00,61.9,97.3,0.989,1,14.4,supine
2024-01-16 03:03:02,62.4,97.3,1,0.99,14.4,supine
2024-01-16 03:03:04,60.5,97.6,1,0.977,14.4,supine
2024-01-16 03:03:06,63.8,97.6,1,0.962,14.2,supine
2024-01-16 03:03:08,60.6,97.5,0.991,0.983,13.5,supine
2024-01-16 03:03:10,60,97.7,1,1,13,supine
2024-01-16 03:03:12,63.8,97.4,0.949,0.994,12.8,supine
2024-01-16 03:03:14,59.2,97.3,0.988,1,13.1,supine
2024-01-16 03:03:16,62.2,97.4,1,0.994,13.7,supine
2024-01-16 03:03:18,59.6,98.2,0.958,0.996,14.1,supine
2024-01-16 03:03:20,64,97.4,0.994,1,13.4,supine
2024-01-16 03:03:22,62.5,97.1,0.98,1,13.2,supine
2024-01-16 03:03:24,58.8,98,0.991,1,14.1,supine
2024-01-16 03:03:26,61.1,97.9,0.969,0.994,14.6,supine
2024-01-16 03:03:28,61.6,97.3,1,0.981,14.3,supine
2024-01-16 03:03:30,65.3,97,1,1,14.1,supine
2024-01-16 03:03:32,63.5,96.9,0.973,1,14,supine
2024-01-16 03:03:34,60.4,97.8,0.984,0.983,14.1,supine
2024-01-16 03:03:36,61.1,97.9,0.997,1,15.3,supine
2024-01-16 03:03:38,63.9,97.5,1,0.981,14.2,supine
2024-01-16 03:03:40,64.7,97.4,1,1,14.6,supine
2024-01-16 03:03:42,61.7,98,0.983,0.985,14.3,supine
2024-01-16 03:03:44,59.2,97,0.996,1,14.5,supine
2024-01-16 03:03:46,61.3,97.5,1,1,14.4,supine
2024-01-16 03:03:48,60.9,97.7,0.979,0.964,13.9,supine
2024-01-16 03:03:50,60.9,97.2,1,1,13.4,supine
2024-01-16 03:03:52,61.7,97.1,0.986,1,13.9,supine
2024-01-16 03:03:54,62.9,97.5,0.999,1,14,supine
2024-01-16 03:03:56,62.9,97.8,1,0.977,14.7,supine
2024-01-16 03:03:58,61,97.5,1,1,14.7,supine
2024-01-16 03:04:00,65.1,97.5,1,1,14.2,supine
2024-01-16 03:04:02,59,97.3,0.986,0.996,14.3,supine
2024-01-16 03:04:04,62.1,97.5,1,1,14.4,supine
2024-01-16 03:04:06,63.5,97.7,1,0.995,12.9,supine
2024-01-16 03:04:08,65.6,97.5,1,1,13.9,supine
2024-01-16 03:04:10,63.9,97.1,1,1,14.4,supine
2024-01-16 03:04:12,58.4,96.8,1,1,14.2,supine
2024-01-16 03:04:14,57.1,97.6,0.985,0.983,14.3,supine
2024-01-16 03:04:16,62.3,97.1,1,0.986,14.6,supine
2024-01-16 03:04:18,62.7,97.5,1,0.999,13.6,supine
2024-01-16 03:04:20,62.9,97.9,0.967,1,14.4,supine
2024-01-16 03:04:22,61.6,97.6,0.988,1,13.5,supine
2024-01-16 03:04:24,63.2,97.4,1,1,14.5,supine
2024-01-16 03:04:26,62.2,97.5,1,1,14.6,supine
2024-01-16 03:04:28,61.3,97.2,0.978,0.995,14.3,supine
2024-01-16 03:04:30,62.6,97.6,1,0.988,14,supine
2024-01-16 03:04:32,62.7,97.5,1,0.959,15,supine
2024-01-16 03:04:34,61.4,97.7,0.995,0.983,13.9,supine
2024-01-16 03:04:36,61.4,97.3,1,0.976,13.2,supine
2024-01-16 03:04:38,63.8,97.6,1,1,14.2,supine
2024-01-16 03:04:40,61,97.5,0.994,1,14.4,supine
2024-01-16 03:04:42,63.4,97.4,0.961,1,14.7,supine
2024-01-16 03:04:44,60.9,97.5,1,0.991,13.5,supine
2024-01-16 03:04:46,61.3,97.5,0.973,0.997,14.8,supine
2024-01-16 03:04:48,63.8,97.4,0.986,0.98,13.5,supine
2024-01-16 03:04:50,62.4,98,0.961,0.996,12.8,supine
2024-01-16 03:04:52,60.4,97.5,1,1,13.9,supine
2024-01-16 03:04:54,62.8,97.4,0.991,0.994,14.7,supine
2024-01-16 03:04:56,62.4,97.7,0.974,1,14.2,supine
2024-01-16 03:04:58,63.6,97.2,1,0.974,14.1,supine
2024-01-16 03:05:00,61.5,97.8,0.931,0.999,13.3,supine
2024-01-16 03:05:02,62.1,97.7,1,1,14,supine
2024-01-16 03:05:04,59.7,97.7,0.993,1,13.8,supine
2024-01-16 03:05:06,62.8,97.2,1,1,14.5,supine
2024-01-16 03:05:08,63.3,97.9,0.966,0.998,13.9,supine
2024-01-16 03:05:10,60.1,97.6,1,0.978,14.3,supine
2024-01-16 03:05:12,64.4,97.2,1,1,14.1,supine
2024-01-16 03:05:14,61.1,97.7,0.976,1,14,supine
2024-01-16 03:05:16,61.7,97.9,1,0.964,13.8,supine
2024-01-16 03:05:18,61.6,97.7,1,0.946,13.7,supine
2024-01-16 03:05:20,63.3,97.5,1,1,13.4,supine
2024-01-16 03:05:22,62.7,97.4,1,0.991,13.7,supine
2024-01-16 03:05:24,61.5,97.5,1,1,14.2,supine
2024-01-16 03:05:26,62.6,97.7,0.973,0.971,14,supine
2024-01-16 03:05:28,62.5,97.4,1,1,13.5,supine
2024-01-16 03:05:30,58.4,97.2,1,1,13.7,supine
2024-01-16 03:05:32,61.9,97,1,0.985,14.2,supine
2024-01-16 03:05:34,62.1,97.8,1,1,14.9,supine
2024-01-16 03:05:36,62.6,97.5,0.973,0.994,13.8,supine
2024-01-16 03:05:38,60.2,98.1,1,0.956,13.8,supine
2024-01-16 03:05:40,62.8,97.6,0.981,1,14.3,supine
2024-01-16 03:05:42,62.7,97.5,1,0.982,14.6,supine
2024-01-16 03:05:44,62.7,96.9,0.993,0.989,14.3,supine
2024-01-16 03:05:46,63,97.3,0.928,0.989,15.1,supine
2024-01-16 03:05:48,62.2,98,0.968,0.939,13.4,supine
2024-01-16 03:05:50,63.7,97.8,1,1,13.8,supine
2024-01-16 03:05:52,62,98,1,1,14.5,supine
2024-01-16 03:05:54,63.5,97.8,0.941,1,14.2,supine
2024-01-16 03:05:56,62.8,97.3,0.939,0.998,13.9,supine
2024-01-16 03:05:58,60.8,97.4,0.995,1,14.8,supine
2024-01-16 03:06:00,61,97.1,1,0.987,14.1,supine
2024-01-16 03:06:02,58.8,97.4,1,0.987,13.9,supine
2024-01-16 03:06:04,64.7,97.2,1,0.992,14.2,supine
2024-01-16 03:06:06,62.3,97.5,1,1,14.4,supine
2024-01-16 03:06:08,58.5,97.8,1,1,14.3,supine
2024-01-16 03:06:10,61.4,97.7,0.985,1,13.5,supine
2024-01-16 03:06:12,63.3,97.6,0.992,0.966,13.2,supine
2024-01-16 03:06:14,63.5,97.8,1,1,14.4,supine
2024-01-16 03:06:16,63.8,97.5,1,0.987,13.5,supine
2024-01-16 03:06:18,61.8,97.1,0.999,1,14.2,supine
2024-01-16 03:06:20,63.6,97.6,0.971,1,14.1,supine
2024-01-16 03:06:22,61.9,97.5,1,1,13.2,supine
2024-01-16 03:06:24,62.8,97.4,0.978,1,14.4,supine
2024-01-16 03:06:26,62.3,97.6,0.987,0.981,14.3,supine
2024-01-16 03:06:28,61.5,97.4,1,0.932,13.4,supine
2024-01-16 03:06:30,62.4,97.6,0.976,1,13,supine
2024-01-16 03:06:32,62,97.3,1,1,14.1,supine
2024-01-16 03:06:34,63,97.7,1,1,13.2,supine
2024-01-16 03:06:36,63.5,97.7,0.932,0.965,14.9,supine
2024-01-16 03:06:38,59.4,97.3,0.947,0.958,13.8,supine
2024-01-16 03:06:40,61.7,97.9,1,0.999,14.6,supine
2024-01-16 03:06:42,58.9,97.4,1,0.976,14.2,supine
2024-01-16 03:06:44,62.8,98,1,0.974,14.2,supine
2024-01-16 03:06:46,62.1,97.1,0.956,0.992,14.5,supine
2024-01-16 03:06:48,60.9,97.5,1,0.981,14.5,supine
2024-01-16 03:06:50,60.9,97.2,1,0.991,13.8,supine
2024-01-16 03:06:52,60.9,96.9,1,1,13.6,supine
2024-01-16 03:06:54,64.7,97.4,1,1,13.8,supine
2024-01-16 03:06:56,59.2,97.5,1,0.97,13.8,supine
2024-01-16 03:06:58,62.4,97.7,1,0.959,14.2,supine
2024-01-16 03:07:00,59.8,97.8,0.947,1,13.5,supine
2024-01-16 03:07:02,63.2,97.3,0.981,1,13.7,supine
2024-01-16 03:07:04,64,96.9,0.985,0.922,13.9,supine
2024-01-16 03:07:06,62.7,97.6,0.959,1,13.9,supine
2024-01-16 03:07:08,63.7,97.3,0.938,0.997,13.6,supine
2024-01-16 03:07:10,62.9,97.6,0.961,1,14.1,supine
2024-01-16 03:07:12,62.8,97.6,0.965,1,14.5,supine
2024-01-16 03:07:14,59.9,98,0.993,0.99,13.5,supine
2024-01-16 03:07:16,62.4,97.3,0.954,0.948,14.3,supine
2024-01-16 03:07:18,62.5,97.4,1,0.961,14.4,supine
2024-01-16 03:07:20,62,97.9,0.939,0.987,14,supine
2024-01-16 03:07:22,64.1,97.6,0.938,0.941,13.6,supine
2024-01-16 03:07:24,62.3,96.9,0.987,0.956,14.1,supine
2024-01-16 03:07:26,63,97.3,1,0.956,14.8,supine
2024-01-16 03:07:28,63.9,97.7,1,0.963,14.4,supine
2024-01-16 03:07:30,59.3,96.2,0.978,0.932,14.4,supine
2024-01-16 03:07:32,63.1,97.7,1,1,13.8,supine
2024-01-16 03:07:34,62.7,97.3,1,1,13.9,supine
2024-01-16 03:07:36,61.7,97.5,1,0.969,14,supine
2024-01-16 03:07:38,60.7,97.4,1,0.981,13.6,supine
2024-01-16 03:07:40,61.1,97.8,1,0.984,14,supine
2024-01-16 03:07:42,61.5,97.1,1,1,14.1,supine
2024-01-16 03:07:44,63.4,97.5,0.969,1,13.3,supine
2024-01-16 03:07:46,63.5,97.7,0.97,1,15.2,supine
2024-01-16 03:07:48,63.3,97.6,0.992,1,14.6,supine
2024-01-16 03:07:50,62.5,98,0.953,0.987,14.2,supine
2024-01-16 03:07:52,62.1,97.7,0.892,0.989,13.5,supine
2024-01-16 03:07:54,62.9,97.4,0.98,0.996,14.2,supine
2024-01-16 03:07:56,63.3,97.9,1,1,12.9,supine
2024-01-16 03:07:58,61.8,97.4,1,1,14.4,supine
2024-01-16 03:08:00,62.2,97.6,0.998,0.949,14,supine
2024-01-16 03:08:02,63.3,97.6,0.985,1,13.3,supine
2024-01-16 03:08:04,62.9,97.4,1,1,14.2,supine
2024-01-16 03:08:06,61.8,97.2,1,1,14.2,supine
2024-01-16 03:08:08,64,97.2,0.994,1,13.4,supine
2024-01-16 03:08:10,61,98.1,0.993,0.979,14.1,supine
2024-01-16 03:08:12,62.9,97.4,1,0.988,14.6,supine
2024-01-16 03:08:14,60.9,97.8,1,1,13.8,supine
2024-01-16 03:08:16,63.1,97.5,1,0.996,13.9,supine
2024-01-16 03:08:18,61.8,97.2,0.981,1,13.6,supine
2024-01-16 03:08:20,61.2,97.6,1,1,14.2,supine
2024-01-16 03:08:22,61.2,97.7,0.968,1,14.5,supine
2024-01-16 03:08:24,59.8,97.6,0.963,0.996,13.3,supine
2024-01-16 03:08:26,62.8,97.2,1,0.999,13.5,supine
2024-01-16 03:08:28,63.9,97.7,1,1,13.5,supine
2024-01-16 03:08:30,61.5,98.2,0.986,1,13.4,supine
2024-01-16 03:08:32,66.7,97.5,1,0.977,14.1,supine
2024-01-16 03:08:34,63.6,97.7,0.984,0.959,13.8,supine
2024-01-16 03:08:36,63.5,97.4,1,0.966,13.8,supine
2024-01-16 03:08:38,61.9,97.4,1,0.975,14.2,supine
2024-01-16 03:08:40,61.8,97.3,1,0.969,13.9,supine
2024-01-16 03:08:42,61.9,97.7,1,1,13.5,supine
2024-01-16 03:08:44,61.9,97.2,0.991,0.992,14.1,supine
2024-01-16 03:08:46,62.8,97.4,1,1,14,supine
2024-01-16 03:08:48,59.5,97.5,1,1,13.3,supine
2024-01-16 03:08:50,65.7,98.2,0.993,0.987,14.2,supine
2024-01-16 03:08:52,61.9,96.8,0.997,1,14.1,supine
2024-01-16 03:08:54,63.7,97.6,0.985,1,14.9,supine
2024-01-16 03:08:56,62.3,97.6,1,0.993,13.5,supine
2024-01-16 03:08:58,60.9,97.6,1,1,13.7,supine
2024-01-16 03:09:00,61.6,97.5,1,1,13.6,supine
2024-01-16 03:09:02,60.9,97,1,0.988,14,supine
2024-01-16 03:09:04,61.9,97.4,1,1,13.7,supine
2024-01-16 03:09:06,62.1,97.5,0.958,1,14.3,supine
2024-01-16 03:09:08,63.1,97.4,1,1,13.3,supine
2024-01-16 03:09:10,64.8,97.5,0.981,1,14.4,supine
2024-01-16 03:09:12,63.1,97.3,0.985,1,13.7,supine
2024-01-16 03:09:14,62.8,97.6,1,0.998,13.8,supine
2024-01-16 03:09:16,61.9,97.8,0.996,1,14.1,supine
2024-01-16 03:09:18,61,97.9,0.956,1,13.9,supine
2024-01-16 03:09:20,62.9,97,1,0.918,13.5,supine
2024-01-16 03:09:22,62.4,97.3,0.987,1,13.8,supine
2024-01-16 03:09:24,62.1,97.3,0.983,0.946,13.6,supine
2024-01-16 03:09:26,62,97.8,0.987,0.965,14.4,supine
2024-01-16 03:09:28,62.5,97.5,1,1,14.1,supine
2024-01-16 03:09:30,62.7,97.9,0.942,1,13.5,supine
2024-01-16 03:09:32,63.9,97.7,0.964,0.979,13.4,supine
2024-01-16 03:09:34,63.6,97.4,0.999,1,14.7,supine
2024-01-16 03:09:36,60.6,98,0.969,1,15,supine
2024-01-16 03:09:38,60.3,96.7,0.94,1,14.5,supine
2024-01-16 03:09:40,60.2,97.1,0.973,0.968,14,supine
2024-01-16 03:09:42,59.9,97.4,0.96,0.975,14.5,supine
2024-01-16 03:09:44,59.5,97.5,1,1,13.9,supine
2024-01-16 03:09:46,63.7,97.5,0.982,0.974,13.9,supine
2024-01-16 03:09:48,63.3,97.6,1,1,13.7,supine
2024-01-16 03:09:50,64,97.8,1,1,13.6,supine
2024-01-16 03:09:52,62.3,97.5,1,0.99,13.9,supine
2024-01-16 03:09:54,61.5,97.9,1,1,14.6,supine
2024-01-16 03:09:56,63.9,97.3,1,1,14.1,supine
2024-01-16 03:09:58,60.7,97.2,0.984,1,13.9,supine
2024-01-16 03:10:00,61.8,97.8,1,1,13.9,supine
2024-01-16 03:10:02,62.1,97.4,0.986,0.969,14.9,supine
2024-01-16 03:10:04,60.9,98.1,1,1,14.2,supine
2024-01-16 03:10:06,63.9,97.9,0.988,1,13.9,supine
2024-01-16 03:10:08,60.1,97.4,0.953,0.965,13.9,supine
2024-01-16 03:10:10,61.5,97.7,0.928,0.988,14.8,supine
2024-01-16 03:10:12,63.4,96.7,0.964,1,14.2,supine
2024-01-16 03:10:14,63.2,96.9,0.963,1,13.4,supine
2024-01-16 03:10:16,61,97,1,0.951,14.3,supine
2024-01-16 03:10:18,60.5,97.1,0.969,1,13.4,supine
2024-01-16 03:10:20,63,97.7,1,0.962,13.7,supine
2024-01-16 03:10:22,64,96.9,1,0.96,13.8,supine
2024-01-16 03:10:24,62.8,97.6,1,1,14.8,supine
2024-01-16 03:10:26,62.1,98,0.94,1,14.1,supine
2024-01-16 03:10:28,61.7,97.1,0.977,1,13.8,supine
2024-01-16 03:10:30,60.6,97,1,1,14.4,supine
2024-01-16 03:10:32,62.8,97.3,1,0.936,14.6,supine
2024-01-16 03:10:34,60.5,97,0.988,0.944,14.3,supine
2024-01-16 03:10:36,62.1,97.4,1,0.993,14.1,supine
2024-01-16 03:10:38,60.3,97.4,1,0.997,14.7,supine
2024-01-16 03:10:40,61.4,97.6,1,0.985,13.3,supine
2024-01-16 03:10:42,59.5,97.4,1,1,14.1,supine
2024-01-16 03:10:44,62.3,97.5,1,0.99,14.2,supine
2024-01-16 03:10:46,61.2,97.6,1,0.998,13.9,supine
2024-01-16 03:10:48,63.6,97.9,1,0.998,14,supine
2024-01-16 03:10:50,61.8,97.6,0.984,1,13.9,supine
2024-01-16 03:10:52,60.6,97.4,0.973,0.992,13.8,supine
2024-01-16 03:10:54,61.7,97.6,0.982,0.987,13.4,supine
2024-01-16 03:10:56,61.4,97.3,1,0.985,13.7,supine
2024-01-16 03:10:58,64.9,97.3,0.974,1,14.1,supine
2024-01-16 03:11:00,64.4,97.3,1,1,13.8,supine
2024-01-16 03:11:02,62.8,96.8,1,0.995,14.5,supine
2024-01-16 03:11:04,62.3,97.8,0.97,0.983,13.9,supine
2024-01-16 03:11:06,63,97.6,0.947,0.99,14.2,supine
2024-01-16 03:11:08,61.4,97.4,1,1,14.4,supine
2024-01-16 03:11:10,59.6,97.6,1,1,14.1,supine
2024-01-16 03:11:12,63.6,97.8,1,0.968,14.2,supine
2024-01-16 03:11:14,62.5,97.3,0.984,1,13.9,supine
2024-01-16 03:11:16,59.5,97.4,0.995,1,13.4,supine
2024-01-16 03:11:18,59.3,97.4,1,1,14.5,supine
2024-01-16 03:11:20,61.7,97.2,1,1,14.2,supine
2024-01-16 03:11:22,62.1,97.2,0.972,1,13.7,supine
2024-01-16 03:11:24,58.4,97.6,1,0.998,12.7,supine
2024-01-16 03:11:26,58.7,98,0.981,0.986,14.4,supine
2024-01-16 03:11:28,61.2,97.3,1,0.974,13.9,supine
2024-01-16 03:11:30,60.8,97.5,1,0.95,13.5,supine
2024-01-16 03:11:32,63.8,97.4,1,0.958,13,supine
2024-01-16 03:11:34,62.5,97.8,0.985,0.971,13.9,supine
2024-01-16 03:11:36,61.9,97.6,0.997,1,14.3,supine
2024-01-16 03:11:38,63,97.9,1,1,13.3,supine
2024-01-16 03:11:40,64.2,97.5,1,1,13.5,supine
2024-01-16 03:11:42,63.4,97.3,1,1,14.4,supine
2024-01-16 03:11:44,62.9,96.9,0.98,0.955,14,supine
2024-01-16 03:11:46,61.7,97,1,0.944,13.8,supine
2024-01-16 03:11:48,62.9,97.2,1,0.992,13.5,supine
2024-01-16 03:11:50,64.7,97,0.999,0.991,13.6,supine
2024-01-16 03:11:52,61.5,97.8,1,1,13.9,supine
2024-01-16 03:11:54,60.6,97.5,0.94,1,14,supine
2024-01-16 03:11:56,61.5,97.7,0.992,1,14.2,supine
2024-01-16 03:11:58,61,97.9,0.993,1,14.4,supine
2024-01-16 03:12:00,60.5,97.5,0.98,1,14.3,supine
2024-01-16 03:12:02,62.9,97.7,1,0.998,13.2,supine
2024-01-16 03:12:04,61.9,97.7,0.959,0.966,13.6,supine
2024-01-16 03:12:06,62.7,97.5,1,0.988,14.1,supine
2024-01-16 03:12:08,61.6,97.3,1,1,14.5,supine
2024-01-16 03:12:10,61.3,97.4,1,1,14.6,supine
2024-01-16 03:12:12,61,97.5,0.979,1,14.6,supine
2024-01-16 03:12:14,62.5,97.7,1,0.993,13.6,supine
2024-01-16 03:12:16,61.2,97.7,1,1,14.2,supine
2024-01-16 03:12:18,62.5,97.6,1,1,14.4,supine
2024-01-16 03:12:20,62.9,97.8,1,0.963,14.7,supine
2024-01-16 03:12:22,59.4,97.7,1,0.991,13.8,supine
2024-01-16 03:12:24,61.2,97.7,0.921,0.994,14.8,supine
2024-01-16 03:12:26,60.1,97.5,1,0.95,14,supine
2024-01-16 03:12:28,64.3,97.8,0.981,0.985,14.3,supine
2024-01-16 03:12:30,62.9,98.1,1,0.976,14.3,supine
2024-01-16 03:12:32,60.1,97.5,1,0.982,14.2,supine
2024-01-16 03:12:34,60.4,97.7,1,1,13.6,supine
2024-01-16 03:12:36,61.5,97.3,1,0.994,13.9,supine
2024-01-16 03:12:38,60.4,97.5,0.962,1,13.9,supine
2024-01-16 03:12:40,60.7,97.6,1,1,14.1,supine
2024-01-16 03:12:42,56.5,97.3,0.949,1,14.2,supine
2024-01-16 03:12:44,62.8,97,0.952,1,14,supine
2024-01-16 03:12:46,60.3,97.4,1,1,13.8,supine
2024-01-16 03:12:48,63.1,97.4,1,0.986,13.4,supine
2024-01-16 03:12:50,61.8,97.5,1,0.967,14.5,supine
2024-01-16 03:12:52,60.3,97.3,0.991,0.975,13.1,supine
2024-01-16 03:12:54,65.3,97.1,0.98,0.97,13.4,supine
2024-01-16 03:12:56,62.2,97.8,1,1,13.9,supine
2024-01-16 03:12:58,61.4,97,1,1,14.5,supine
2024-01-16 03:13:00,61.4,97.7,0.963,1,13.3,supine
2024-01-16 03:13:02,61.4,97.4,1,0.993,14.3,supine
2024-01-16 03:13:04,61.6,97.5,1,1,13.6,supine
2024-01-16 03:13:06,63.8,97.1,1,1,14.2,supine
2024-01-16 03:13:08,62.4,97,1,1,14,supine
2024-01-16 03:13:10,60.4,97.5,1,0.972,14.2,supine
2024-01-16 03:13:12,62.2,97.9,1,0.993,14.4,supine
2024-01-16 03:13:14,61.8,98,0.994,0.96,14,supine
2024-01-16 03:13:16,62.7,97.3,0.966,1,14,supine
2024-01-16 03:13:18,64.5,97.9,1,1,14.5,supine
2024-01-16 03:13:20,63.4,97.7,1,0.954,13.9,supine
2024-01-16 03:13:22,60.1,97.6,1,0.969,13.7,supine
2024-01-16 03:13:24,62.6,97.7,1,0.986,14.6,supine
2024-01-16 03:13:26,62.7,97.8,1,1,13.8,supine
2024-01-16 03:13:28,66.1,97.8,0.974,1,14.4,supine
2024-01-16 03:13:30,63.4,97.6,0.963,1,14.6,supine
2024-01-16 03:13:32,63.2,97.9,0.995,1,14.7,supine
2024-01-16 03:13:34,62.5,97.2,0.983,0.96,14.6,supine
2024-01-16 03:13:36,60.7,96.7,1,0.981,13.9,supine
2024-01-16 03:13:38,62.3,97.5,1,0.984,13.9,supine
2024-01-16 03:13:40,62.3,98,1,0.973,14.1,supine
2024-01-16 03:13:42,61,97.9,1,0.97,12.8,supine
2024-01-16 03:13:44,62.5,97.6,0.996,1,14.1,supine
2024-01-16 03:13:46,62.8,97.7,0.973,1,14.4,supine
2024-01-16 03:13:48,61.5,97.5,0.939,0.996,13.8,supine
2024-01-16 03:13:50,62,97.8,1,1,13.4,supine
2024-01-16 03:13:52,61.7,98.3,1,0.973,14.4,supine
2024-01-16 03:13:54,63.3,98,1,0.996,13.7,supine
2024-01-16 03:13:56,65.4,96.9,0.987,0.957,14.5,supine
2024-01-16 03:13:58,61.2,97.8,1,1,14.4,supine
2024-01-16 03:14:00,62.6,97.6,1,0.972,14.5,supine
2024-01-16 03:14:02,62.9,97.9,0.986,0.943,14,supine
2024-01-16 03:14:04,62.8,98,1,0.974,14.3,supine
2024-01-16 03:14:06,62.6,97,1,1,14.2,supine
2024-01-16 03:14:08,61.7,97.9,1,0.923,13.8,supine
2024-01-16 03:14:10,62.5,96.8,0.946,0.925,14,supine
2024-01-16 03:14:12,62.7,97.6,0.971,0.991,14.2,supine
2024-01-16 03:14:14,61.1,97.9,1,0.937,14.6,supine
2024-01-16 03:14:16,63.4,97.3,1,1,14.1,supine
2024-01-16 03:14:18,60.3,97.8,1,0.998,14,supine
2024-01-16 03:14:20,60.9,97.5,0.995,0.976,15.8,supine
2024-01-16 03:14:22,63.8,97.7,0.998,0.988,13.9,supine
2024-01-16 03:14:24,62.5,97.7,0.96,0.988,14,supine
2024-01-16 03:14:26,62.6,97.5,0.997,1,13.8,supine
2024-01-16 03:14:28,63.5,97.5,1,1,13.8,supine
2024-01-16 03:14:30,61.7,97.4,1,1,13.7,supine
2024-01-16 03:14:32,62.2,97.9,1,0.998,13.8,supine
2024-01-16 03:14:34,62.6,97.7,1,1,13.3,supine
2024-01-16 03:14:36,60,97.6,0.978,1,13.6,supine
2024-01-16 03:14:38,62.3,97.3,1,0.997,13.7,supine
2024-01-16 03:14:40,62.4,97.4,0.998,1,13.9,supine
2024-01-16 03:14:42,63,97.8,0.99,0.995,14.7,supine
2024-01-16 03:14:44,60.1,97.5,1,1,14.4,supine
2024-01-16 03:14:46,62,97.9,0.987,1,14.1,supine
2024-01-16 03:14:48,64.5,97.6,0.979,0.997,14.2,supine
2024-01-16 03:14:50,60.9,97.2,0.948,0.977,14.4,supine
2024-01-16 03:14:52,61.3,97.2,0.994,0.973,14.4,supine
2024-01-16 03:14:54,58.8,97.3,0.95,1,13.9,supine
2024-01-16 03:14:56,61.1,97.7,1,1,14.6,supine
2024-01-16 03:14:58,58.6,97.4,0.97,1,14.2,supine
2024-01-16 03:15:00,58.4,97.3,1,1,14.2,supine
2024-01-16 03:15:02,62.8,97.6,1,0.993,14.1,supine
2024-01-16 03:15:04,62.8,97.4,1,0.966,13.8,supine
2024-01-16 03:15:06,62.1,97.8,0.958,0.979,13.4,supine
2024-01-16 03:15:08,57.4,97.5,0.96,0.99,13.9,supine
2024-01-16 03:15:10,62,98.1,1,1,14.5,supine
2024-01-16 03:15:12,64.2,97.3,1,1,14,supine
2024-01-16 03:15:14,61.1,97.3,0.994,0.981,13.9,supine
2024-01-16 03:15:16,64.3,97.3,1,0.997,14.1,supine
2024-01-16 03:15:18,61.3,97.2,1,1,14.1,supine
2024-01-16 03:15:20,63,97.6,1,1,13.6,supine
2024-01-16 03:15:22,66,97.5,1,0.993,13.7,supine
2024-01-16 03:15:24,61.3,97.3,1,1,14.3,supine
2024-01-16 03:15:26,61.4,97.1,0.979,0.996,14.8,supine
2024-01-16 03:15:28,62.1,97.5,1,0.959,13.8,supine
2024-01-16 03:15:30,61.1,97.5,0.995,1,13.5,supine
2024-01-16 03:15:32,64.3,97.4,0.99,0.967,13.5,supine
2024-01-16 03:15:34,58.9,97.5,1,1,14.4,supine
2024-01-16 03:15:36,59.7,97.6,0.98,0.978,13.2,supine
2024-01-16 03:15:38,61.5,97.2,1,0.988,13.3,supine
2024-01-16 03:15:40,63.7,97.7,1,0.999,13.3,supine
2024-01-16 03:15:42,63.2,97.3,0.992,0.955,14.3,supine
2024-01-16 03:15:44,61.3,97.7,1,0.988,13.3,supine
2024-01-16 03:15:46,61.6,97.6,1,0.962,13.7,supine
2024-01-16 03:15:48,59.6,97.2,1,1,12.4,supine
2024-01-16 03:15:50,61.4,97.6,0.986,1,13.6,supine
2024-01-16 03:15:52,61.2,98,1,1,13.6,supine
2024-01-16 03:15:54,63.1,97.6,0.991,1,13.7,supine
2024-01-16 03:15:56,60.8,97.2,0.987,0.989,14.6,supine
2024-01-16 03:15:58,60.8,97.5,1,1,14.3,supine
2024-01-16 03:16:00,59.6,97.6,0.977,1,14.4,supine
2024-01-16 03:16:02,61.1,97.6,1,1,13.9,supine
2024-01-16 03:16:04,59.8,97.7,1,0.977,13.9,supine
2024-01-16 03:16:06,64.7,97.4,1,0.991,13.5,supine
2024-01-16 03:16:08,61.6,97.5,1,0.99,13.4,supine
2024-01-16 03:16:10,60,97.9,0.965,1,14.5,supine
2024-01-16 03:16:12,62.3,97.8,1,1,14.1,supine
2024-01-16 03:16:14,59.5,97.6,0.974,0.966,13.4,supine
2024-01-16 03:16:16,63.7,97.5,0.996,1,13.8,supine
2024-01-16 03:16:18,63,97.5,0.96,1,12.9,supine
2024-01-16 03:16:20,62.5,97.5,1,0.955,13.1,supine
2024-01-16 03:16:22,59.3,98,1,0.959,13.7,supine
2024-01-16 03:16:24,63.3,97.5,1,0.931,14.1,supine
2024-01-16 03:16:26,59.7,97.1,0.996,0.973,13.5,supine
2024-01-16 03:16:28,62.1,97.7,1,1,14.6,supine
2024-01-16 03:16:30,61,97.3,0.981,1,14.3,supine
2024-01-16 03:16:32,63.3,97.6,1,0.98,14.1,supine
2024-01-16 03:16:34,62,97.6,1,0.964,14.2,supine
2024-01-16 03:16:36,64.5,97.5,1,0.992,13.6,supine
2024-01-16 03:16:38,60.6,97.3,1,1,14.5,supine
2024-01-16 03:16:40,62.2,97.7,1,1,14.9,supine
2024-01-16 03:16:42,60,97.3,1,1,14.2,supine
2024-01-16 03:16:44,62.5,97.9,0.972,1,13.2,supine
2024-01-16 03:16:46,61.9,97.5,1,0.957,13.9,supine
2024-01-16 03:16:48,61.8,97.5,0.995,0.989,13.2,supine
2024-01-16 03:16:50,62,97.4,0.96,1,14,supine
2024-01-16 03:16:52,61.3,97.5,1,0.987,14.5,supine
2024-01-16 03:16:54,60.8,97.4,0.968,0.958,13.6,supine
2024-01-16 03:16:56,60.7,97.6,0.983,1,14.9,supine
2024-01-16 03:16:58,61.5,97.8,1,0.972,14.1,supine
2024-01-16 03:17:00,63.1,97.5,1,0.98,14.4,supine
2024-01-16 03:17:02,64.1,97.7,0.981,1,14.2,supine
2024-01-16 03:17:04,62.3,97.4,0.969,0.989,14.3,supine
2024-01-16 03:17:06,62.6,97.5,0.964,0.965,12.6,supine
2024-01-16 03:17:08,61.8,97.5,1,1,12.9,supine
2024-01-16 03:17:10,61,97.6,0.994,1,13.5,supine
2024-01-16 03:17:12,60.8,97.6,0.986,0.984,12.8,supine
2024-01-16 03:17:14,60.2,97.3,0.983,1,13.3,supine
2024-01-16 03:17:16,61.9,97.4,0.966,0.973,14.9,supine
2024-01-16 03:17:18,62.2,97.5,0.956,0.972,14,supine
2024-01-16 03:17:20,62.3,97.7,1,1,13.8,supine
2024-01-16 03:17:22,64.3,97.7,0.989,1,14.2,supine
2024-01-16 03:17:24,61,97.6,0.991,0.921,13.9,supine
2024-01-16 03:17:26,61.6,97.3,1,1,14,supine
2024-01-16 03:17:28,63.4,97.4,0.994,1,13.4,supine
2024-01-16 03:17:30,64.8,97.3,0.993,1,14.6,supine
2024-01-16 03:17:32,61.6,97.5,0.985,0.952,13.9,supine
2024-01-16 03:17:34,63.3,97.7,1,1,13.8,supine
2024-01-16 03:17:36,61.9,97.7,1,0.985,14.3,supine
2024-01-16 03:17:38,60.9,97.5,0.989,0.975,13.6,supine
2024-01-16 03:17:40,59.7,97.7,1,1,14.1,supine
2024-01-16 03:17:42,62.9,97.4,0.99,1,14.1,supine
2024-01-16 03:17:44,62.2,97,1,0.987,14,supine
2024-01-16 03:17:46,63.3,97.5,1,0.922,14.2,supine
2024-01-16 03:17:48,61.1,97,1,1,13.6,supine
2024-01-16 03:17:50,62.8,97.3,1,1,14.3,supine
2024-01-16 03:17:52,63.6,97.3,1,1,14.2,supine
2024-01-16 03:17:54,60.7,97.6,1,1,14.4,supine
2024-01-16 03:17:56,62,97.6,1,0.989,13.8,supine
2024-01-16 03:17:58,64.4,97.1,0.985,1,14.4,supine
2024-01-16 03:18:00,61.5,97.2,1,0.992,15.1,supine
2024-01-16 03:18:02,59.9,97.3,0.987,0.959,13.2,supine
2024-01-16 03:18:04,62.6,97,0.993,1,14.1,supine
2024-01-16 03:18:06,59.7,97.6,1,0.987,13.9,supine
2024-01-16 03:18:08,62.4,97.6,0.988,1,14.3,supine
2024-01-16 03:18:10,60.4,97.7,1,1,13.6,supine
2024-01-16 03:18:12,61.8,97,0.993,0.994,14.7,supine
2024-01-16 03:18:14,60.4,97.7,1,1,14.1,supine
2024-01-16 03:18:16,64.9,98,1,0.967,12.7,supine
2024-01-16 03:18:18,63.7,97.5,0.972,1,13.7,supine
2024-01-16 03:18:20,61.9,97.3,1,1,13.3,supine
2024-01-16 03:18:22,64.5,97.2,0.982,1,13.3,supine
2024-01-16 03:18:24,60.4,97.3,1,1,14.1,supine
2024-01-16 03:18:26,62.4,97.7,1,1,14,supine
2024-01-16 03:18:28,62.6,97.3,1,0.995,14.6,supine
2024-01-16 03:18:30,63.5,97.1,1,1,14,supine
2024-01-16 03:18:32,61.5,97.8,1,1,14.5,supine
2024-01-16 03:18:34,62.5,97,0.953,0.939,14.8,supine
2024-01-16 03:18:36,61.3,97.7,0.964,1,14.1,supine
2024-01-16 03:18:38,63,97.5,1,1,13.5,supine
2024-01-16 03:18:40,62,96.8,1,1,13.6,supine
2024-01-16 03:18:42,58.6,97.8,1,0.962,14.9,supine
2024-01-16 03:18:44,61.4,97.4,1,1,12.4,supine
2024-01-16 03:18:46,61.8,97.3,0.974,0.989,15,supine
2024-01-16 03:18:48,60.7,97.6,0.92,1,13.4,supine
2024-01-16 03:18:50,64,97.4,0.983,1,13.1,supine
2024-01-16 03:18:52,62.9,97.6,1,1,14.2,supine
2024-01-16 03:18:54,61.5,97.6,1,1,14.2,supine
2024-01-16 03:18:56,63.7,97.6,1,1,13.8,supine
2024-01-16 03:18:58,61.9,97.6,1,1,13.3,supine
2024-01-16 03:19:00,60.9,97.3,1,0.999,13.9,supine
2024-01-16 03:19:02,62.1,97.2,0.982,1,14.2,supine
2024-01-16 03:19:04,60.8,97.3,0.977,1,13.7,supine
2024-01-16 03:19:06,61.8,97.6,1,0.986,14.3,supine
2024-01-16 03:19:08,60.7,97.5,0.977,0.981,14.5,supine
2024-01-16 03:19:10,59.4,97.7,0.983,1,13.2,supine
2024-01-16 03:19:12,57.7,97.2,1,0.984,13.9,supine
2024-01-16 03:19:14,63.4,97.4,1,1,13.9,supine
2024-01-16 03:19:16,63.1,97.6,1,0.975,14.5,supine
2024-01-16 03:19:18,57,97.7,0.98,1,13.1,supine
2024-01-16 03:19:20,57.7,97.7,0.966,1,14.1,supine
2024-01-16 03:19:22,62,97.5,1,0.929,14.2,supine
2024-01-16 03:19:24,64.9,97.7,0.961,0.972,14.6,supine
2024-01-16 03:19:26,60.7,97.4,0.982,1,14.6,supine
2024-01-16 03:19:28,59.3,97.8,0.998,1,14.1,supine
2024-01-16 03:19:30,58.6,97.3,1,0.944,14.2,supine
2024-01-16 03:19:32,62.5,97.4,1,1,13.5,supine
2024-01-16 03:19:34,62.5,97.5,0.985,0.999,13.4,supine
2024-01-16 03:19:36,62.1,97.8,1,1,14.6,supine
2024-01-16 03:19:38,62.2,97.5,0.986,1,14.2,supine
2024-01-16 03:19:40,61.9,97.9,1,1,14.4,supine
2024-01-16 03:19:42,62.2,97.3,1,0.992,13.7,supine
2024-01-16 03:19:44,60,97.2,1,1,13.1,supine
2024-01-16 03:19:46,61.5,97.8,0.982,0.983,15,supine
2024-01-16 03:19:48,60.4,97.3,1,0.997,13.8,supine
2024-01-16 03:19:50,60.7,97.9,0.982,1,13.7,supine
2024-01-16 03:19:52,61,97.2,1,0.963,13.6,supine
2024-01-16 03:19:54,62.3,97.7,1,1,13.8,supine
2024-01-16 03:19:56,62.6,98.3,0.962,1,14.3,supine
2024-01-16 03:19:58,63.6,97.7,0.954,0.98,13.6,supine
2024-01-16 03:20:00,62.3,97.8,0.15,0.653,9.3,supine
2024-01-16 03:20:02,65.2,97.1,0.473,0.623,8.5,supine
2024-01-16 03:20:04,60.9,97.8,0.252,0.79,6.2,supine
2024-01-16 03:20:06,62.4,98,0.265,0.608,8.5,supine
2024-01-16 03:20:08,62,97.4,0.494,0.75,6.9,supine
2024-01-16 03:20:10,60.9,97.6,0.25,0.686,9.2,supine
2024-01-16 03:20:12,63.9,96.9,0.408,0.728,8.6,supine
2024-01-16 03:20:14,60.8,97.5,0.965,0.978,13.8,supine
2024-01-16 03:20:16,61.4,96.7,0.989,0.997,13.1,supine
2024-01-16 03:20:18,65.8,95.8,0.96,0.971,13.3,supine
2024-01-16 03:20:20,63.2,96.4,1,1,13.6,supine
2024-01-16 03:20:22,61.8,95.8,1,1,14.7,supine
2024-01-16 03:20:24,61.7,94.9,1,1,13.7,supine
2024-01-16 03:20:26,61.5,97.5,0.992,0.987,14.2,supine
2024-01-16 03:20:28,59.1,97.8,0.973,1,14,supine
2024-01-16 03:20:30,63.7,97.5,1,1,13.8,supine
2024-01-16 03:20:32,58.2,98,0.987,1,14.1,supine
2024-01-16 03:20:34,62,97.3,1,1,14.5,supine
2024-01-16 03:20:36,65,97.4,1,1,13.9,supine
2024-01-16 03:20:38,60.7,97.7,0.98,1,13.7,supine
2024-01-16 03:20:40,62.3,97.6,0.972,0.972,13.8,supine
2024-01-16 03:20:42,61.2,97.2,1,0.967,13.1,supine
2024-01-16 03:20:44,62.7,97.5,1,1,14.5,supine
2024-01-16 03:20:46,60.6,97.3,1,0.937,13.8,supine
2024-01-16 03:20:48,58.4,97.5,1,1,13.5,supine
2024-01-16 03:20:50,62,97.5,1,0.997,13.3,supine
2024-01-16 03:20:52,62.8,97.9,1,1,13.1,supine
2024-01-16 03:20:54,61.8,97.4,0.947,0.949,13.8,supine
2024-01-16 03:20:56,59.9,97.6,0.984,0.988,14.6,supine
2024-01-16 03:20:58,62.1,97.7,0.985,0.968,13.8,supine
2024-01-16 03:21:00,63.3,97.5,1,1,14.2,supine
2024-01-16 03:21:02,62.3,96.8,0.959,0.986,14,supine
2024-01-16 03:21:04,63.1,97.4,1,1,14.1,supine
2024-01-16 03:21:06,63,97.4,0.987,0.945,13.6,supine
2024-01-16 03:21:08,63.8,97.6,0.975,1,14.5,supine
2024-01-16 03:21:10,61.3,97.6,1,1,13.5,supine
2024-01-16 03:21:12,60.7,97.9,1,1,14.3,supine
2024-01-16 03:21:14,60.9,98,0.993,1,13.7,supine
2024-01-16 03:21:16,61.5,97.9,0.99,0.977,14.4,supine
2024-01-16 03:21:18,60.9,97.4,1,0.999,15.6,supine
2024-01-16 03:21:20,60.8,98,1,0.994,14.2,supine
2024-01-16 03:21:22,63,97.2,1,1,14,supine
2024-01-16 03:21:24,63.7,97.3,0.995,0.976,14.5,supine
2024-01-16 03:21:26,61.1,97.7,1,1,13.9,supine
2024-01-16 03:21:28,62.5,97.6,0.966,0.984,13.6,supine
2024-01-16 03:21:30,63.2,97.5,0.975,1,13.3,supine
2024-01-16 03:21:32,61.6,97.7,0.991,1,14.3,supine
2024-01-16 03:21:34,61.6,96.9,1,1,13.8,supine
2024-01-16 03:21:36,61.8,97.6,1,1,13.6,supine
2024-01-16 03:21:38,63.8,97.3,0.978,0.938,14.6,supine
2024-01-16 03:21:40,62.5,98.1,0.994,0.984,14,supine
2024-01-16 03:21:42,60.6,97.7,0.981,1,14.3,supine
2024-01-16 03:21:44,60.6,96.8,0.988,1,14.6,supine
2024-01-16 03:21:46,60.3,97.1,0.994,0.982,13.5,supine
2024-01-16 03:21:48,60.2,97,1,1,14.1,supine
2024-01-16 03:21:50,64.4,97.4,1,0.961,14.2,supine
2024-01-16 03:21:52,62.2,97.5,0.984,1,13.6,supine
2024-01-16 03:21:54,63.4,97.5,1,0.993,13.5,supine
2024-01-16 03:21:56,63.2,97.6,0.987,0.973,13.3,supine
2024-01-16 03:21:58,61,97.8,0.96,1,13.5,supine
2024-01-16 03:22:00,63.3,97.7,1,0.951,15.4,supine
2024-01-16 03:22:02,60.4,97.3,0.957,0.986,14,supine
2024-01-16 03:22:04,62.2,97.6,1,1,14.1,supine
2024-01-16 03:22:06,64.1,97.2,1,1,13.9,supine
2024-01-16 03:22:08,60.8,97.4,0.962,1,13.4,supine
2024-01-16 03:22:10,57.7,97.1,0.994,1,13.7,supine
2024-01-16 03:22:12,62.9,97.1,0.988,1,14.1,supine
2024-01-16 03:22:14,64.4,97.7,0.986,0.99,13.6,supine
2024-01-16 03:22:16,62.6,97.2,1,1,13.6,supine
2024-01-16 03:22:18,62.1,97.5,1,0.926,13.7,supine
2024-01-16 03:22:20,59.9,97.2,1,1,14.3,supine
2024-01-16 03:22:22,62.9,98,1,0.941,13.9,supine
2024-01-16 03:22:24,60.7,97.5,1,1,14.4,supine
2024-01-16 03:22:26,64.2,97.2,1,0.988,13.8,supine
2024-01-16 03:22:28,63.5,97.1,1,1,14.2,supine
2024-01-16 03:22:30,63.6,97.5,1,1,14,supine
2024-01-16 03:22:32,62.8,97.7,1,0.989,14.5,supine
2024-01-16 03:22:34,61.8,97.5,0.994,1,14.1,supine
2024-01-16 03:22:36,61.9,97.2,1,1,14.4,supine
2024-01-16 03:22:38,61.3,97.8,0.979,1,14.2,supine
2024-01-16 03:22:40,63.1,97.9,1,1,14,supine
2024-01-16 03:22:42,64.1,97.3,1,0.991,13.9,supine
2024-01-16 03:22:44,64.3,97.7,1,1,13.2,supine
2024-01-16 03:22:46,62,97.5,1,0.986,14.1,supine
2024-01-16 03:22:48,61.9,98,0.948,1,13.6,supine
2024-01-16 03:22:50,60.1,97.9,1,0.98,14.4,supine
2024-01-16 03:22:52,60.8,96.8,1,1,13.8,supine
2024-01-16 03:22:54,64,97.6,1,1,13.6,supine
2024-01-16 03:22:56,64.6,97.3,0.991,0.987,14.1,supine
2024-01-16 03:22:58,60.5,97.3,1,0.988,14.4,supine
2024-01-16 03:23:00,61.3,97.2,0.994,0.947,14.8,supine
2024-01-16 03:23:02,61.4,98.1,1,1,13.9,supine
2024-01-16 03:23:04,63.1,97,0.913,0.978,14,supine
2024-01-16 03:23:06,59.8,97.6,0.987,0.991,14,supine
2024-01-16 03:23:08,60.2,98,1,1,13.7,supine
2024-01-16 03:23:10,63.8,97,1,1,14.4,supine
2024-01-16 03:23:12,58.5,97.6,1,1,13.5,supine
2024-01-16 03:23:14,61.5,98,1,0.986,13.5,supine
2024-01-16 03:23:16,61.5,97.8,1,1,13.8,supine
2024-01-16 03:23:18,60.9,97.6,0.968,0.972,13.7,supine
2024-01-16 03:23:20,59.8,97.7,0.935,0.966,14.1,supine
2024-01-16 03:23:22,63,97.6,1,0.999,13.7,supine
2024-01-16 03:23:24,60.5,97.3,1,1,13.8,supine
2024-01-16 03:23:26,60.5,97.8,1,1,14.3,supine
2024-01-16 03:23:28,63.3,97.5,0.994,1,13.9,supine
2024-01-16 03:23:30,59.3,97.8,0.983,0.995,14.4,supine
2024-01-16 03:23:32,61.2,97.2,1,1,14.2,supine
2024-01-16 03:23:34,62.4,97.1,0.997,1,14.3,supine
2024-01-16 03:23:36,64.9,97.4,1,1,14.8,supine
2024-01-16 03:23:38,63.2,97.7,0.991,0.981,14.3,supine
2024-01-16 03:23:40,61.8,97.6,1,0.98,13.5,supine
2024-01-16 03:23:42,63.4,97.6,0.966,0.998,14,supine
2024-01-16 03:23:44,64.6,97.2,0.941,0.994,14.6,supine
2024-01-16 03:23:46,60.3,97.3,0.984,1,14.1,supine
2024-01-16 03:23:48,64.9,98,0.979,1,14,supine
2024-01-16 03:23:50,62,97,1,0.997,14.6,supine
2024-01-16 03:23:52,61.5,97.5,1,0.97,14.3,supine
2024-01-16 03:23:54,61.4,97.5,1,1,14,supine
2024-01-16 03:23:56,62.1,97.9,0.991,0.985,14,supine
2024-01-16 03:23:58,63.1,97.1,0.968,0.993,14.7,supine
2024-01-16 03:24:00,62.1,97.5,0.984,0.938,14.2,supine
2024-01-16 03:24:02,61,97.5,0.954,1,14.7,supine
2024-01-16 03:24:04,63.5,97.7,0.948,1,14,supine
2024-01-16 03:24:06,61.1,97.5,1,1,13.6,supine
2024-01-16 03:24:08,63.6,97.2,1,0.94,13.4,supine
2024-01-16 03:24:10,64.7,97.8,0.965,0.94,14.1,supine
2024-01-16 03:24:12,60.3,97.5,0.996,0.985,14.4,supine
2024-01-16 03:24:14,60.6,97.5,0.987,0.981,13.8,supine
2024-01-16 03:24:16,61.1,97.6,1,0.963,13.4,supine
2024-01-16 03:24:18,64.9,97.6,0.962,0.969,14,supine
2024-01-16 03:24:20,64.9,97,1,1,14.7,supine
2024-01-16 03:24:22,61.3,97.8,0.98,0.983,13.8,supine
2024-01-16 03:24:24,61.7,97.6,0.957,1,13.6,supine
2024-01-16 03:24:26,62.3,97.8,0.981,1,14.3,supine
2024-01-16 03:24:28,62.1,96.7,1,0.979,14.4,supine
2024-01-16 03:24:30,60.2,97,1,1,14.1,supine
2024-01-16 03:24:32,61.3,97.5,0.962,1,13.2,supine
2024-01-16 03:24:34,63.4,97.7,0.987,0.992,14.5,supine
2024-01-16 03:24:36,61.6,97.4,0.985,0.958,14,supine
2024-01-16 03:24:38,61.2,97.6,1,0.978,14,supine
2024-01-16 03:24:40,60.9,97.4,0.994,1,14.3,supine
2024-01-16 03:24:42,60.9,97.8,0.979,1,13.6,supine
2024-01-16 03:24:44,61.3,97.9,0.998,1,13.8,supine
2024-01-16 03:24:46,65,97.6,1,0.995,13.6,supine
2024-01-16 03:24:48,63.7,97.2,0.951,0.993,14.8,supine
2024-01-16 03:24:50,63.5,97.8,1,1,14.1,supine
2024-01-16 03:24:52,63,97.6,0.953,1,14.1,supine
2024-01-16 03:24:54,60.8,97.3,1,1,13.7,supine
2024-01-16 03:24:56,65.4,97.3,1,1,13.7,supine
2024-01-16 03:24:58,60.8,97.5,0.974,1,13.9,supine
2024-01-16 03:25:00,62.8,97.8,1,0.962,14.6,supine
2024-01-16 03:25:02,63.6,97.7,1,1,14.2,supine
2024-01-16 03:25:04,59.9,97.6,0.976,0.954,14.8,supine
2024-01-16 03:25:06,64,97.6,0.998,0.971,14,supine
2024-01-16 03:25:08,63.8,97.8,1,0.979,14.3,supine
2024-01-16 03:25:10,60.5,97.3,1,1,14.5,supine
2024-01-16 03:25:12,60.5,97.8,1,1,14.2,supine
2024-01-16 03:25:14,62.3,97.5,1,1,14.8,supine
2024-01-16 03:25:16,59.6,97.8,1,1,14.3,supine
2024-01-16 03:25:18,61.1,97.1,0.957,0.968,14.6,supine
2024-01-16 03:25:20,62.2,97.5,0.957,1,13.2,supine
2024-01-16 03:25:22,64.1,96.9,1,1,14.3,supine
2024-01-16 03:25:24,63.8,97.4,1,1,13.9,supine
2024-01-16 03:25:26,60.6,97.7,1,1,14.2,supine
2024-01-16 03:25:28,61.8,97.3,0.973,1,14.4,supine
2024-01-16 03:25:30,60.2,97.3,0.956,0.955,13.3,supine
2024-01-16 03:25:32,61.4,97.3,1,0.989,14.7,supine
2024-01-16 03:25:34,63,97.4,0.965,0.997,13.6,supine
2024-01-16 03:25:36,60.1,97.6,0.992,0.989,14.5,supine
2024-01-16 03:25:38,60.9,97.1,0.999,1,13.3,supine
2024-01-16 03:25:40,61.4,97.1,1,0.969,15.2,supine
2024-01-16 03:25:42,61.4,97.9,1,1,14.4,supine
2024-01-16 03:25:44,62.8,97.8,1,1,14.6,supine
2024-01-16 03:25:46,63.7,97.5,0.98,1,14.4,supine
2024-01-16 03:25:48,60.6,97.5,0.991,1,14.6,supine
2024-01-16 03:25:50,62.4,97.5,0.993,1,13,supine
2024-01-16 03:25:52,60.7,97.5,1,1,13.7,supine
2024-01-16 03:25:54,62.8,96.9,1,0.995,14.2,supine
2024-01-16 03:25:56,61.2,97.4,1,0.953,13.3,supine
2024-01-16 03:25:58,63.4,97.9,1,1,14,supine
2024-01-16 03:26:00,59.9,97.7,1,1,14.2,supine
2024-01-16 03:26:02,59.6,97.5,1,1,13.8,supine
2024-01-16 03:26:04,61.3,97.1,1,0.949,14.4,supine
2024-01-16 03:26:06,61.4,97.7,0.985,0.96,14.2,supine
2024-01-16 03:26:08,61.2,97.7,1,0.991,14,supine
2024-01-16 03:26:10,65.1,97.4,1,0.976,13.5,supine
2024-01-16 03:26:12,62.4,97.4,1,1,14.8,supine
2024-01-16 03:26:14,62.1,98,0.982,0.993,14.5,supine
2024-01-16 03:26:16,63.2,97.6,1,0.963,14.3,supine
2024-01-16 03:26:18,59.4,97.7,1,1,14.2,supine
2024-01-16 03:26:20,59,97.7,1,1,14.3,supine
2024-01-16 03:26:22,63.8,97.3,1,0.996,14.1,supine
2024-01-16 03:26:24,61,97.2,0.983,0.999,13.9,supine
2024-01-16 03:26:26,60.7,97.1,0.958,1,13.8,supine
2024-01-16 03:26:28,62.4,97.3,0.972,1,13.4,supine
2024-01-16 03:26:30,60.1,97.3,0.976,0.979,13.3,supine
2024-01-16 03:26:32,62.7,97.7,0.964,0.969,14.6,supine
2024-01-16 03:26:34,61.6,97.6,0.992,0.968,15.2,supine
2024-01-16 03:26:36,63.8,97.5,0.945,0.949,14.5,supine
2024-01-16 03:26:38,63,97.6,0.967,1,14.4,supine
2024-01-16 03:26:40,63.3,97.9,1,0.99,13.3,supine
2024-01-16 03:26:42,60.6,97.3,1,1,14,supine
2024-01-16 03:26:44,62.5,97.6,0.983,1,14.4,supine
2024-01-16 03:26:46,61.3,97.5,1,0.989,13.4,supine
2024-01-16 03:26:48,61.5,98.2,0.97,0.903,13.9,supine
2024-01-16 03:26:50,64.3,97.2,0.99,0.95,13.8,supine
2024-01-16 03:26:52,60.1,97.2,1,0.991,14.2,supine
2024-01-16 03:26:54,63.9,97.5,1,0.992,14,supine
2024-01-16 03:26:56,60.3,97.4,0.963,0.982,14.2,supine
2024-01-16 03:26:58,63.1,97.5,1,1,14.1,supine
2024-01-16 03:27:00,62,97.8,1,0.964,13.4,supine
2024-01-16 03:27:02,63.2,97.5,1,0.976,13.6,supine
2024-01-16 03:27:04,60.8,97.6,0.967,0.997,15,supine
2024-01-16 03:27:06,62.5,97.5,1,1,13.8,supine
2024-01-16 03:27:08,64.5,97.7,0.998,0.98,13.6,supine
2024-01-16 03:27:10,62.9,97.2,1,0.949,14,supine
2024-01-16 03:27:12,61,97.8,1,1,13.4,supine
2024-01-16 03:27:14,61.2,97.6,1,0.999,14.2,supine
2024-01-16 03:27:16,62.7,97,0.981,1,14.2,supine
2024-01-16 03:27:18,60.9,97.7,0.986,0.941,13.8,supine
2024-01-16 03:27:20,62.3,97.4,0.991,1,14.3,supine
2024-01-16 03:27:22,60.7,97.8,1,1,13.9,supine
2024-01-16 03:27:24,62.1,98,1,1,14.7,supine
2024-01-16 03:27:26,60.6,97,1,1,14.1,supine
2024-01-16 03:27:28,63,97.4,1,0.979,14.2,supine
2024-01-16 03:27:30,63.9,97.3,1,1,14.9,supine
2024-01-16 03:27:32,59.7,97.4,1,0.983,14.1,supine
2024-01-16 03:27:34,62.6,97.7,1,0.972,14.3,supine
2024-01-16 03:27:36,62,97.4,0.964,1,12.2,supine
2024-01-16 03:27:38,61.7,97.8,0.955,0.984,14.2,supine
2024-01-16 03:27:40,61.6,97.1,1,1,13.5,supine
2024-01-16 03:27:42,64.5,97.4,0.954,0.968,14.4,supine
2024-01-16 03:27:44,63.6,97.8,0.998,0.975,14,supine
2024-01-16 03:27:46,63.4,97.7,1,1,13.9,supine
2024-01-16 03:27:48,59.3,97.4,1,1,14.4,supine
2024-01-16 03:27:50,60.6,97.4,1,1,13.5,supine
2024-01-16 03:27:52,60,96.8,1,0.964,13.1,supine
2024-01-16 03:27:54,62.2,97.4,1,0.911,14.3,supine
2024-01-16 03:27:56,63,97.4,1,0.986,14.6,supine
2024-01-16 03:27:58,61.9,98.1,1,0.994,14.4,supine
2024-01-16 03:28:00,61.7,97.5,0.994,1,15,supine
2024-01-16 03:28:02,62.6,97.5,1,1,13.8,supine
2024-01-16 03:28:04,60.8,97.8,1,1,13.5,supine
2024-01-16 03:28:06,62.2,98,0.981,0.924,13.8,supine
2024-01-16 03:28:08,59.5,97.3,0.972,1,13.4,supine
2024-01-16 03:28:10,62.2,97.8,0.998,0.994,13.9,supine
2024-01-16 03:28:12,61,97.5,1,0.984,13.7,supine
2024-01-16 03:28:14,63.1,97.8,1,1,14.2,supine
2024-01-16 03:28:16,62,97.3,0.96,1,13.4,supine
2024-01-16 03:28:18,60.1,97.8,1,1,13.6,supine
2024-01-16 03:28:20,61.5,97,1,0.987,13.3,supine
2024-01-16 03:28:22,63.9,97.5,1,0.996,14,supine
2024-01-16 03:28:24,63.7,97.1,0.968,0.985,13.1,supine
2024-01-16 03:28:26,62.1,97.8,1,1,14,supine
2024-01-16 03:28:28,61.1,97.5,0.975,0.969,13.7,supine
2024-01-16 03:28:30,61.7,97.8,1,1,14.1,supine
2024-01-16 03:28:32,63.8,97.5,0.981,0.944,14.1,supine
2024-01-16 03:28:34,64.3,97.7,0.936,1,14,supine
2024-01-16 03:28:36,63.3,96.7,1,1,14.4,supine
2024-01-16 03:28:38,61.1,97.8,0.991,0.959,15.3,supine
2024-01-16 03:28:40,63.4,97.1,0.974,0.993,14,supine
2024-01-16 03:28:42,63,97.4,0.984,1,13.9,supine
2024-01-16 03:28:44,63.2,97.2,0.988,0.978,13.8,supine
2024-01-16 03:28:46,64,97.7,1,0.925,14.6,supine
2024-01-16 03:28:48,64.2,97.7,0.989,1,14.9,supine
2024-01-16 03:28:50,62.2,97.5,0.967,1,14.1,supine
2024-01-16 03:28:52,60.4,97.4,0.997,1,14.6,supine
2024-01-16 03:28:54,60.4,97.2,0.996,1,13.7,supine
2024-01-16 03:28:56,61.2,97.9,1,1,13.9,supine
2024-01-16 03:28:58,62.7,98.1,0.983,0.996,13.2,supine
2024-01-16 03:29:00,60.3,97.6,0.969,1,14.3,supine
2024-01-16 03:29:02,60.7,97.8,1,0.986,13.9,supine
2024-01-16 03:29:04,64,97.7,0.976,0.944,14.9,supine
2024-01-16 03:29:06,64.7,97.4,0.977,1,13.8,supine
2024-01-16 03:29:08,61.1,97.3,0.994,0.99,14.6,supine
2024-01-16 03:29:10,61.9,97.4,1,0.983,14.5,supine
2024-01-16 03:29:12,61.3,97.5,1,0.991,14.1,supine
2024-01-16 03:29:14,63.8,97.6,0.918,1,14.2,supine
2024-01-16 03:29:16,61,97.3,0.986,0.988,13.7,supine
2024-01-16 03:29:18,62.2,97.3,1,0.986,14,supine
2024-01-16 03:29:20,61.5,97.3,0.98,1,13.7,supine
2024-01-16 03:29:22,59.7,97.7,1,0.983,13.5,supine
2024-01-16 03:29:24,61.3,97.8,0.992,1,15,supine
2024-01-16 03:29:26,62,97.4,1,1,14.3,supine
2024-01-16 03:29:28,64.5,97.2,0.952,1,13.6,supine
2024-01-16 03:29:30,60.4,98.2,1,1,13.5,supine
2024-01-16 03:29:32,61,97.3,0.988,0.998,13.7,supine
2024-01-16 03:29:34,62.8,97.9,0.973,1,14.9,supine
2024-01-16 03:29:36,59.8,97.3,0.997,1,13.9,supine
2024-01-16 03:29:38,62.9,97.3,0.996,1,14.3,supine
2024-01-16 03:29:40,62,97.1,0.975,1,14.2,supine
2024-01-16 03:29:42,63.5,97.2,0.982,0.929,14.1,supine
2024-01-16 03:29:44,62.5,97.3,0.994,1,14.4,supine
2024-01-16 03:29:46,61.7,97.2,0.99,0.969,13.9,supine
2024-01-16 03:29:48,62,97.4,1,1,14,supine
2024-01-16 03:29:50,62.7,97.5,0.975,0.969,13.3,supine
2024-01-16 03:29:52,60,97.5,0.986,0.986,14.1,supine
2024-01-16 03:29:54,64.7,97.4,0.987,0.991,13.6,supine
2024-01-16 03:29:56,61.7,97.5,0.98,0.96,14,supine
2024-01-16 03:29:58,61.2,97.5,0.975,1,13.4,supine
2024-01-16 03:30:00,61.1,97.8,0.058,0.833,0,supine
2024-01-16 03:30:02,57.8,97.9,0.072,0.695,0,supine
2024-01-16 03:30:04,59.1,97.8,0.06,0.733,0,supine
2024-01-16 03:30:06,61.1,96.9,0.05,0.725,0,supine
2024-01-16 03:30:08,61.5,98.3,0.036,0.681,0,supine
2024-01-16 03:30:10,61.1,97.8,0.05,0.649,0,supine
2024-01-16 03:30:12,60.9,97,0.067,0.651,0,supine
2024-01-16 03:30:14,57.3,97.2,0.035,0.816,0,supine
2024-01-16 03:30:16,56.9,95.5,0.073,0.805,0,supine
2024-01-16 03:30:18,57.8,94.8,0.035,0.791,0,supine
2024-01-16 03:30:20,59,94.5,0.047,0.689,0,supine
2024-01-16 03:30:22,59.2,94,0.068,0.841,0,supine
2024-01-16 03:30:24,60,93.5,0.023,0.669,0,supine
2024-01-16 03:30:26,61.7,92.5,0.071,0.809,0,supine
2024-01-16 03:30:28,66.2,91.7,0.96,1,14,supine
2024-01-16 03:30:30,65.3,91.7,1,1,14.1,supine
2024-01-16 03:30:32,68.5,92,0.973,0.976,14.8,supine
2024-01-16 03:30:34,65.2,91.4,1,1,14.7,supine
2024-01-16 03:30:36,67.1,91.5,1,1,14.2,supine
2024-01-16 03:30:38,63.7,91,0.988,1,14.6,supine
2024-01-16 03:30:40,65,90.7,0.987,1,13.4,supine
2024-01-16 03:30:42,61.8,90.9,1,0.975,14.9,supine
2024-01-16 03:30:44,61.3,97.5,0.972,0.996,14.1,supine
2024-01-16 03:30:46,64.3,97.5,0.993,0.986,14.6,supine
2024-01-16 03:30:48,62.7,97.3,1,0.978,14,supine
2024-01-16 03:30:50,62,97.3,0.997,1,13.9,supine
2024-01-16 03:30:52,62.4,97.6,1,0.948,13.4,supine
2024-01-16 03:30:54,60.6,97.3,0.982,0.982,14.6,supine
2024-01-16 03:30:56,60.3,97.5,0.945,1,13.7,supine
2024-01-16 03:30:58,63.5,97.6,0.984,1,14.9,supine
2024-01-16 03:31:00,64.4,97.6,1,1,13.1,supine
2024-01-16 03:31:02,61.5,97.6,1,1,13.1,supine
2024-01-16 03:31:04,62.8,97.4,0.992,0.994,14,supine
2024-01-16 03:31:06,62.5,97.8,1,0.963,14.1,supine
2024-01-16 03:31:08,61.6,97.4,0.988,1,14.7,supine
2024-01-16 03:31:10,61.9,97.4,0.981,0.963,13.2,supine
2024-01-16 03:31:12,60.2,97.6,1,1,14.5,supine
2024-01-16 03:31:14,62.7,97.6,1,1,14.5,supine
2024-01-16 03:31:16,61.8,97.8,1,1,13.6,supine
2024-01-16 03:31:18,64.3,97.5,1,1,13.3,supine
2024-01-16 03:31:20,60.1,97.5,0.953,1,14,supine
2024-01-16 03:31:22,63.3,98.4,1,1,13.2,supine
2024-01-16 03:31:24,61.9,97.4,1,0.973,14.1,supine
2024-01-16 03:31:26,61,97.2,1,1,14.1,supine
2024-01-16 03:31:28,62.4,97.6,1,0.968,14.3,supine
2024-01-16 03:31:30,61,97.9,1,0.995,13.2,supine
2024-01-16 03:31:32,61.8,97.3,1,1,13.6,supine
2024-01-16 03:31:34,59.8,97.4,0.972,1,13.4,supine
2024-01-16 03:31:36,61.7,98,1,1,14.7,supine
2024-01-16 03:31:38,59.6,97.7,0.967,1,14.3,supine
2024-01-16 03:31:40,61.7,97.2,1,1,14.5,supine
2024-01-16 03:31:42,60.6,98.3,1,1,14.2,supine
2024-01-16 03:31:44,61.3,97.6,1,1,15.1,supine
2024-01-16 03:31:46,61,97.4,1,0.995,13.9,supine
2024-01-16 03:31:48,66.1,98,1,1,13.7,supine
2024-01-16 03:31:50,62.3,97.6,1,1,14,supine
2024-01-16 03:31:52,59,98.1,0.991,1,14.2,supine
2024-01-16 03:31:54,62.3,97.4,1,1,14.5,supine
2024-01-16 03:31:56,62.6,97.5,1,1,14.3,supine
2024-01-16 03:31:58,60.6,97,0.986,1,14.8,supine
2024-01-16 03:32:00,63.4,97.6,0.964,1,13.4,supine
2024-01-16 03:32:02,62.1,97.2,1,1,14.2,supine
2024-01-16 03:32:04,61.5,97.3,1,0.966,13.4,supine
2024-01-16 03:32:06,63.2,97.9,0.986,1,12.9,supine
2024-01-16 03:32:08,61.6,97.6,0.965,1,13,supine
2024-01-16 03:32:10,63.4,97.3,1,1,13.6,supine
2024-01-16 03:32:12,59.6,97.2,0.982,1,14.7,supine
2024-01-16 03:32:14,63,97.6,0.969,1,13.2,supine
2024-01-16 03:32:16,62.4,97.8,1,1,13.9,supine
2024-01-16 03:32:18,61.7,97.3,1,0.981,13.1,supine
2024-01-16 03:32:20,61.8,97.1,0.976,1,14.7,supine
2024-01-16 03:32:22,61.3,98,0.986,1,13.4,supine
2024-01-16 03:32:24,60.8,97.5,0.996,0.974,13.5,supine
2024-01-16 03:32:26,62,97.6,1,1,14.4,supine
2024-01-16 03:32:28,62,97.7,0.992,0.941,13.9,supine
2024-01-16 03:32:30,58.1,97.9,0.974,0.979,13.5,supine
2024-01-16 03:32:32,62.6,97.2,1,0.978,13.8,supine
2024-01-16 03:32:34,61.2,97.1,0.985,1,13.2,supine
2024-01-16 03:32:36,60.8,97.5,0.977,0.995,14.3,supine
2024-01-16 03:32:38,62.4,97,0.981,1,14.5,supine
2024-01-16 03:32:40,60.6,97.9,0.965,0.967,13.1,supine
2024-01-16 03:32:42,60.9,96.9,1,1,14,supine
2024-01-16 03:32:44,62.2,97.3,0.979,0.97,13.9,supine
2024-01-16 03:32:46,63.5,97.4,1,0.998,13.5,supine
2024-01-16 03:32:48,60.1,97.5,0.981,1,13.9,supine
2024-01-16 03:32:50,63.2,97.5,1,0.985,14.4,supine
2024-01-16 03:32:52,62.4,97.4,1,0.967,13.5,supine
2024-01-16 03:32:54,60.9,97.4,0.938,0.996,14.3,supine
2024-01-16 03:32:56,64.5,97.6,0.977,1,14.3,supine
2024-01-16 03:32:58,60.1,97.8,0.976,1,14.7,supine
2024-01-16 03:33:00,60.6,97.7,0.947,1,13.4,supine
2024-01-16 03:33:02,60.7,97.4,1,0.971,14,supine
2024-01-16 03:33:04,60.9,97.3,0.979,1,13.3,supine
2024-01-16 03:33:06,62.5,97.9,1,0.946,14.7,supine
2024-01-16 03:33:08,62.8,97.9,1,1,13.9,supine
2024-01-16 03:33:10,60.8,97.4,0.953,1,15.2,supine
2024-01-16 03:33:12,64.3,97.1,1,0.973,14.2,supine
2024-01-16 03:33:14,62.6,97.1,1,0.997,14.6,supine
2024-01-16 03:33:16,59.7,97.1,1,1,13,supine
2024-01-16 03:33:18,63.4,97.4,0.976,0.967,13.8,supine
2024-01-16 03:33:20,61.7,97.5,1,0.983,14.3,supine
2024-01-16 03:33:22,63.3,97.4,0.987,1,13,supine
2024-01-16 03:33:24,63.5,97.5,0.972,0.975,14.1,supine
2024-01-16 03:33:26,60,98,0.928,1,13.8,supine
2024-01-16 03:33:28,62.4,97.1,0.983,1,13.8,supine
2024-01-16 03:33:30,64,97.6,1,0.982,12.5,supine
2024-01-16 03:33:32,65.2,97,1,0.986,14.1,supine
2024-01-16 03:33:34,62.6,97.9,1,0.92,12.9,supine
2024-01-16 03:33:36,59.1,97.5,0.941,0.979,13.4,supine
2024-01-16 03:33:38,59.8,97.4,1,1,14.3,supine
2024-01-16 03:33:40,62.1,97.5,1,1,14.4,supine
2024-01-16 03:33:42,59.7,97.7,1,0.977,14.2,supine
2024-01-16 03:33:44,62.1,97.6,1,1,13.7,supine
2024-01-16 03:33:46,61.4,97.5,0.997,1,13.2,supine
2024-01-16 03:33:48,60.2,97.5,1,0.993,14.4,supine
2024-01-16 03:33:50,62.7,97.6,1,1,13.7,supine
2024-01-16 03:33:52,61.2,97.6,1,0.944,14,supine
2024-01-16 03:33:54,59.7,97.3,0.976,0.982,13.4,supine
2024-01-16 03:33:56,63,97.5,1,0.985,13.7,supine
2024-01-16 03:33:58,61.7,97.5,0.986,1,14.2,supine
2024-01-16 03:34:00,57.6,97.2,0.998,1,13.8,supine
2024-01-16 03:34:02,62.5,97.5,0.986,0.977,13.6,supine
2024-01-16 03:34:04,61.4,97.6,0.971,1,14.2,supine
2024-01-16 03:34:06,62.8,97.2,1,0.984,13.5,supine
2024-01-16 03:34:08,62,97.1,1,0.989,13.7,supine
2024-01-16 03:34:10,63.1,97.5,0.954,0.997,14,supine
2024-01-16 03:34:12,62.2,97.2,1,0.991,12.8,supine
2024-01-16 03:34:14,61.7,97.5,1,0.987,14.5,supine
2024-01-16 03:34:16,63.5,97.2,0.991,0.981,14.6,supine
2024-01-16 03:34:18,62,97.5,1,1,13.5,supine
2024-01-16 03:34:20,61.6,97.3,1,0.97,14,supine
2024-01-16 03:34:22,62.7,97.6,1,1,13.6,supine
2024-01-16 03:34:24,60.8,97.4,0.974,0.95,14.5,supine
2024-01-16 03:34:26,62,97.7,0.988,1,14.2,supine
2024-01-16 03:34:28,61.6,97.3,0.991,1,14.4,supine
2024-01-16 03:34:30,64.7,97.5,0.979,0.974,14.7,supine
2024-01-16 03:34:32,62.9,97.2,1,0.995,14,supine
2024-01-16 03:34:34,60.6,98,0.98,1,14.4,supine
2024-01-16 03:34:36,65.6,97.3,0.943,1,13.9,supine
2024-01-16 03:34:38,63.7,97.4,0.998,1,14.1,supine
2024-01-16 03:34:40,59.8,97.4,1,1,14.2,supine
2024-01-16 03:34:42,62.2,97.5,0.987,0.993,13.4,supine
2024-01-16 03:34:44,60.9,97,0.984,0.998,13.7,supine
2024-01-16 03:34:46,61.3,97.4,1,0.964,13.8,supine
2024-01-16 03:34:48,63.8,97.2,0.996,1,14.6,supine
2024-01-16 03:34:50,64.1,97.3,0.947,0.979,13.9,supine
2024-01-16 03:34:52,60.5,97.2,0.935,0.971,14,supine
2024-01-16 03:34:54,62.3,97.6,0.97,1,13.2,supine
2024-01-16 03:34:56,62.9,97.1,0.987,0.985,14.1,supine
2024-01-16 03:34:58,62.8,97.7,0.991,1,13.5,supine
2024-01-16 03:35:00,60.6,97.5,1,1,12.6,supine
2024-01-16 03:35:02,61,97.8,1,1,14.4,supine
2024-01-16 03:35:04,62.8,97.7,1,1,15.2,supine
2024-01-16 03:35:06,62.7,98,1,0.971,13.2,supine
2024-01-16 03:35:08,62.5,97.1,0.968,0.942,13.4,supine
2024-01-16 03:35:10,60.3,97.8,0.989,0.966,14.1,supine
2024-01-16 03:35:12,61.9,96.5,1,1,14.7,supine
2024-01-16 03:35:14,62,97,0.99,0.981,13.7,supine
2024-01-16 03:35:16,61.7,97.6,1,1,13.5,supine
2024-01-16 03:35:18,61.8,98,0.98,1,13.3,supine
2024-01-16 03:35:20,62.1,97.2,1,1,13.5,supine
2024-01-16 03:35:22,62.5,97.6,1,0.949,13.1,supine
2024-01-16 03:35:24,60.7,97.5,1,1,13.4,supine
2024-01-16 03:35:26,60.5,97.7,1,0.984,14,supine
2024-01-16 03:35:28,62.6,97.3,1,1,13.4,supine
2024-01-16 03:35:30,62.3,97,0.977,1,14.3,supine
2024-01-16 03:35:32,61.9,97.7,1,1,13.9,supine
2024-01-16 03:35:34,60.2,97.2,0.934,0.964,13.7,supine
2024-01-16 03:35:36,61.2,97.8,1,1,14.4,supine
2024-01-16 03:35:38,58.6,98,0.986,0.977,15,supine
2024-01-16 03:35:40,61.8,97.7,0.963,0.982,14.3,supine
2024-01-16 03:35:42,62.3,98,1,0.988,13.8,supine
2024-01-16 03:35:44,60.2,97.4,1,1,14.4,supine
2024-01-16 03:35:46,61.1,97.3,1,0.979,13.8,supine
2024-01-16 03:35:48,64.2,97.9,1,0.964,13.9,supine
2024-01-16 03:35:50,63.9,97.7,1,0.987,13.1,supine
2024-01-16 03:35:52,59.7,97.7,0.989,0.988,14.4,supine
2024-01-16 03:35:54,62.5,98,0.997,1,14.3,supine
2024-01-16 03:35:56,64.2,97.7,0.972,1,14.8,supine
2024-01-16 03:35:58,63.3,97.8,0.94,0.982,13.5,supine
2024-01-16 03:36:00,63.3,97.4,1,0.996,13.8,supine
2024-01-16 03:36:02,60.8,97.5,0.982,0.97,13.9,supine
2024-01-16 03:36:04,59.8,97.1,1,1,13.7,supine
2024-01-16 03:36:06,60.8,97.8,0.993,0.97,14,supine
2024-01-16 03:36:08,63,97.7,0.968,1,14.1,supine
2024-01-16 03:36:10,62.5,97.7,0.957,1,14.5,supine
2024-01-16 03:36:12,64.1,97.5,0.977,0.995,13.7,supine
2024-01-16 03:36:14,59.8,97.1,1,0.976,13.9,supine
2024-01-16 03:36:16,59.9,97.5,1,0.983,14.1,supine
2024-01-16 03:36:18,64.2,97.1,0.969,0.938,13.4,supine
2024-01-16 03:36:20,62.1,97.2,1,0.978,14.7,supine
2024-01-16 03:36:22,61.3,97.2,1,0.989,13.7,supine
2024-01-16 03:36:24,60.2,97.5,1,0.951,13.9,supine
2024-01-16 03:36:26,60.8,97.4,0.981,0.956,14.3,supine
2024-01-16 03:36:28,64.2,97.2,1,1,13.8,supine
2024-01-16 03:36:30,59.9,97.9,0.985,0.968,14,supine
2024-01-16 03:36:32,63.4,97.1,0.994,1,14.3,supine
2024-01-16 03:36:34,61.4,97.5,1,0.963,14.4,supine
2024-01-16 03:36:36,63.1,97.8,1,1,14.1,supine
2024-01-16 03:36:38,61.9,97.5,1,1,14.3,supine
2024-01-16 03:36:40,62.7,97.8,0.995,0.98,13.6,supine
2024-01-16 03:36:42,61.2,96.8,1,0.989,13.5,supine
2024-01-16 03:36:44,65.1,97.6,0.98,0.983,13.8,supine
2024-01-16 03:36:46,60.4,97.3,1,1,14.3,supine
2024-01-16 03:36:48,61.8,97.5,0.974,1,13.3,supine
2024-01-16 03:36:50,65.3,97.7,1,0.986,14.6,supine
2024-01-16 03:36:52,61.4,97.7,0.96,0.998,13.8,supine
2024-01-16 03:36:54,64.6,97.6,1,0.969,13.2,supine
2024-01-16 03:36:56,62.4,97.6,1,0.986,13.4,supine
2024-01-16 03:36:58,62.2,98,0.973,1,14.2,supine
2024-01-16 03:37:00,61.1,97.1,0.999,0.977,13.8,supine
2024-01-16 03:37:02,64,97.3,1,0.952,14.3,supine
2024-01-16 03:37:04,63.2,97.8,0.98,0.999,13.8,supine
2024-01-16 03:37:06,59.8,97.5,0.986,0.935,13.8,supine
2024-01-16 03:37:08,64.2,97.5,0.997,0.988,13.1,supine
2024-01-16 03:37:10,62.4,97.4,0.984,1,13.9,supine
2024-01-16 03:37:12,63.7,97.3,1,0.974,14.1,supine
2024-01-16 03:37:14,63,97.7,1,1,15.1,supine
2024-01-16 03:37:16,65,98.1,0.955,0.994,13.6,supine
2024-01-16 03:37:18,60.7,97.7,0.99,1,14.2,supine
2024-01-16 03:37:20,62.1,97.6,1,0.971,14.7,supine
2024-01-16 03:37:22,62.3,97.6,1,0.999,14.4,supine
2024-01-16 03:37:24,64.4,97.8,1,0.977,14.5,supine
2024-01-16 03:37:26,64,97.5,0.971,0.989,13.9,supine
2024-01-16 03:37:28,62.6,97.5,1,1,13.9,supine
2024-01-16 03:37:30,63.7,98,0.98,1,13.1,supine
2024-01-16 03:37:32,62.3,97.7,0.985,1,14.1,supine
2024-01-16 03:37:34,64.7,97.3,0.981,1,13.9,supine
2024-01-16 03:37:36,61.1,97.9,0.93,1,13.7,supine
2024-01-16 03:37:38,59.7,97.9,1,1,14.1,supine
2024-01-16 03:37:40,59.8,97.3,0.993,1,13.6,supine
2024-01-16 03:37:42,62.4,97.5,1,0.983,13.9,supine
2024-01-16 03:37:44,62.2,96.6,0.942,0.978,14.4,supine
2024-01-16 03:37:46,62,98.2,1,1,13.9,supine
2024-01-16 03:37:48,62.1,97.6,1,1,14.1,supine
2024-01-16 03:37:50,59.5,97.5,0.984,0.977,14,supine
2024-01-16 03:37:52,62.4,97.9,0.951,0.965,13.9,supine
2024-01-16 03:37:54,61.8,97.5,1,0.971,14.5,supine
2024-01-16 03:37:56,60.7,97.2,1,0.924,14.6,supine
2024-01-16 03:37:58,61.5,97,1,1,13.8,supine
2024-01-16 03:38:00,62.6,97.5,0.967,1,14.9,supine
2024-01-16 03:38:02,60.5,97.5,0.998,1,14.3,supine
2024-01-16 03:38:04,65.9,97.4,1,1,13.8,supine
2024-01-16 03:38:06,61.2,97.4,0.991,0.967,13.8,supine
2024-01-16 03:38:08,62.5,97.4,1,1,13.3,supine
2024-01-16 03:38:10,61.3,97,1,0.997,13.7,supine
2024-01-16 03:38:12,62.1,97.4,0.988,0.999,14.2,supine
2024-01-16 03:38:14,62.4,97.8,1,1,13.8,supine
2024-01-16 03:38:16,62,97.3,0.987,1,13.5,supine
2024-01-16 03:38:18,63.6,97.5,1,1,14.1,supine
2024-01-16 03:38:20,64.4,97,1,1,14.3,supine
2024-01-16 03:38:22,63.4,98.1,1,0.995,13.7,supine
2024-01-16 03:38:24,60.7,97.2,0.983,0.98,13.6,supine
2024-01-16 03:38:26,63.6,97.2,1,0.997,14.7,supine
2024-01-16 03:38:28,62.7,96.8,1,0.957,14.3,supine
2024-01-16 03:38:30,60.4,97.6,1,0.998,14.9,supine
2024-01-16 03:38:32,62.5,97.4,0.987,0.988,13.4,supine
2024-01-16 03:38:34,60.7,97,0.953,1,14,supine
2024-01-16 03:38:36,63.2,97.5,0.993,0.986,13.4,supine
2024-01-16 03:38:38,60.7,97.4,0.941,0.955,14.5,supine
2024-01-16 03:38:40,60.7,97.2,1,1,14.5,supine
2024-01-16 03:38:42,61.4,97.6,1,1,13.4,supine
2024-01-16 03:38:44,63,97.1,0.952,0.982,14.3,supine
2024-01-16 03:38:46,61.4,97.7,1,1,13.9,supine
2024-01-16 03:38:48,62.2,97.5,0.953,0.994,13.9,supine
2024-01-16 03:38:50,61.5,96.7,1,0.991,14.5,supine
2024-01-16 03:38:52,60,97.6,0.982,0.954,13.7,supine
2024-01-16 03:38:54,62.6,97.4,0.975,0.983,14.8,supine
2024-01-16 03:38:56,61.5,97.8,1,0.966,13.7,supine
2024-01-16 03:38:58,64.4,97.3,1,1,14.7,supine
2024-01-16 03:39:00,62.4,97.7,1,1,14.5,supine
2024-01-16 03:39:02,62.1,97.3,1,0.932,14.1,supine
2024-01-16 03:39:04,59.9,97.8,1,0.984,14.7,supine
2024-01-16 03:39:06,63.8,97.5,0.991,1,14.4,supine
2024-01-16 03:39:08,61.8,97.1,1,1,14.8,supine
2024-01-16 03:39:10,65.3,97.4,0.988,0.973,14.5,supine
2024-01-16 03:39:12,61.1,97.6,1,0.994,14.5,supine
2024-01-16 03:39:14,63.4,97.3,1,1,13.2,supine
2024-01-16 03:39:16,63.6,97.8,1,1,13.3,supine
2024-01-16 03:39:18,62.8,97.9,1,0.997,14.1,supine
2024-01-16 03:39:20,61.1,97.4,1,0.982,14.6,supine
2024-01-16 03:39:22,61.6,97.4,0.976,0.981,14,supine
2024-01-16 03:39:24,61.9,97.6,1,0.998,13.9,supine
2024-01-16 03:39:26,60.5,97.9,1,1,14,supine
2024-01-16 03:39:28,61.1,97.9,0.972,0.925,15,supine
2024-01-16 03:39:30,60.7,97.6,1,1,14.6,supine
2024-01-16 03:39:32,59,97.6,1,1,14.4,supine
2024-01-16 03:39:34,64,97.3,0.998,1,14,supine
2024-01-16 03:39:36,62.8,98,1,1,14.2,supine
2024-01-16 03:39:38,62.1,97.5,0.995,0.992,14.9,supine
2024-01-16 03:39:40,63.6,96.9,1,0.997,14.1,supine
2024-01-16 03:39:42,64.1,97.4,0.991,1,14.2,supine
2024-01-16 03:39:44,61.1,97.5,1,0.997,14.2,supine
2024-01-16 03:39:46,60.9,96.9,1,0.994,13.3,supine
2024-01-16 03:39:48,61.4,97.4,0.99,1,14.1,supine
2024-01-16 03:39:50,62.5,97.4,1,0.988,14.2,supine
2024-01-16 03:39:52,62.4,97.7,0.95,1,14,supine
2024-01-16 03:39:54,63.4,97.6,1,1,14,supine
2024-01-16 03:39:56,59.9,96.8,1,0.944,14.3,supine
2024-01-16 03:39:58,63.1,97.3,0.996,0.982,14.3,supine
2024-01-16 03:40:00,65.2,97.2,0.992,1,13.9,supine
2024-01-16 03:40:02,62.1,97.7,0.993,0.954,14.4,supine
2024-01-16 03:40:04,62.7,97.6,0.999,0.993,13.3,supine
2024-01-16 03:40:06,65.2,97.6,0.988,1,13.5,supine
2024-01-16 03:40:08,63.5,97.1,0.996,1,14.2,supine
2024-01-16 03:40:10,62.3,97.3,1,0.979,13.7,supine
2024-01-16 03:40:12,62.9,97.8,0.991,0.991,13.6,supine
2024-01-16 03:40:14,61,97.4,1,1,13.8,supine
2024-01-16 03:40:16,61.1,97.4,0.978,1,13.6,supine
2024-01-16 03:40:18,59.1,98,0.986,1,14.1,supine
2024-01-16 03:40:20,60.1,97.7,1,1,13.4,supine
2024-01-16 03:40:22,59,97.7,1,1,13.5,supine
2024-01-16 03:40:24,64.3,97.5,1,0.977,14.3,supine
2024-01-16 03:40:26,60.2,97.6,1,0.984,14.7,supine
2024-01-16 03:40:28,63.8,97.4,0.994,0.951,14.2,supine
2024-01-16 03:40:30,65.1,97.2,0.924,1,14.5,supine
2024-01-16 03:40:32,63,97.6,1,0.951,13.3,supine
2024-01-16 03:40:34,62.9,97,1,1,13.6,supine
2024-01-16 03:40:36,62.8,98,1,1,12.9,supine
2024-01-16 03:40:38,62.2,97.8,0.978,0.951,13.9,supine
2024-01-16 03:40:40,58.8,97.6,1,1,14.3,supine
2024-01-16 03:40:42,59.7,97.7,0.998,1,15,supine
2024-01-16 03:40:44,62.5,97.7,1,0.992,14.5,supine
2024-01-16 03:40:46,61.6,98.1,1,1,14,supine
2024-01-16 03:40:48,62.7,96.9,1,0.988,14.4,supine
2024-01-16 03:40:50,64.6,98.1,1,1,13.8,supine
2024-01-16 03:40:52,62.1,97.8,1,0.999,14.1,supine
2024-01-16 03:40:54,62.7,97.7,1,0.974,13.8,supine
2024-01-16 03:40:56,61.7,97.7,0.968,1,14.4,supine
2024-01-16 03:40:58,61.6,97.2,0.978,1,14.1,supine
2024-01-16 03:41:00,63.4,97.4,1,1,14,supine
2024-01-16 03:41:02,62.2,97.4,1,1,14.2,supine
2024-01-16 03:41:04,61.1,97.3,1,0.979,14.2,supine
2024-01-16 03:41:06,65.7,97.1,0.966,1,13.6,supine
2024-01-16 03:41:08,62.7,97.6,1,1,14.1,supine
2024-01-16 03:41:10,60.5,97.9,0.985,1,13.5,supine
2024-01-16 03:41:12,58.9,97.9,0.991,0.984,14,supine
2024-01-16 03:41:14,58.7,97.8,0.944,1,14.6,supine
2024-01-16 03:41:16,60.2,97.7,1,1,14.7,supine
2024-01-16 03:41:18,64.1,98.1,1,1,14.5,supine
2024-01-16 03:41:20,60.6,97.6,0.999,0.997,14.2,supine
2024-01-16 03:41:22,60.9,96.8,1,0.989,14,supine
2024-01-16 03:41:24,62.3,97.3,0.998,0.948,14.7,supine
2024-01-16 03:41:26,59.1,97.5,1,0.99,13.4,supine
2024-01-16 03:41:28,61.5,97.3,0.927,1,14.7,supine
2024-01-16 03:41:30,62.5,97.5,1,1,14.4,supine
2024-01-16 03:41:32,62.5,98.1,0.953,0.999,15,supine
2024-01-16 03:41:34,63.8,97.5,1,0.969,14.1,supine
2024-01-16 03:41:36,63.4,98,0.968,0.972,14.4,supine
2024-01-16 03:41:38,62.6,97.6,0.983,1,15,supine
2024-01-16 03:41:40,62.6,97.5,1,0.974,15.4,supine
2024-01-16 03:41:42,62,97.3,0.984,0.969,14.3,supine
2024-01-16 03:41:44,61.2,97.3,0.987,1,13.7,supine
2024-01-16 03:41:46,62.4,97.5,0.996,1,14,supine
2024-01-16 03:41:48,62.6,97.9,0.94,1,13.8,supine
2024-01-16 03:41:50,60.3,97.8,0.983,0.912,13.6,supine
2024-01-16 03:41:52,59.9,97.3,1,1,13.7,supine
2024-01-16 03:41:54,62.4,97.1,1,0.999,13.7,supine
2024-01-16 03:41:56,61.2,97.1,1,0.94,14.6,supine
2024-01-16 03:41:58,61.2,97.7,0.989,1,13.4,supine
2024-01-16 03:42:00,63.7,97.2,1,0.972,14.3,supine
2024-01-16 03:42:02,63.3,98.2,0.991,1,13.4,supine
2024-01-16 03:42:04,62.4,97.4,0.975,1,14.5,supine
2024-01-16 03:42:06,60.8,97.6,0.958,0.984,13,supine
2024-01-16 03:42:08,61.2,97.3,0.994,0.927,14.1,supine
2024-01-16 03:42:10,62.5,97.3,1,1,13.7,supine
2024-01-16 03:42:12,60.3,97.6,1,0.969,13.9,supine
2024-01-16 03:42:14,61.4,97.1,1,1,13.1,supine
2024-01-16 03:42:16,61.3,97.9,1,1,14.2,supine
2024-01-16 03:42:18,61.4,97.1,0.996,1,13.9,supine
2024-01-16 03:42:20,61.7,97.9,0.955,1,14.3,supine
2024-01-16 03:42:22,60.8,97.6,0.981,0.982,13.9,supine
2024-01-16 03:42:24,63.6,97.5,0.981,1,13.8,supine
2024-01-16 03:42:26,60.3,97.5,0.989,0.996,14.1,supine
2024-01-16 03:42:28,61.2,97.6,1,0.995,13.9,supine
2024-01-16 03:42:30,64,97.7,0.989,1,13.9,supine
2024-01-16 03:42:32,61.9,97.3,0.962,1,13.9,supine
2024-01-16 03:42:34,63.3,97.5,0.962,1,14.3,supine
2024-01-16 03:42:36,64.9,97.1,1,1,15.2,supine
2024-01-16 03:42:38,59,97.3,1,0.984,13.2,supine
2024-01-16 03:42:40,59.6,97.4,0.985,1,13.9,supine
2024-01-16 03:42:42,59.4,97.1,1,0.985,13.6,supine
2024-01-16 03:42:44,61.5,97.3,0.925,0.994,14.4,supine
2024-01-16 03:42:46,61.5,97.3,0.972,1,14.4,supine
2024-01-16 03:42:48,60.9,97.3,0.956,1,13.7,supine
2024-01-16 03:42:50,60.6,97.2,1,0.965,13.4,supine
2024-01-16 03:42:52,62.5,97.5,0.985,1,13.7,supine
2024-01-16 03:42:54,60,97.7,1,0.933,13.8,supine
2024-01-16 03:42:56,63.7,97.6,1,1,14.4,supine
2024-01-16 03:42:58,61.3,97.9,0.987,0.986,14.4,supine
2024-01-16 03:43:00,62.1,97.4,1,0.958,14.2,supine
2024-01-16 03:43:02,58.2,97.3,1,0.95,13.8,supine
2024-01-16 03:43:04,60.7,97.6,0.98,1,14.8,supine
2024-01-16 03:43:06,62.3,97.4,1,0.947,14,supine
2024-01-16 03:43:08,62.4,97.3,0.994,1,13.3,supine
2024-01-16 03:43:10,64.2,98.2,0.983,1,13.8,supine
2024-01-16 03:43:12,60.1,97.7,1,0.949,13.2,supine
2024-01-16 03:43:14,61.1,97.7,1,1,13.2,supine
2024-01-16 03:43:16,63.6,97.3,1,0.98,14.4,supine
2024-01-16 03:43:18,63.1,97.4,0.994,1,14.3,supine
2024-01-16 03:43:20,61.5,97.3,1,1,14.4,supine
2024-01-16 03:43:22,64,97.2,0.97,1,14.1,supine
2024-01-16 03:43:24,60.7,97.3,1,1,14,supine
2024-01-16 03:43:26,62.8,98.2,0.998,1,14.2,supine
2024-01-16 03:43:28,61,97.7,0.976,0.984,14.2,supine
2024-01-16 03:43:30,61.4,97.5,1,0.981,13.9,supine
2024-01-16 03:43:32,62,97.2,0.993,0.97,12.4,supine
2024-01-16 03:43:34,62.4,98.1,0.982,1,13.8,supine
2024-01-16 03:43:36,60.3,97.9,0.931,1,13.5,supine
2024-01-16 03:43:38,62.3,98.2,1,1,14.4,supine
2024-01-16 03:43:40,63.3,98.2,1,0.944,13.5,supine
2024-01-16 03:43:42,62.7,97.7,0.949,0.986,13.9,supine
2024-01-16 03:43:44,61.2,97.5,0.992,0.987,14.4,supine
2024-01-16 03:43:46,61.6,97.8,1,0.987,13.8,supine
2024-01-16 03:43:48,61.5,97.4,0.959,1,14.1,supine
2024-01-16 03:43:50,62.1,97.7,1,0.994,14.1,supine
2024-01-16 03:43:52,62,97.1,0.998,1,13.5,supine
2024-01-16 03:43:54,62,97.5,0.995,1,14.5,supine
2024-01-16 03:43:56,62.4,97.7,1,1,13.6,supine
2024-01-16 03:43:58,60.2,97.7,0.956,1,13.7,supine
2024-01-16 03:44:00,61.6,97.6,1,1,14.2,supine
2024-01-16 03:44:02,61.6,97.7,1,0.965,15.1,supine
2024-01-16 03:44:04,61.3,98.1,1,0.994,13.6,supine
2024-01-16 03:44:06,62.7,97.3,0.937,1,14.2,supine
2024-01-16 03:44:08,62.2,97.4,0.962,0.925,14.1,supine
2024-01-16 03:44:10,61.1,97.2,1,1,14.2,supine
2024-01-16 03:44:12,65.6,97.7,0.941,1,14.2,supine
2024-01-16 03:44:14,62.9,97.7,1,0.986,13.6,supine
2024-01-16 03:44:16,63.2,97.6,0.962,1,12.7,supine
2024-01-16 03:44:18,61.9,97.3,1,1,13.5,supine
2024-01-16 03:44:20,63.3,97.4,1,1,14,supine
2024-01-16 03:44:22,61.2,97.3,0.984,0.955,14.2,supine
2024-01-16 03:44:24,60,97.6,0.98,1,13.8,supine
2024-01-16 03:44:26,62.2,97.3,0.987,1,14,supine
2024-01-16 03:44:28,60.8,97.1,1,1,14.3,supine
2024-01-16 03:44:30,63.4,97.4,1,1,13.5,supine
2024-01-16 03:44:32,63.4,97.6,1,1,13.5,supine
2024-01-16 03:44:34,61.6,97,0.966,1,13.9,supine
2024-01-16 03:44:36,63.1,97.8,1,0.971,14.6,supine
2024-01-16 03:44:38,61.6,97.4,0.955,0.982,13.5,supine
2024-01-16 03:44:40,63.7,97.9,1,0.982,13.5,supine
2024-01-16 03:44:42,61.2,97.3,0.984,0.992,14.3,supine
2024-01-16 03:44:44,61,97.6,0.969,0.947,14.4,supine
2024-01-16 03:44:46,61.9,97.5,0.999,1,14.1,supine
2024-01-16 03:44:48,63.7,97.3,0.998,1,13.9,supine
2024-01-16 03:44:50,59,97.8,1,0.963,13.9,supine
2024-01-16 03:44:52,62.8,97.2,0.978,1,12.9,supine
2024-01-16 03:44:54,62.2,97.5,0.965,1,14.2,supine
2024-01-16 03:44:56,63.1,97.5,0.984,1,14.3,supine
2024-01-16 03:44:58,61.9,97.4,1,1,13.6,supine
2024-01-16 03:45:00,62.7,97.7,0.997,1,13.8,supine
2024-01-16 03:45:02,59.2,97,1,0.985,15,supine
2024-01-16 03:45:04,63.8,97.8,1,0.979,14.5,supine
2024-01-16 03:45:06,61.5,97.4,1,0.986,14.7,supine
2024-01-16 03:45:08,63.6,97.8,0.981,0.977,13.3,supine
2024-01-16 03:45:10,61.3,97.7,1,0.981,14.7,supine
2024-01-16 03:45:12,61.6,97.4,0.882,0.989,13.4,supine
2024-01-16 03:45:14,62.1,97.3,0.987,1,13.4,supine
2024-01-16 03:45:16,60.9,97,1,1,14.7,supine
2024-01-16 03:45:18,62.7,97.4,0.966,1,14.1,supine
2024-01-16 03:45:20,61.7,97.5,1,0.998,14,supine
2024-01-16 03:45:22,61.8,97.6,1,1,13.7,supine
2024-01-16 03:45:24,58.7,97.2,0.957,1,15,supine
2024-01-16 03:45:26,62.5,97.7,1,1,14.7,supine
2024-01-16 03:45:28,61.8,97.6,0.959,0.979,14.2,supine
2024-01-16 03:45:30,61.3,97.5,1,0.998,14,supine
2024-01-16 03:45:32,62,97.3,0.977,0.965,13.4,supine
2024-01-16 03:45:34,62,97,1,0.921,13.3,supine
2024-01-16 03:45:36,63,97.3,0.989,1,13.5,supine
2024-01-16 03:45:38,62.6,97.6,0.987,0.968,14.7,supine
2024-01-16 03:45:40,63.5,97.2,1,0.999,14.6,supine
2024-01-16 03:45:42,61,97.5,1,0.988,14.8,supine
2024-01-16 03:45:44,60.8,97.7,0.97,0.947,13.4,supine
2024-01-16 03:45:46,63.1,97.2,1,0.981,14.1,supine
2024-01-16 03:45:48,62.1,97.7,1,0.979,14.1,supine
2024-01-16 03:45:50,60.9,97.7,1,1,13.4,supine
2024-01-16 03:45:52,59.9,97.4,1,0.986,14.4,supine
2024-01-16 03:45:54,63.5,98.2,1,0.974,13.9,supine
2024-01-16 03:45:56,61.4,97.5,1,1,13.1,supine
2024-01-16 03:45:58,61.8,97.2,1,1,13.6,supine
2024-01-16 03:46:00,63.9,97.1,0.983,0.983,14,supine
2024-01-16 03:46:02,62.3,97.6,1,0.98,13.6,supine
2024-01-16 03:46:04,61.2,97.4,1,0.973,14.2,supine
2024-01-16 03:46:06,60.5,97.7,1,0.968,13.7,supine
2024-01-16 03:46:08,65.1,98,1,1,14.6,supine
2024-01-16 03:46:10,60.8,97.8,1,0.994,14.4,supine
2024-01-16 03:46:12,60.2,97.6,1,1,13.5,supine
2024-01-16 03:46:14,60.8,97.7,1,0.976,14.6,supine
2024-01-16 03:46:16,61.6,97.6,0.995,1,14,supine
2024-01-16 03:46:18,63.8,97.2,1,1,14.6,supine
2024-01-16 03:46:20,59.2,97.7,0.965,0.968,14.4,supine
2024-01-16 03:46:22,62.8,97.3,1,1,13.9,supine
2024-01-16 03:46:24,64.7,97.5,1,0.949,13.9,supine
2024-01-16 03:46:26,62.1,97.4,0.983,1,13.5,supine
2024-01-16 03:46:28,59.7,97,1,0.924,13.3,supine
2024-01-16 03:46:30,62.7,97.5,0.949,1,14.3,supine
2024-01-16 03:46:32,62.6,97.5,1,1,14,supine
2024-01-16 03:46:34,60.5,97,0.992,0.992,14.3,supine
2024-01-16 03:46:36,63.7,97.4,1,0.984,14.1,supine
2024-01-16 03:46:38,63.2,96.9,1,0.952,13.3,supine
2024-01-16 03:46:40,62.4,97.7,1,0.979,13.8,supine
2024-01-16 03:46:42,60.5,97.6,1,1,14.6,supine
2024-01-16 03:46:44,60,97.5,0.991,0.999,14.1,supine
2024-01-16 03:46:46,64.5,97.5,0.999,0.954,12.8,supine
2024-01-16 03:46:48,60.6,97.2,0.981,1,13.6,supine
2024-01-16 03:46:50,60.7,97,0.968,1,13.4,supine
2024-01-16 03:46:52,63.6,97.7,1,0.974,13.4,supine
2024-01-16 03:46:54,65.7,97.8,1,0.917,13.9,supine
2024-01-16 03:46:56,62.3,97.3,0.961,1,14.2,supine
2024-01-16 03:46:58,61.7,97.5,1,0.984,14.5,supine
2024-01-16 03:47:00,64,97.3,0.977,1,14.1,supine
2024-01-16 03:47:02,61.6,97.5,1,0.998,13.7,supine
2024-01-16 03:47:04,63.9,97.8,1,0.992,14.5,supine
2024-01-16 03:47:06,59.8,97.5,1,0.969,14,supine
2024-01-16 03:47:08,61.7,97.5,1,0.98,13.8,supine
2024-01-16 03:47:10,63.5,97.3,0.973,1,14.2,supine
2024-01-16 03:47:12,60.3,97.2,0.995,0.955,14.5,supine
2024-01-16 03:47:14,63.7,97.8,1,1,12.7,supine
2024-01-16 03:47:16,59.7,97.2,0.996,0.945,13.7,supine
2024-01-16 03:47:18,61.2,97.4,1,1,14.5,supine
2024-01-16 03:47:20,62.4,97.1,0.978,1,13.8,supine
2024-01-16 03:47:22,61.4,97.7,1,0.961,14.6,supine
2024-01-16 03:47:24,62.5,98,0.982,1,12.7,supine
2024-01-16 03:47:26,60.8,97.7,1,0.989,13.9,supine
2024-01-16 03:47:28,60.5,97.9,1,1,14.2,supine
2024-01-16 03:47:30,59.3,98.1,0.979,0.989,13.7,supine
2024-01-16 03:47:32,62.9,97.8,1,0.997,13.6,supine
2024-01-16 03:47:34,60.9,97.5,0.904,1,14.4,supine
2024-01-16 03:47:36,60.7,97.5,0.996,1,13.1,supine
2024-01-16 03:47:38,63,97.2,0.969,0.983,13.7,supine
2024-01-16 03:47:40,61,97.5,1,1,14.8,supine
2024-01-16 03:47:42,62.1,97.7,0.944,1,14.4,supine
2024-01-16 03:47:44,64.3,97.7,1,0.995,13.1,supine
2024-01-16 03:47:46,63.7,97,1,0.987,13.4,supine
2024-01-16 03:47:48,63.2,98,1,1,13.8,supine
2024-01-16 03:47:50,60.2,97,1,0.983,13.8,supine
2024-01-16 03:47:52,62.4,97.3,0.981,1,13.6,supine
2024-01-16 03:47:54,61.8,98,0.998,1,13.6,supine
2024-01-16 03:47:56,63,97.6,0.967,1,13.8,supine
2024-01-16 03:47:58,64.2,97.2,0.979,0.953,13.2,supine
2024-01-16 03:48:00,62.4,97.9,0.984,1,13.1,side
2024-01-16 03:48:02,62.9,98,1,1,14.5,side
2024-01-16 03:48:04,63.2,97.1,0.975,0.961,14.3,side
2024-01-16 03:48:06,61,97.3,0.947,0.983,13.9,side
2024-01-16 03:48:08,61.5,97.2,0.987,1,14.7,side
2024-01-16 03:48:10,64.6,97.3,0.934,0.926,14.6,side
2024-01-16 03:48:12,62.7,97.7,1,0.986,14.3,side
2024-01-16 03:48:14,61.7,97.8,0.978,0.975,13,side
2024-01-16 03:48:16,64.6,97.6,0.99,0.971,14.1,side
2024-01-16 03:48:18,60.3,97.3,1,0.93,13.8,side
2024-01-16 03:48:20,59.3,97.5,0.974,1,13.4,side
2024-01-16 03:48:22,61.6,97.7,1,1,13.5,side
2024-01-16 03:48:24,63.7,97.2,1,0.98,13.8,side
2024-01-16 03:48:26,61.1,97.4,1,0.99,14.1,side
2024-01-16 03:48:28,64.2,97.7,1,0.977,13.5,side
2024-01-16 03:48:30,61.3,97.5,0.977,0.971,13.6,side
2024-01-16 03:48:32,63.1,97.8,1,0.998,14.1,side
2024-01-16 03:48:34,64,97.5,0.966,1,14.8,side
2024-01-16 03:48:36,61.2,97.3,1,0.948,13.8,side
2024-01-16 03:48:38,63.6,97.3,0.984,1,13.9,side
2024-01-16 03:48:40,61.6,98,0.953,1,12.4,side
2024-01-16 03:48:42,61.2,97.6,1,0.998,14.3,side
2024-01-16 03:48:44,64.1,97.4,0.992,1,14,side
2024-01-16 03:48:46,61.1,97.7,1,0.978,14.3,side
2024-01-16 03:48:48,66,97.5,1,1,14.5,side
2024-01-16 03:48:50,62.2,97.2,0.995,1,13.2,side
2024-01-16 03:48:52,62.2,97.4,0.992,0.968,13.9,side
2024-01-16 03:48:54,60.1,97.6,0.992,1,14.2,side
2024-01-16 03:48:56,64,97.4,0.982,0.923,12.7,side
2024-01-16 03:48:58,63.2,97.8,1,1,14.2,side
2024-01-16 03:49:00,61.2,97.9,0.984,0.954,14.8,side
2024-01-16 03:49:02,61,97.9,0.926,1,14.5,side
2024-01-16 03:49:04,61.5,97.8,1,0.993,13.8,side
2024-01-16 03:49:06,61.1,96.8,1,0.993,14,side
2024-01-16 03:49:08,63.3,97.5,0.957,1,13.8,side
2024-01-16 03:49:10,60,97.5,1,1,14.3,side
2024-01-16 03:49:12,62.6,97.9,1,0.983,14.1,side
2024-01-16 03:49:14,64.8,97.4,1,0.994,15,side
2024-01-16 03:49:16,58.7,97.5,1,1,13.8,side
2024-01-16 03:49:18,63.1,97.6,0.976,1,13.8,side
2024-01-16 03:49:20,60.5,97.5,0.957,0.954,14.4,side
2024-01-16 03:49:22,62.7,97.6,0.998,1,14.7,side
2024-01-16 03:49:24,63.2,97.6,0.96,1,14.3,side
2024-01-16 03:49:26,61.4,97.4,1,1,14.8,side
2024-01-16 03:49:28,60,97.5,0.977,1,13.9,side
2024-01-16 03:49:30,61.4,96.9,1,1,14,side
2024-01-16 03:49:32,62.4,97.8,0.99,1,14.9,side
2024-01-16 03:49:34,59,96.8,0.951,0.976,13.8,side
2024-01-16 03:49:36,63,97.2,1,1,13.9,side
2024-01-16 03:49:38,63.3,97.8,0.984,1,15.3,side
2024-01-16 03:49:40,66.6,96.9,0.99,0.977,13.3,side
2024-01-16 03:49:42,64.1,97.7,1,0.998,14.2,side
2024-01-16 03:49:44,59.6,97.5,0.976,0.99,14.1,side
2024-01-16 03:49:46,62.4,97.2,1,1,14.1,side
2024-01-16 03:49:48,64.6,97.7,0.991,1,13.3,side
2024-01-16 03:49:50,60.6,97.8,0.939,1,14,side
2024-01-16 03:49:52,62.6,97.8,0.974,1,12.9,side
2024-01-16 03:49:54,61.7,97.4,1,1,14.1,side
2024-01-16 03:49:56,62.1,97.5,1,0.996,13.9,side
2024-01-16 03:49:58,60.5,97.3,1,1,13.3,side
2024-01-16 03:50:00,62.9,97.4,0.974,1,14.1,side
2024-01-16 03:50:02,64.1,97.4,0.966,1,14.1,side
2024-01-16 03:50:04,61.5,97.1,0.978,1,14.8,side
2024-01-16 03:50:06,61.8,97.2,1,0.948,13.6,side
2024-01-16 03:50:08,58.2,97.8,1,1,13.5,side
2024-01-16 03:50:10,59.3,97.6,0.978,0.954,13.8,side
2024-01-16 03:50:12,60,97.6,1,1,13.7,side
2024-01-16 03:50:14,61.2,97.5,1,1,14.9,side
2024-01-16 03:50:16,63,97.3,1,0.972,13.5,side
2024-01-16 03:50:18,59.1,97.7,0.988,1,13.9,side
2024-01-16 03:50:20,62.5,97.7,0.959,1,13.4,side
2024-01-16 03:50:22,61.9,97.6,1,0.999,14.5,side
2024-01-16 03:50:24,63.1,97.6,1,1,13.5,side
2024-01-16 03:50:26,61.6,97.4,0.966,0.968,14.7,side
2024-01-16 03:50:28,64.1,97.6,0.949,1,13.8,side
2024-01-16 03:50:30,62.8,97.7,0.99,0.951,13.7,side
2024-01-16 03:50:32,64.9,97.7,0.974,1,14.5,side
2024-01-16 03:50:34,60.5,97.9,0.978,1,13.5,side
2024-01-16 03:50:36,66.6,97.2,1,1,14.9,side
2024-01-16 03:50:38,61.3,97.2,0.984,0.987,14.3,side
2024-01-16 03:50:40,62.2,97.6,1,1,14.5,side
2024-01-16 03:50:42,61.8,97.5,1,0.945,13.1,side
2024-01-16 03:50:44,62.9,97.7,0.973,1,13.9,side
2024-01-16 03:50:46,61.4,97.5,1,0.984,13.9,side
2024-01-16 03:50:48,61.8,97.5,0.981,1,14.6,side
2024-01-16 03:50:50,61.9,97.7,0.965,1,13.8,side
2024-01-16 03:50:52,63.8,97.7,0.975,0.988,14,side
2024-01-16 03:50:54,61.5,97.2,1,1,13.3,side
2024-01-16 03:50:56,59.9,97.7,1,1,14.2,side
2024-01-16 03:50:58,62.3,97.6,0.94,0.99,14.7,side
2024-01-16 03:51:00,60.9,97.6,1,0.987,14.3,side
2024-01-16 03:51:02,60.9,97.5,1,1,14.1,side
2024-01-16 03:51:04,63,97.7,0.965,0.991,14.5,side
2024-01-16 03:51:06,61.6,97.1,0.994,1,14.9,side
2024-01-16 03:51:08,59.8,97.8,0.982,0.979,14.4,side
2024-01-16 03:51:10,61.2,96.7,1,1,13.5,side
2024-01-16 03:51:12,59.7,97.4,0.966,1,14,side
2024-01-16 03:51:14,63.1,97.5,1,0.986,14.7,side
2024-01-16 03:51:16,59,97.7,0.987,1,13.4,side
2024-01-16 03:51:18,62.6,97.7,0.967,1,14.4,side
2024-01-16 03:51:20,63.3,97.2,1,1,13.2,side
2024-01-16 03:51:22,62.2,97.5,1,1,14.5,side
2024-01-16 03:51:24,63.8,97.3,0.987,0.965,14.7,side
2024-01-16 03:51:26,61.5,97.6,1,1,13.9,side
2024-01-16 03:51:28,60.5,97.7,0.916,0.99,14.8,side
2024-01-16 03:51:30,59.3,97.4,1,0.989,14,side
2024-01-16 03:51:32,62.6,96.5,0.993,0.999,13.6,side
2024-01-16 03:51:34,61.2,97.4,0.997,1,13.8,side
2024-01-16 03:51:36,61.1,98.1,0.996,0.959,14.2,side
2024-01-16 03:51:38,62.3,98.2,1,0.979,14.7,side
2024-01-16 03:51:40,63.9,97.6,0.994,1,14.4,side
2024-01-16 03:51:42,64.3,97.2,0.988,0.988,14.2,side
2024-01-16 03:51:44,61.2,97.1,0.974,0.952,14.6,side
2024-01-16 03:51:46,62.4,97.2,0.961,1,13.6,side
2024-01-16 03:51:48,62.4,97.5,0.98,1,13.9,side
2024-01-16 03:51:50,62.7,97.5,1,0.945,13.3,side
2024-01-16 03:51:52,63.6,97.8,0.991,1,14,side
2024-01-16 03:51:54,60.5,97.5,0.966,1,13.3,side
2024-01-16 03:51:56,62.1,97.7,0.971,0.96,14.1,side
2024-01-16 03:51:58,63,97.2,1,0.993,15,side
2024-01-16 03:52:00,62.2,97.6,0.987,1,14.6,side
2024-01-16 03:52:02,60.7,97.4,0.988,1,13.2,side
2024-01-16 03:52:04,58.9,97,0.968,1,14,side
2024-01-16 03:52:06,61.9,96.9,0.999,1,13.7,side
2024-01-16 03:52:08,62.5,97.6,0.969,1,14.7,side
2024-01-16 03:52:10,62.8,97.4,0.91,1,13.5,side
2024-01-16 03:52:12,61.5,97.3,0.986,1,14.6,side
2024-01-16 03:52:14,60.4,97.5,0.991,1,14.2,side
2024-01-16 03:52:16,63.3,97.5,0.987,0.968,14.6,side
2024-01-16 03:52:18,62.7,97.7,1,0.951,13.7,side
2024-01-16 03:52:20,63.3,96.7,1,1,13.8,side
2024-01-16 03:52:22,64.6,97.4,1,0.973,14.6,side
2024-01-16 03:52:24,59.7,96.7,1,0.963,13.8,side
2024-01-16 03:52:26,62.1,97.4,0.981,0.998,14.3,side
2024-01-16 03:52:28,65,96.9,1,0.973,13.9,side
2024-01-16 03:52:30,62.1,97.5,1,0.982,15.1,side
2024-01-16 03:52:32,61.3,97.5,1,0.967,14.1,side
2024-01-16 03:52:34,60.3,97.1,1,1,13.2,side
2024-01-16 03:52:36,62.6,97.5,1,1,14.9,side
2024-01-16 03:52:38,62.8,97.7,1,1,14.5,side
2024-01-16 03:52:40,64.5,97.7,0.965,1,13.4,side
2024-01-16 03:52:42,62.1,97.2,1,1,13.4,side
2024-01-16 03:52:44,61.4,97.7,1,0.953,13.4,side
2024-01-16 03:52:46,64.1,97.9,0.985,1,13.3,side
2024-01-16 03:52:48,59.9,97.3,0.996,0.947,14,side
2024-01-16 03:52:50,65.1,97.1,0.99,1,15,side
2024-01-16 03:52:52,61.7,97.3,1,1,13.3,side
2024-01-16 03:52:54,63.4,97.7,1,0.979,14.8,side
2024-01-16 03:52:56,61.3,97.6,1,0.998,14.5,side
2024-01-16 03:52:58,60.4,97.4,1,0.996,13.3,side
2024-01-16 03:53:00,64.1,97.4,1,0.98,13.2,side
2024-01-16 03:53:02,62.2,97.1,0.978,0.998,14.1,side
2024-01-16 03:53:04,61.4,97,0.968,1,13.9,side
2024-01-16 03:53:06,60.8,97.4,1,1,13.7,side
2024-01-16 03:53:08,62.2,97.3,1,0.978,14.6,side
2024-01-16 03:53:10,63.7,97.7,1,1,14.6,side
2024-01-16 03:53:12,62.4,98,1,1,14.2,side
2024-01-16 03:53:14,58.6,97.3,0.984,1,14.7,side
2024-01-16 03:53:16,61.1,97.4,1,0.967,14.4,side
2024-01-16 03:53:18,60.2,97.6,0.965,1,13.7,side
2024-01-16 03:53:20,62,97.4,1,0.979,14.1,side
2024-01-16 03:53:22,60.1,97.9,0.98,0.933,14.3,side
2024-01-16 03:53:24,58.1,97.3,0.97,0.944,14,side
2024-01-16 03:53:26,62.1,97.6,0.977,1,13.7,side
2024-01-16 03:53:28,59.7,97.4,0.992,1,14.5,side
2024-01-16 03:53:30,60.4,98.1,0.998,1,14.2,side
2024-01-16 03:53:32,63.1,97.5,1,1,13.9,side
2024-01-16 03:53:34,62.1,97.1,1,1,14.3,side
2024-01-16 03:53:36,62.3,97.7,0.991,0.986,13.9,side
2024-01-16 03:53:38,62.9,97.4,1,0.991,14.8,side
2024-01-16 03:53:40,60.9,97.9,1,1,13.5,side
2024-01-16 03:53:42,64.3,97.7,0.986,0.986,15.6,side
2024-01-16 03:53:44,59.1,97.3,0.956,1,14.7,side
2024-01-16 03:53:46,64.2,97.8,0.965,1,14.1,side
2024-01-16 03:53:48,63.1,97.3,1,0.949,14.2,side
2024-01-16 03:53:50,60.5,97.8,0.995,0.963,13.1,side
2024-01-16 03:53:52,63.1,97.3,1,1,13.4,side
2024-01-16 03:53:54,61.7,97.9,0.968,0.979,13.5,side
2024-01-16 03:53:56,62.8,97.9,1,1,13.7,side
2024-01-16 03:53:58,61.1,97.4,0.959,0.998,14.6,side
2024-01-16 03:54:00,63.6,97.3,1,1,14,side
2024-01-16 03:54:02,62.7,97.2,0.984,1,14.1,side
2024-01-16 03:54:04,62.3,97.6,1,1,13.2,side
2024-01-16 03:54:06,62.3,97,1,0.993,14.1,side
2024-01-16 03:54:08,63.9,97.9,0.985,0.968,13.3,side
2024-01-16 03:54:10,61.2,98,1,0.97,14.4,side
2024-01-16 03:54:12,63.8,97.2,0.938,0.993,14.1,side
2024-01-16 03:54:14,64.3,97.4,0.985,1,14.5,side
2024-01-16 03:54:16,62.4,96.8,0.993,0.973,13.5,side
2024-01-16 03:54:18,61.1,97.3,0.991,0.974,13.3,side
2024-01-16 03:54:20,61.4,97.6,0.985,0.987,14.3,side
2024-01-16 03:54:22,60.5,97.4,1,1,14.5,side
2024-01-16 03:54:24,60.6,97.4,1,0.981,14.4,side
2024-01-16 03:54:26,63.8,97.3,1,0.962,14.4,side
2024-01-16 03:54:28,62.2,97.1,1,0.999,13.1,side
2024-01-16 03:54:30,60.2,97.2,1,0.948,13.2,side
2024-01-16 03:54:32,62.6,97.3,1,1,14.6,side
2024-01-16 03:54:34,64.5,97.8,1,1,14,side
2024-01-16 03:54:36,61.8,97.6,1,0.972,14.5,side
2024-01-16 03:54:38,60.6,96.9,0.921,1,14.2,side
2024-01-16 03:54:40,62.7,97.6,0.965,0.991,13.7,side
2024-01-16 03:54:42,64,97.2,1,1,13.7,side
2024-01-16 03:54:44,63.7,97.6,1,0.974,14,side
2024-01-16 03:54:46,61.1,97.9,1,1,13.5,side
2024-01-16 03:54:48,58.9,97.4,1,0.959,13.7,side
2024-01-16 03:54:50,63.6,97.3,1,0.997,15,side
2024-01-16 03:54:52,63.7,97.9,0.999,0.975,13.9,side
2024-01-16 03:54:54,63.1,97.4,1,1,13.8,side
2024-01-16 03:54:56,60.6,97.6,1,0.988,14.5,side
2024-01-16 03:54:58,61,97.6,0.981,1,13.8,side
2024-01-16 03:55:00,61.7,97.6,0.995,1,13.6,side
2024-01-16 03:55:02,63.9,97.5,0.986,1,13.7,side
2024-01-16 03:55:04,63.8,97.4,0.987,0.965,13.8,side
2024-01-16 03:55:06,62.5,98,0.921,0.996,13.6,side
2024-01-16 03:55:08,62.2,97.5,0.983,1,14.8,side
2024-01-16 03:55:10,64.2,97.6,1,1,13.7,side
2024-01-16 03:55:12,63.9,97.6,0.945,0.95,13,side
2024-01-16 03:55:14,61.5,98,1,0.958,13,side
2024-01-16 03:55:16,63.7,97.2,0.955,0.984,14,side
2024-01-16 03:55:18,61.9,97.7,0.963,0.991,13.9,side
2024-01-16 03:55:20,60.3,98.3,1,0.966,13.8,side
2024-01-16 03:55:22,60.7,97.8,0.962,1,14.2,side
2024-01-16 03:55:24,62,97.3,1,1,14.3,side
2024-01-16 03:55:26,62.9,97.4,1,0.98,13.7,side
2024-01-16 03:55:28,62.1,97.1,1,1,14,side
2024-01-16 03:55:30,59.7,97.4,0.994,0.973,13.1,side
2024-01-16 03:55:32,62.3,97.7,0.991,0.982,13.9,side
2024-01-16 03:55:34,62.5,97.6,0.992,0.985,14,side
2024-01-16 03:55:36,64.4,97.6,0.978,0.982,14.1,side
2024-01-16 03:55:38,61.8,97.1,1,1,14.3,side
2024-01-16 03:55:40,65,98.1,0.983,1,14.1,side
2024-01-16 03:55:42,60.6,97.8,1,0.969,13.8,side
2024-01-16 03:55:44,63.9,97.4,1,1,14.6,side
2024-01-16 03:55:46,64.8,97.8,1,0.948,13.4,side
2024-01-16 03:55:48,64.1,97.7,0.963,1,13.5,side
2024-01-16 03:55:50,62.2,97.5,1,1,14.6,side
2024-01-16 03:55:52,64.8,97.3,1,0.913,13.6,side
2024-01-16 03:55:54,60.6,97.4,0.974,1,13.9,side
2024-01-16 03:55:56,62.3,97.5,0.965,0.973,14.8,side
2024-01-16 03:55:58,59.7,97.3,0.967,1,14.4,side
2024-01-16 03:56:00,61.1,97.7,1,0.957,14.7,side
2024-01-16 03:56:02,63.1,97.9,1,1,13.9,side
2024-01-16 03:56:04,63.4,97.8,1,0.979,14.4,side
2024-01-16 03:56:06,62.6,97.5,0.98,0.995,14.2,side
2024-01-16 03:56:08,60,97.3,0.971,1,12.9,side
2024-01-16 03:56:10,64.8,97.2,1,1,14.1,side
2024-01-16 03:56:12,59.6,97.7,1,0.97,14.1,side
2024-01-16 03:56:14,60.2,97.9,0.946,0.984,14.3,side
2024-01-16 03:56:16,62.8,96.5,0.999,0.979,13.9,side
2024-01-16 03:56:18,61.5,97.6,1,0.981,14.3,side
2024-01-16 03:56:20,62,97.4,1,1,13.8,side
2024-01-16 03:56:22,59.9,97.5,1,1,13,side
2024-01-16 03:56:24,61.4,97.6,1,0.963,14.3,side
2024-01-16 03:56:26,62.4,98.1,1,0.968,13.6,side
2024-01-16 03:56:28,60.2,96.9,0.977,1,12.7,side
2024-01-16 03:56:30,61.1,97.7,0.958,0.953,13.8,side
2024-01-16 03:56:32,60.9,97.6,0.957,1,14.3,side
2024-01-16 03:56:34,65.2,97.9,1,0.996,13.8,side
2024-01-16 03:56:36,60.9,97,0.985,0.945,13.7,side
2024-01-16 03:56:38,61.9,97.9,1,1,14.2,side
2024-01-16 03:56:40,63.8,97.3,1,1,14.4,side
2024-01-16 03:56:42,61.5,97.7,1,1,14.3,side
2024-01-16 03:56:44,61,97.8,1,0.963,13.7,side
2024-01-16 03:56:46,61.8,97.5,0.94,1,14.1,side
2024-01-16 03:56:48,62,97.3,1,0.954,15,side
2024-01-16 03:56:50,63.3,97.5,1,1,13.7,side
2024-01-16 03:56:52,61.4,96.7,1,1,13.8,side
2024-01-16 03:56:54,62.7,97.8,1,0.983,13.9,side
2024-01-16 03:56:56,61.3,97.5,1,1,13.1,side
2024-01-16 03:56:58,62.8,97.6,0.985,1,15,side
2024-01-16 03:57:00,61.6,97.9,1,0.993,14.3,side
2024-01-16 03:57:02,60,97.2,0.975,1,14.2,side
2024-01-16 03:57:04,63.6,97.8,1,0.98,13,side
2024-01-16 03:57:06,61.2,97,0.992,1,13.7,side
2024-01-16 03:57:08,63.3,97.4,1,1,14.2,side
2024-01-16 03:57:10,59.9,97.8,0.972,0.979,13.4,side
2024-01-16 03:57:12,61.9,97.5,0.984,1,13.6,side
2024-01-16 03:57:14,62.6,97.5,0.99,1,13.9,side
2024-01-16 03:57:16,62.7,97.3,1,1,13.3,side
2024-01-16 03:57:18,63.1,97.7,1,0.952,13.6,side
2024-01-16 03:57:20,62.3,97.2,0.996,1,13.8,side
2024-01-16 03:57:22,61.1,97.5,0.998,1,14.1,side
2024-01-16 03:57:24,58.9,97.1,1,0.979,14.5,side
2024-01-16 03:57:26,61.1,97.8,1,1,13.4,side
2024-01-16 03:57:28,62.4,97.1,1,0.971,14.4,side
2024-01-16 03:57:30,60.8,97.3,1,0.994,14.2,side
2024-01-16 03:57:32,61.7,97.5,1,0.958,14.9,side
2024-01-16 03:57:34,64.4,97.7,0.958,0.995,14,side
2024-01-16 03:57:36,59,97.7,1,0.997,14.1,side
2024-01-16 03:57:38,63.3,96.9,1,1,13.5,side
2024-01-16 03:57:40,61,97.5,1,1,14.5,side
2024-01-16 03:57:42,60.9,97.1,1,0.986,14.3,side
2024-01-16 03:57:44,60.2,97.7,0.986,0.98,13.8,side
2024-01-16 03:57:46,59.7,97.8,0.978,1,14.3,side
2024-01-16 03:57:48,60.1,97.7,0.938,1,13.5,side
2024-01-16 03:57:50,61,97.8,0.996,1,14.6,side
2024-01-16 03:57:52,63.6,97.1,0.971,1,14,side
2024-01-16 03:57:54,58.2,97.2,0.982,0.977,14,side
2024-01-16 03:57:56,61.5,97.4,0.992,1,13.7,side
2024-01-16 03:57:58,59.5,97.5,0.992,1,13.5,side
2024-01-16 03:58:00,62.2,97.5,1,0.973,13.6,side
2024-01-16 03:58:02,62.6,97.5,0.972,0.991,14.2,side
2024-01-16 03:58:04,62.5,97.4,0.907,0.97,14.5,side
2024-01-16 03:58:06,62.1,97.3,0.959,0.96,13.6,side
2024-01-16 03:58:08,58.6,97.9,1,0.978,13.7,side
2024-01-16 03:58:10,58.7,97.5,0.987,0.986,14.6,side
2024-01-16 03:58:12,61.7,97.4,0.983,0.967,14.3,side
2024-01-16 03:58:14,57.5,97.4,1,0.97,14.5,side
2024-01-16 03:58:16,63.2,97,0.981,0.999,14,side
2024-01-16 03:58:18,61,97.2,0.978,1,13.7,side
2024-01-16 03:58:20,61.1,97.8,0.921,1,13.5,side
2024-01-16 03:58:22,60.5,98,1,1,14.8,side
2024-01-16 03:58:24,62.7,97,0.953,0.998,14.2,side
2024-01-16 03:58:26,62.7,97.4,1,1,13.8,side
2024-01-16 03:58:28,63.1,97.9,1,1,14.3,side
2024-01-16 03:58:30,59.4,97.8,0.983,0.968,14.6,side
2024-01-16 03:58:32,61.7,97.3,0.996,1,14,side
2024-01-16 03:58:34,61,97.7,0.947,0.983,14.1,side
2024-01-16 03:58:36,65,97.6,0.974,1,13.5,side
2024-01-16 03:58:38,62.1,96.9,0.976,1,14,side
2024-01-16 03:58:40,59.2,97.4,1,1,13.6,side
2024-01-16 03:58:42,63.5,98,1,1,14,side
2024-01-16 03:58:44,60.2,97.6,1,0.97,14.7,side
2024-01-16 03:58:46,61.9,97.2,1,1,13.7,side
2024-01-16 03:58:48,65.1,98,1,1,13.8,side
2024-01-16 03:58:50,60.3,96.9,0.952,1,14.3,side
2024-01-16 03:58:52,63.4,97.6,1,1,13.8,side
2024-01-16 03:58:54,62.7,96.9,1,0.989,14.3,side
2024-01-16 03:58:56,64.2,97.2,1,0.961,13.9,side
2024-01-16 03:58:58,63.6,97.5,1,0.996,14.7,side
2024-01-16 03:59:00,63.2,97.7,1,0.989,14,side
2024-01-16 03:59:02,61.3,97.1,0.973,1,13.9,side
2024-01-16 03:59:04,64.3,97.4,1,1,14.2,side
2024-01-16 03:59:06,62.4,97.7,1,1,14.4,side
2024-01-16 03:59:08,61,97.8,0.936,1,14.1,side
2024-01-16 03:59:10,63.7,97.3,1,0.967,13.8,side
2024-01-16 03:59:12,61.5,97.9,0.984,0.98,14.8,side
2024-01-16 03:59:14,61.5,97.4,0.983,0.992,14.4,side
2024-01-16 03:59:16,64.1,97.4,1,0.976,13.8,side
2024-01-16 03:59:18,63.2,97.8,0.977,0.994,14.8,side
2024-01-16 03:59:20,63.8,97.6,1,1,13.9,side
2024-01-16 03:59:22,60.2,97.6,1,1,14.5,side
2024-01-16 03:59:24,62.5,98.2,1,1,14.4,side
2024-01-16 03:59:26,60.1,97.8,0.982,1,14,side
2024-01-16 03:59:28,60.2,97.6,1,1,14.4,side
2024-01-16 03:59:30,62.2,97.1,0.984,0.967,15.1,side
2024-01-16 03:59:32,62.6,97.5,1,0.994,14,side
2024-01-16 03:59:34,61.8,97.7,0.995,0.96,13.8,side
2024-01-16 03:59:36,65,97.8,0.967,0.994,14.1,side
2024-01-16 03:59:38,63.8,97.4,0.951,0.975,14.1,side
2024-01-16 03:59:40,63.3,97.7,0.992,0.97,13.9,side
2024-01-16 03:59:42,62.4,97.8,1,0.987,14.5,side
2024-01-16 03:59:44,63.6,96.9,0.96,1,13.9,side
2024-01-16 03:59:46,63.7,97.4,0.866,0.97,14.1,side
2024-01-16 03:59:48,60.9,97.9,0.99,1,13.9,side
2024-01-16 03:59:50,63.4,97.6,0.997,1,13.3,side
2024-01-16 03:59:52,61.4,97.7,0.948,1,13.3,side
2024-01-16 03:59:54,60,97.7,1,0.994,13.8,side
2024-01-16 03:59:56,60.8,97.7,0.984,0.963,14.5,side
2024-01-16 03:59:58,60.3,97.6,1,0.994,14.4,side
2024-01-16 04:00:00,59.5,97.4,0.037,0.747,0,side
2024-01-16 04:00:02,60,97.6,0.033,0.766,0,side
2024-01-16 04:00:04,60.1,97.6,0.027,0.677,0,side
2024-01-16 04:00:06,56.4,97,0.03,0.721,0,side
2024-01-16 04:00:08,58.4,98,0.061,0.725,0,side
2024-01-16 04:00:10,60.4,97.3,0.027,0.788,0,side
2024-01-16 04:00:12,61.5,96.4,0.072,0.603,0,side
2024-01-16 04:00:14,58.7,96.5,0.075,0.676,0,side
2024-01-16 04:00:16,58,96.2,0.067,0.739,0,side
2024-01-16 04:00:18,59,95,0.047,0.641,0,side
2024-01-16 04:00:20,66.9,94.5,1,1,13.8,side
2024-01-16 04:00:22,66.2,94.1,0.99,1,14.2,side
2024-01-16 04:00:24,68.4,94,0.995,0.973,13.6,side
2024-01-16 04:00:26,67.4,94.5,0.93,1,13.6,side
2024-01-16 04:00:28,66.7,93.9,1,0.987,13.5,side
2024-01-16 04:00:30,63.3,93.5,1,1,14,side
2024-01-16 04:00:32,63.5,93.4,0.975,0.997,14.3,side
2024-01-16 04:00:34,63.4,93.2,0.99,1,12.8,side
2024-01-16 04:00:36,60.2,97.5,1,1,14.5,side
2024-01-16 04:00:38,63.4,97.5,0.98,1,14.3,side
2024-01-16 04:00:40,63.1,97.4,1,1,13.3,side
2024-01-16 04:00:42,60,97.6,0.935,1,14.3,side
2024-01-16 04:00:44,61.7,97.7,0.965,1,14.3,side
2024-01-16 04:00:46,61,97.3,0.994,1,13.5,side
2024-01-16 04:00:48,61.8,97.4,1,0.94,13.5,side
2024-01-16 04:00:50,62.3,97.7,0.966,1,14.4,side
2024-01-16 04:00:52,64,97.8,0.966,1,15.2,side
2024-01-16 04:00:54,62.7,98.1,0.994,1,14.1,side
2024-01-16 04:00:56,61.4,97.4,1,0.96,14,side
2024-01-16 04:00:58,63.8,97.6,1,1,13.3,side
2024-01-16 04:01:00,62.2,97.5,1,0.961,13.6,side
2024-01-16 04:01:02,61.1,97.5,1,0.997,13.7,side
2024-01-16 04:01:04,63.5,97.4,1,0.997,13.7,side
2024-01-16 04:01:06,63.2,97.1,0.978,0.983,13.3,side
2024-01-16 04:01:08,62.2,97.4,1,0.947,13.8,side
2024-01-16 04:01:10,63.8,97.6,1,1,14.4,side
2024-01-16 04:01:12,62.6,97.5,1,0.988,13.5,side
2024-01-16 04:01:14,61,97.4,1,1,13.8,side
2024-01-16 04:01:16,60.8,97.6,0.996,0.98,14.3,side
2024-01-16 04:01:18,60,97.3,1,0.969,13.9,side
2024-01-16 04:01:20,62.2,97.5,0.997,1,14.4,side
2024-01-16 04:01:22,61.3,96.7,0.994,0.993,13.8,side
2024-01-16 04:01:24,62.6,97.8,0.964,1,14.1,side
2024-01-16 04:01:26,63,97.6,1,0.971,13.4,side
2024-01-16 04:01:28,62,97,0.99,0.97,14.4,side
2024-01-16 04:01:30,63.4,97.5,1,0.984,13.6,side
2024-01-16 04:01:32,61.3,97.8,0.977,1,13.3,side
2024-01-16 04:01:34,61.5,97.3,0.999,1,14,side
2024-01-16 04:01:36,62.9,97.2,1,0.99,14.1,side
2024-01-16 04:01:38,61.1,97.4,1,0.955,14.5,side
2024-01-16 04:01:40,60.6,96.6,0.999,0.999,14.1,side
2024-01-16 04:01:42,64,97.6,0.973,1,14.3,side
2024-01-16 04:01:44,63.4,97.1,1,1,14.3,side
2024-01-16 04:01:46,60.9,97.7,0.978,1,13.4,side
2024-01-16 04:01:48,61.6,97.6,1,0.968,13.7,side
2024-01-16 04:01:50,62.2,97.8,1,1,13.6,side
2024-01-16 04:01:52,62.5,97.4,0.991,1,13.6,side
2024-01-16 04:01:54,63.2,97.4,0.983,1,13.4,side
2024-01-16 04:01:56,59.1,97.1,1,0.986,14.4,side
2024-01-16 04:01:58,64.6,97.1,0.981,0.978,14.3,side
2024-01-16 04:02:00,63,97.5,1,0.951,13.8,side
2024-01-16 04:02:02,60.7,97.5,0.989,0.981,13.8,side
2024-01-16 04:02:04,64.6,97.7,1,1,13.4,side
2024-01-16 04:02:06,61.4,98.3,1,1,14.5,side
2024-01-16 04:02:08,62.2,96.9,0.99,1,13.9,side
2024-01-16 04:02:10,61.4,97.8,1,1,14.5,side
2024-01-16 04:02:12,66.2,97.1,0.997,1,13.6,side
2024-01-16 04:02:14,63.7,98,1,0.984,13.2,side
2024-01-16 04:02:16,60.9,97.5,0.959,1,13.4,side
2024-01-16 04:02:18,60.5,97.4,1,1,14.2,side
2024-01-16 04:02:20,64.1,97.9,1,1,13.7,side
2024-01-16 04:02:22,64.7,97.7,1,1,13.4,side
2024-01-16 04:02:24,65.9,97.5,1,1,14.3,side
2024-01-16 04:02:26,62.9,98,0.987,1,13.4,side
2024-01-16 04:02:28,63.9,97.6,1,1,13.8,side
2024-01-16 04:02:30,61.8,97.6,1,1,14.2,side
2024-01-16 04:02:32,60.8,97.6,1,1,14.8,side
2024-01-16 04:02:34,60.3,97.3,1,0.947,13.6,side
2024-01-16 04:02:36,62.1,97.8,0.991,1,13.7,side
2024-01-16 04:02:38,63.4,98.5,0.996,0.971,13.6,side
2024-01-16 04:02:40,64.6,97.3,1,0.981,13.7,side
2024-01-16 04:02:42,59.1,97.5,1,1,13.8,side
2024-01-16 04:02:44,60.2,97.7,1,0.992,13.6,side
2024-01-16 04:02:46,61,97.5,0.995,1,13.9,side
2024-01-16 04:02:48,64.5,97.7,0.999,1,13.6,side
2024-01-16 04:02:50,62.7,97.3,1,0.998,13.6,side
2024-01-16 04:02:52,60.7,97.7,0.97,0.971,13.9,side
2024-01-16 04:02:54,61.6,97.3,0.972,1,14.3,side
2024-01-16 04:02:56,65.2,97.4,1,1,14.2,side
2024-01-16 04:02:58,63.4,97.3,1,0.973,13.8,side
2024-01-16 04:03:00,61,97.9,1,0.979,14.5,side
2024-01-16 04:03:02,61.2,97.7,0.938,0.957,13.6,side
2024-01-16 04:03:04,61.6,98,0.993,1,13.4,side
2024-01-16 04:03:06,63.2,97.4,1,0.956,14.2,side
2024-01-16 04:03:08,61.3,97.6,0.966,1,13.9,side
2024-01-16 04:03:10,61.6,97.2,1,1,14.4,side
2024-01-16 04:03:12,62.1,97.2,0.993,1,13,side
2024-01-16 04:03:14,62.6,97.5,0.972,0.992,13.6,side
2024-01-16 04:03:16,63.3,97.7,1,1,14,side
2024-01-16 04:03:18,61,97.1,0.981,0.998,13.7,side
2024-01-16 04:03:20,63.5,97.2,0.961,1,13.9,side
2024-01-16 04:03:22,62.3,97.7,0.983,1,13.9,side
2024-01-16 04:03:24,61.3,97.8,1,1,14.2,side
2024-01-16 04:03:26,62.1,97.6,1,1,14.5,side
2024-01-16 04:03:28,61.6,97.6,0.984,1,13.8,side
2024-01-16 04:03:30,58.3,97.3,0.977,0.996,14,side
2024-01-16 04:03:32,63.2,97.4,0.989,1,14.1,side
2024-01-16 04:03:34,57,97.4,0.985,1,13.7,side
2024-01-16 04:03:36,60.5,97.5,1,1,14,side
2024-01-16 04:03:38,61.7,97.4,0.984,1,13.9,side
2024-01-16 04:03:40,63,97.6,1,1,14.7,side
2024-01-16 04:03:42,63.2,98,1,1,13.3,side
2024-01-16 04:03:44,62.6,97.7,0.998,0.956,14.1,side
2024-01-16 04:03:46,60.9,97.8,0.94,1,14.2,side
2024-01-16 04:03:48,63.3,97.2,1,0.982,13.3,side
2024-01-16 04:03:50,61.2,97.3,1,0.963,14.3,side
2024-01-16 04:03:52,60.3,98,1,1,13.8,side
2024-01-16 04:03:54,61.6,97.4,1,1,13.8,side
2024-01-16 04:03:56,59.7,97.6,1,1,14,side
2024-01-16 04:03:58,61.5,97.5,0.983,0.988,14.1,side
2024-01-16 04:04:00,62.3,97.4,0.999,0.956,13.7,side
2024-01-16 04:04:02,61.9,97.4,0.95,1,13.6,side
2024-01-16 04:04:04,60.9,97.2,0.996,0.969,14.6,side
2024-01-16 04:04:06,60.6,97.6,0.992,0.941,14.4,side
2024-01-16 04:04:08,59.9,97.8,1,1,13.5,side
2024-01-16 04:04:10,64,97.9,0.989,1,13.9,side
2024-01-16 04:04:12,60.9,97.3,1,0.967,13.6,side
2024-01-16 04:04:14,61.4,96.9,0.996,1,15,side
2024-01-16 04:04:16,61.8,97.5,1,1,13.9,side
2024-01-16 04:04:18,63.4,97.1,0.981,1,13.6,side
2024-01-16 04:04:20,62.3,97.5,0.951,0.971,13.9,side
2024-01-16 04:04:22,65,97.1,1,0.963,14.1,side
2024-01-16 04:04:24,61.3,97.3,1,0.966,13.6,side
2024-01-16 04:04:26,59.4,97.3,0.979,0.995,14,side
2024-01-16 04:04:28,58.5,97.1,1,1,13.8,side
2024-01-16 04:04:30,61.7,97.7,0.999,0.993,14.2,side
2024-01-16 04:04:32,59.3,97.4,0.989,0.99,14.8,side
2024-01-16 04:04:34,61.8,97.4,1,0.97,13.5,side
2024-01-16 04:04:36,61.2,97.4,0.975,0.957,14.9,side
2024-01-16 04:04:38,60.1,97.8,1,0.932,14.1,side
2024-01-16 04:04:40,58.5,97.5,1,0.967,14,side
2024-01-16 04:04:42,61.1,97.7,0.998,0.981,13.3,side
2024-01-16 04:04:44,64.6,97.1,1,0.984,14.9,side
2024-01-16 04:04:46,64.1,97.6,0.989,0.986,13.5,side
2024-01-16 04:04:48,60.6,97.8,0.945,1,13.7,side
2024-01-16 04:04:50,62.8,97.2,1,0.945,14.4,side
2024-01-16 04:04:52,63,97.7,0.983,1,14.2,side
2024-01-16 04:04:54,61.9,97.3,1,0.985,13.4,side
2024-01-16 04:04:56,61.6,97.5,0.969,1,13.6,side
2024-01-16 04:04:58,61.8,97.5,1,1,14.3,side
2024-01-16 04:05:00,62.6,97.2,1,1,14,side
2024-01-16 04:05:02,60,97.9,1,0.998,14.1,side
2024-01-16 04:05:04,61.2,97.4,0.967,0.997,13.8,side
2024-01-16 04:05:06,60.9,97.2,1,0.98,14,side
2024-01-16 04:05:08,63.6,97.6,0.993,0.989,14.2,side
2024-01-16 04:05:10,60.9,97.1,0.963,1,13.8,side
2024-01-16 04:05:12,64.1,97.2,0.99,0.982,14.9,side
2024-01-16 04:05:14,62.9,97.3,0.987,1,14.6,side
2024-01-16 04:05:16,63.5,97.6,0.993,1,13.7,side
2024-01-16 04:05:18,60.8,97.9,0.989,0.979,14.7,side
2024-01-16 04:05:20,62.3,97.1,1,0.951,13,side
2024-01-16 04:05:22,61.9,97.6,0.974,0.982,14.2,side
2024-01-16 04:05:24,61.8,97.3,0.967,1,13.6,side
2024-01-16 04:05:26,61.4,97.7,0.967,0.999,13.8,side
2024-01-16 04:05:28,63.7,97.7,1,1,14.4,side
2024-01-16 04:05:30,62,97.3,0.976,1,13.2,side
2024-01-16 04:05:32,60.7,97.3,0.995,0.954,13,side
2024-01-16 04:05:34,61.6,97.3,1,0.983,14.6,side
2024-01-16 04:05:36,60.8,97.5,1,1,14.7,side
2024-01-16 04:05:38,65.3,96.8,0.977,1,13.4,side
2024-01-16 04:05:40,62.1,97.9,0.999,1,13.8,side
2024-01-16 04:05:42,63.7,97.5,0.98,1,13,side
2024-01-16 04:05:44,59.3,97.4,0.962,1,14.3,side
2024-01-16 04:05:46,60,97.8,1,1,14.6,side
2024-01-16 04:05:48,62.7,97.8,1,0.988,13.4,side
2024-01-16 04:05:50,61.6,97.8,1,1,13.8,side
2024-01-16 04:05:52,62.8,97.2,0.945,0.994,14.2,side
2024-01-16 04:05:54,60.3,97.1,0.955,0.99,14.3,side
2024-01-16 04:05:56,64.4,97.1,1,0.985,13.5,side
2024-01-16 04:05:58,62.1,97.5,0.933,0.966,13.8,side
2024-01-16 04:06:00,63.8,97.4,1,1,14.4,side
2024-01-16 04:06:02,63.2,97.1,1,1,13.6,side
2024-01-16 04:06:04,62.2,97.3,0.984,1,14,side
2024-01-16 04:06:06,62.3,97.2,0.983,1,14.6,side
2024-01-16 04:06:08,61.2,97.4,0.97,0.951,14.1,side
2024-01-16 04:06:10,60.1,97.3,0.969,1,14,side
2024-01-16 04:06:12,63.1,97.8,0.979,1,14,side
2024-01-16 04:06:14,63.4,97.4,1,1,13.4,side
2024-01-16 04:06:16,59.4,97.1,1,1,14.1,side
2024-01-16 04:06:18,62.4,97.7,1,1,13.7,side
2024-01-16 04:06:20,62.1,97.9,1,0.983,13.2,side
2024-01-16 04:06:22,62.9,97.6,1,1,14.3,side
2024-01-16 04:06:24,62.2,97.9,0.995,0.963,14.4,side
2024-01-16 04:06:26,62.1,97.8,0.985,0.946,13.5,side
2024-01-16 04:06:28,60.8,97.5,0.967,1,14.6,side
2024-01-16 04:06:30,62.2,96.9,0.999,1,14.1,side
2024-01-16 04:06:32,59.6,97.4,1,0.956,14.3,side
2024-01-16 04:06:34,60.9,97.2,0.978,1,13.7,side
2024-01-16 04:06:36,63.1,97.1,1,0.958,13.8,side
2024-01-16 04:06:38,60.9,97.4,1,0.984,14,side
2024-01-16 04:06:40,59.7,97.4,0.992,0.98,15.1,side
2024-01-16 04:06:42,60.1,97.1,1,1,13.9,side
2024-01-16 04:06:44,63,97.7,0.946,0.97,13.7,side
2024-01-16 04:06:46,64,97.7,1,1,13.6,side
2024-01-16 04:06:48,59.6,97,0.985,1,13.7,side
2024-01-16 04:06:50,63.6,97.8,0.976,1,13.8,side
2024-01-16 04:06:52,63.6,97.3,1,0.928,13.7,side
2024-01-16 04:06:54,61.4,97.6,0.942,0.987,14,side
2024-01-16 04:06:56,64.6,97.4,1,0.993,14.5,side
2024-01-16 04:06:58,66.3,97.7,0.972,1,14.9,side
2024-01-16 04:07:00,60.9,96.8,0.996,0.974,14.2,side
2024-01-16 04:07:02,64.1,97.5,1,1,14.3,side
2024-01-16 04:07:04,62.2,97,1,1,12.9,side
2024-01-16 04:07:06,62.1,97.5,0.96,0.918,14.8,side
2024-01-16 04:07:08,61.8,97.3,0.999,1,13.3,side
2024-01-16 04:07:10,62,97.6,1,1,14.2,side
2024-01-16 04:07:12,64.6,97.2,1,0.979,12.5,side
2024-01-16 04:07:14,61.4,97.1,0.968,0.955,14.8,side
2024-01-16 04:07:16,62.3,97.4,0.983,1,14.6,side
2024-01-16 04:07:18,62.4,97.5,1,0.982,13.9,side
2024-01-16 04:07:20,58.2,97.8,1,0.947,13.5,side
2024-01-16 04:07:22,61.3,97.5,0.948,0.971,14.3,side
2024-01-16 04:07:24,60.7,96.9,0.974,1,13.3,side
2024-01-16 04:07:26,63.4,97.3,1,0.994,14.7,side
2024-01-16 04:07:28,63.2,97.3,1,0.969,14.7,side
2024-01-16 04:07:30,61.1,97.1,1,0.988,13.8,side
2024-01-16 04:07:32,60.8,97.2,0.984,1,13.8,side
2024-01-16 04:07:34,61.5,97.6,1,0.985,14.6,side
2024-01-16 04:07:36,65.1,97.8,0.939,1,13.5,side
2024-01-16 04:07:38,62.1,97.6,1,1,13.9,side
2024-01-16 04:07:40,63.4,97.2,1,1,14,side
2024-01-16 04:07:42,61.2,97.3,1,1,14.3,side
2024-01-16 04:07:44,64.2,97.2,1,0.996,14.4,side
2024-01-16 04:07:46,62.1,97.3,1,1,14.6,side
2024-01-16 04:07:48,63.1,97.2,1,1,14.8,side
2024-01-16 04:07:50,60.5,97.4,1,1,14.3,side
2024-01-16 04:07:52,59,97.8,0.956,1,13.7,side
2024-01-16 04:07:54,63.2,97.1,1,0.984,13.7,side
2024-01-16 04:07:56,63,97.7,1,1,14.7,side
2024-01-16 04:07:58,61.8,97.2,0.964,1,13.8,side
2024-01-16 04:08:00,62.4,97.3,0.975,0.957,14.3,side
2024-01-16 04:08:02,61.9,97.6,0.973,0.972,13.2,side
2024-01-16 04:08:04,63.3,98,1,1,13.2,side
2024-01-16 04:08:06,59,96.7,0.94,1,14,side
2024-01-16 04:08:08,61.8,96.7,1,1,14.4,side
2024-01-16 04:08:10,59.8,97.5,0.977,0.951,13.2,side
2024-01-16 04:08:12,62.1,97.5,0.976,1,13.3,side
2024-01-16 04:08:14,59.8,97.3,0.972,0.972,14.2,side
2024-01-16 04:08:16,63.3,97.5,0.983,0.992,14.1,side
2024-01-16 04:08:18,63.7,97.7,1,0.961,13.6,side
2024-01-16 04:08:20,61.9,97.6,1,1,14.3,side
2024-01-16 04:08:22,59.7,98,1,0.979,13.6,side
2024-01-16 04:08:24,63.7,97.5,0.997,1,14.6,side
2024-01-16 04:08:26,62.2,96.9,1,1,13.7,side
2024-01-16 04:08:28,61.6,97.3,1,1,13.5,side
2024-01-16 04:08:30,62.6,97.5,1,0.999,13.6,side
2024-01-16 04:08:32,62.6,97.4,1,0.987,13.9,side
2024-01-16 04:08:34,61.8,97,0.982,1,13.6,side
2024-01-16 04:08:36,62.7,97.6,0.985,1,14.7,side
2024-01-16 04:08:38,61.9,97.3,1,1,14.4,side
2024-01-16 04:08:40,61.3,96.9,1,1,13.2,side
2024-01-16 04:08:42,60.4,97.1,1,1,14.4,side
2024-01-16 04:08:44,62.9,97.1,1,1,13.8,side
2024-01-16 04:08:46,59.6,97.5,0.999,0.954,13.8,side
2024-01-16 04:08:48,59.5,97.1,1,0.976,14.2,side
2024-01-16 04:08:50,63.1,97.5,0.979,0.982,14.7,side
2024-01-16 04:08:52,63.9,97.2,0.976,0.981,13.6,side
2024-01-16 04:08:54,61.9,97.5,1,1,13.9,side
2024-01-16 04:08:56,60.2,98,0.996,1,14,side
2024-01-16 04:08:58,62.8,97.3,0.946,0.979,14.8,side
2024-01-16 04:09:00,61.9,97.8,0.976,0.94,14.3,side
2024-01-16 04:09:02,61.1,97.6,0.977,0.992,14.3,side
2024-01-16 04:09:04,62.4,97.8,1,0.975,14.2,side
2024-01-16 04:09:06,61.4,97.7,1,1,14.4,side
2024-01-16 04:09:08,60.9,97.1,1,1,14,side
2024-01-16 04:09:10,63.2,97.8,1,1,14.5,side
2024-01-16 04:09:12,61.6,97.8,0.963,0.961,14.2,side
2024-01-16 04:09:14,64.8,97.6,0.98,0.999,14.9,side
2024-01-16 04:09:16,61.2,97.8,1,0.971,14.1,side
2024-01-16 04:09:18,65.8,97.8,0.994,0.999,14.6,side
2024-01-16 04:09:20,61.1,97.7,1,1,14.3,side
2024-01-16 04:09:22,59.3,97,1,1,13.5,side
2024-01-16 04:09:24,63,97.8,1,1,14.3,side
2024-01-16 04:09:26,62,97.9,1,1,13.8,side
2024-01-16 04:09:28,62.2,97.7,1,1,13.9,side
2024-01-16 04:09:30,61.2,97.4,1,1,14.4,side
2024-01-16 04:09:32,60.7,97.6,1,0.95,13.4,side
2024-01-16 04:09:34,63.3,97.3,1,0.974,13.7,side
2024-01-16 04:09:36,61.7,97.4,1,0.951,13.5,side
2024-01-16 04:09:38,64,96.7,0.976,0.978,13.2,side
2024-01-16 04:09:40,62.8,97.4,1,0.965,14.3,side
2024-01-16 04:09:42,61.1,97.3,0.968,1,13.6,side
2024-01-16 04:09:44,64,97.4,1,1,14.2,side
2024-01-16 04:09:46,65.2,97.8,1,1,13.9,side
2024-01-16 04:09:48,60.2,97.1,1,1,14.4,side
2024-01-16 04:09:50,65.3,97.5,1,1,14.1,side
2024-01-16 04:09:52,61.8,97.3,0.988,0.963,14.5,side
2024-01-16 04:09:54,62.1,98.1,0.981,1,14.1,side
2024-01-16 04:09:56,60.9,97.5,0.964,1,13.5,side
2024-01-16 04:09:58,61.8,97.7,0.972,0.991,13.6,side
2024-01-16 04:10:00,61.9,97.4,1,0.999,14.1,side
2024-01-16 04:10:02,61.3,97.6,0.975,1,13.6,side
2024-01-16 04:10:04,59.3,98,0.987,0.973,14.3,side
2024-01-16 04:10:06,65.5,97.3,0.953,1,14.7,side
2024-01-16 04:10:08,63.9,97.3,1,1,14.4,side
2024-01-16 04:10:10,61.1,97.4,0.99,0.97,14.6,side
2024-01-16 04:10:12,62.2,97.1,1,0.973,13.7,side
2024-01-16 04:10:14,61.4,97.3,1,0.962,13.8,side
2024-01-16 04:10:16,63.5,97.7,1,1,14,side
2024-01-16 04:10:18,59.6,97.8,1,1,13.4,side
2024-01-16 04:10:20,64.3,97,1,1,13.7,side
2024-01-16 04:10:22,57.9,96.9,1,1,14.5,side
2024-01-16 04:10:24,61.7,97.5,0.966,1,13.7,side
2024-01-16 04:10:26,59.5,97.7,0.955,1,14,side
2024-01-16 04:10:28,60.9,97.1,1,1,13.3,side
2024-01-16 04:10:30,61.9,97.1,1,1,14,side
2024-01-16 04:10:32,62.2,97.7,0.979,0.985,14.3,side
2024-01-16 04:10:34,60.2,97.4,1,1,14.4,side
2024-01-16 04:10:36,62.7,97.8,1,0.944,14.3,side
2024-01-16 04:10:38,61.9,98.2,1,1,14.5,side
2024-01-16 04:10:40,63.1,97.4,0.988,0.965,13.8,side
2024-01-16 04:10:42,61.8,97.6,0.896,1,15.5,side
2024-01-16 04:10:44,61.4,98.1,1,0.983,14,side
2024-01-16 04:10:46,61.8,97.3,0.979,1,14.7,side
2024-01-16 04:10:48,62.2,97.8,0.99,0.99,14.9,side
2024-01-16 04:10:50,66.4,97.5,0.969,0.991,13.9,side
2024-01-16 04:10:52,61,97.8,1,0.971,13.4,side
2024-01-16 04:10:54,61.1,97,1,0.968,13.4,side
2024-01-16 04:10:56,60.4,97.7,1,0.972,13.2,side
2024-01-16 04:10:58,62.8,97.9,1,0.948,13.8,side
2024-01-16 04:11:00,63.1,97.9,0.953,0.982,13.6,side
2024-01-16 04:11:02,60.9,97.6,0.996,1,13.8,side
2024-01-16 04:11:04,60.2,98,1,1,14.2,side
2024-01-16 04:11:06,61.5,97.4,1,0.99,13.8,side
2024-01-16 04:11:08,63.9,97.4,0.966,1,13.4,side
2024-01-16 04:11:10,63.1,97.2,0.986,1,13.7,side
2024-01-16 04:11:12,63.8,97.9,0.961,1,13.8,side
2024-01-16 04:11:14,59.3,97,1,0.996,14.3,side
2024-01-16 04:11:16,60.5,97.3,0.994,0.996,13.1,side
2024-01-16 04:11:18,61.5,97.1,0.976,0.982,14.4,side
2024-01-16 04:11:20,62.2,97.5,1,0.993,13.8,side
2024-01-16 04:11:22,61.4,97.9,1,1,14.6,side
2024-01-16 04:11:24,62,97.3,1,0.943,13.4,side
2024-01-16 04:11:26,61.7,97.6,1,1,14.5,side
2024-01-16 04:11:28,61.4,97.4,1,0.995,14,side
2024-01-16 04:11:30,60.8,97.4,0.964,0.967,13.5,side
2024-01-16 04:11:32,63.2,97.1,1,0.979,14.5,side
2024-01-16 04:11:34,61.5,98,1,0.984,13.9,side
2024-01-16 04:11:36,61.5,97.4,0.965,1,14.9,side
2024-01-16 04:11:38,61.1,97.7,1,0.942,15.2,side
2024-01-16 04:11:40,59.6,97.8,0.98,1,15,side
2024-01-16 04:11:42,60.3,97.1,0.976,0.988,13.4,side
2024-01-16 04:11:44,60.5,97.8,1,0.986,14.5,side
2024-01-16 04:11:46,65.3,97.1,1,0.998,14.3,side
2024-01-16 04:11:48,60.4,97.9,0.94,0.997,14.1,side
2024-01-16 04:11:50,62.8,97.5,1,1,13.4,side
2024-01-16 04:11:52,61.1,97.8,1,1,13.7,side
2024-01-16 04:11:54,62.2,97.1,0.989,0.972,14.3,side
2024-01-16 04:11:56,61.6,97.7,1,0.947,13.6,side
2024-01-16 04:11:58,64.4,97.5,1,1,13.7,side
2024-01-16 04:12:00,62.7,97.6,1,1,14.3,side
2024-01-16 04:12:02,61.1,97.8,1,0.975,13.3,side
2024-01-16 04:12:04,62.9,97.3,0.981,1,14,side
2024-01-16 04:12:06,60.6,98.1,0.989,0.997,13.7,side
2024-01-16 04:12:08,63.2,97.7,1,1,15,side
2024-01-16 04:12:10,63.8,97.3,1,1,14.2,side
2024-01-16 04:12:12,60.3,97.6,0.978,0.998,14.2,side
2024-01-16 04:12:14,60.4,98,0.993,0.979,13.8,side
2024-01-16 04:12:16,62.5,97.5,1,0.999,14.1,side
2024-01-16 04:12:18,64.5,97.2,0.999,1,14.2,side
2024-01-16 04:12:20,60.1,97.8,0.98,1,14.8,side
2024-01-16 04:12:22,63.5,97.3,1,1,13.3,side
2024-01-16 04:12:24,64.1,96.7,1,1,14.5,side
2024-01-16 04:12:26,62.4,97.6,1,0.992,12.9,side
2024-01-16 04:12:28,63,97,1,0.976,14.4,side
2024-01-16 04:12:30,60.9,97.4,0.943,0.949,13.7,side
2024-01-16 04:12:32,61.1,97.5,1,0.99,13.4,side
2024-01-16 04:12:34,63,97.9,0.974,1,13.2,side
2024-01-16 04:12:36,63.7,97.7,1,1,14.7,side
2024-01-16 04:12:38,61.5,97.1,0.939,0.957,14.3,side
2024-01-16 04:12:40,62.5,98.2,0.941,0.974,13.1,side
2024-01-16 04:12:42,60.2,97.5,0.949,1,13.3,side
2024-01-16 04:12:44,63.4,96.9,0.984,0.996,12.9,side
2024-01-16 04:12:46,61.3,97.9,1,0.987,13.5,side
2024-01-16 04:12:48,60.4,97.5,1,0.939,13.7,side
2024-01-16 04:12:50,62.1,97.1,0.994,0.979,14.3,side
2024-01-16 04:12:52,61.2,97.3,1,0.986,13.5,side
2024-01-16 04:12:54,60.4,97.4,0.981,1,13.5,side
2024-01-16 04:12:56,61,97.8,1,1,13.5,side
2024-01-16 04:12:58,61.7,97.4,1,1,14.2,side
2024-01-16 04:13:00,61.6,97.1,0.978,0.972,14.6,side
2024-01-16 04:13:02,63.5,97.1,0.975,1,14.2,side
2024-01-16 04:13:04,61.6,97.7,1,1,14,side
2024-01-16 04:13:06,62.8,97.3,0.997,0.995,13.9,side
2024-01-16 04:13:08,63.9,97.9,1,1,14.3,side
2024-01-16 04:13:10,63.5,97.6,0.972,0.985,14.6,side
2024-01-16 04:13:12,64.3,97.3,0.978,0.999,13.7,side
2024-01-16 04:13:14,63.5,97.5,1,1,15,side
2024-01-16 04:13:16,60.7,97.7,0.963,0.982,14,side
2024-01-16 04:13:18,59.5,97.6,0.96,0.952,14.3,side
2024-01-16 04:13:20,61.6,97.5,1,0.971,13.9,side
2024-01-16 04:13:22,60.2,98.1,1,1,13.6,side
2024-01-16 04:13:24,61.3,97.4,1,1,13.8,side
2024-01-16 04:13:26,64.4,97.2,1,0.997,13.4,side
2024-01-16 04:13:28,62.3,98.1,1,1,13.5,side
2024-01-16 04:13:30,62.7,97.3,1,0.994,13.7,side
2024-01-16 04:13:32,60.8,97.9,1,1,14.2,side
2024-01-16 04:13:34,64.9,97.6,1,1,14.5,side
2024-01-16 04:13:36,64.3,98.2,0.979,1,13.4,side
2024-01-16 04:13:38,61.5,97.7,1,0.981,13.7,side
2024-01-16 04:13:40,60.9,97.2,0.969,1,14,side
2024-01-16 04:13:42,65.2,98.1,0.96,1,13.9,side
2024-01-16 04:13:44,63.1,97.2,0.969,1,14.1,side
2024-01-16 04:13:46,63.3,98,1,1,14,side
2024-01-16 04:13:48,58.8,97.4,0.972,1,13.5,side
2024-01-16 04:13:50,60.7,97.8,1,0.937,13.9,side
2024-01-16 04:13:52,61.6,97.8,0.925,0.982,15.1,side
2024-01-16 04:13:54,61.9,97.5,1,0.962,14.1,side
2024-01-16 04:13:56,59.2,97.7,1,0.987,13.6,side
2024-01-16 04:13:58,60.5,97.9,0.988,1,13.5,side
2024-01-16 04:14:00,61.5,97.9,0.93,0.984,13.4,side
2024-01-16 04:14:02,64.2,97.6,1,1,13.3,side
2024-01-16 04:14:04,62.8,97.7,0.979,1,14.2,side
2024-01-16 04:14:06,62.3,97.6,1,0.986,15,side
2024-01-16 04:14:08,59.1,97.8,1,1,14,side
2024-01-16 04:14:10,63.7,98.4,0.972,0.994,14.1,side
2024-01-16 04:14:12,60.2,97.9,0.984,1,14.4,side
2024-01-16 04:14:14,61.1,96.9,1,0.979,14.6,side
2024-01-16 04:14:16,60,97.4,0.995,1,14.8,side
2024-01-16 04:14:18,59.9,97.4,0.98,0.985,15,side
2024-01-16 04:14:20,61.9,97.2,1,0.993,14.5,side
2024-01-16 04:14:22,60.4,98.1,0.952,1,14.2,side
2024-01-16 04:14:24,62,97.1,1,1,14.4,side
2024-01-16 04:14:26,63.4,97.5,0.986,0.98,13.8,side
2024-01-16 04:14:28,63.2,97.3,0.988,0.976,14.5,side
2024-01-16 04:14:30,63.6,97.6,1,0.976,14.2,side
2024-01-16 04:14:32,61.7,97.5,0.997,1,14.1,side
2024-01-16 04:14:34,63.2,97.3,0.993,1,13.7,side
2024-01-16 04:14:36,61.2,97.2,0.999,0.978,14.1,side
2024-01-16 04:14:38,63,97.1,0.958,0.989,13.5,side
2024-01-16 04:14:40,60,97.8,1,0.998,15,side
2024-01-16 04:14:42,61.4,97.7,1,1,13.8,side
2024-01-16 04:14:44,59.1,97.7,0.985,0.975,14.4,side
2024-01-16 04:14:46,63,97.2,1,1,13.2,side
2024-01-16 04:14:48,61.5,97.6,1,1,13.8,side
2024-01-16 04:14:50,61.9,97.3,1,1,13.1,side
2024-01-16 04:14:52,60.6,97.4,0.949,1,14.1,side
2024-01-16 04:14:54,61.2,97.9,1,0.985,13.2,side
2024-01-16 04:14:56,64,97.5,1,1,14.5,side
2024-01-16 04:14:58,62.1,98,0.972,0.992,13.5,side
2024-01-16 04:15:00,61.6,97.9,1,1,13.3,side
2024-01-16 04:15:02,62.8,97.5,1,0.986,14,side
2024-01-16 04:15:04,60.9,98.2,1,0.971,13.9,side
2024-01-16 04:15:06,59.9,97.5,0.959,1,14.8,side
2024-01-16 04:15:08,62.4,97.2,1,0.992,14.3,side
2024-01-16 04:15:10,63.3,97,1,1,13.4,side
2024-01-16 04:15:12,61.6,97.3,1,1,15.2,side
2024-01-16 04:15:14,62.2,96.9,0.974,0.989,14.7,side
2024-01-16 04:15:16,62.9,97.7,0.997,0.971,13.7,side
2024-01-16 04:15:18,59.2,97.1,1,0.987,14.2,side
2024-01-16 04:15:20,62,97.7,0.974,1,14.8,side
2024-01-16 04:15:22,59.9,97.5,1,1,14.2,side
2024-01-16 04:15:24,62.1,97.7,0.979,1,14.6,side
2024-01-16 04:15:26,59.5,97.8,0.988,1,13.8,side
2024-01-16 04:15:28,61.3,97.6,0.985,0.928,14.2,side
2024-01-16 04:15:30,60.9,97.5,1,1,13.7,side
2024-01-16 04:15:32,60.9,97.6,0.923,1,14.9,side
2024-01-16 04:15:34,61.4,97.6,0.991,1,13.3,side
2024-01-16 04:15:36,63.3,98.1,1,1,13.6,side
2024-01-16 04:15:38,63.9,97.3,1,0.977,14,side
2024-01-16 04:15:40,62.4,97.2,1,1,14.2,side
2024-01-16 04:15:42,61.4,96.8,0.983,1,14.5,side
2024-01-16 04:15:44,62,97.1,1,1,13.1,side
2024-01-16 04:15:46,60.9,97.3,0.987,1,14.3,side
2024-01-16 04:15:48,61,96.9,1,0.963,14.6,side
2024-01-16 04:15:50,61.2,97,1,1,13.9,side
2024-01-16 04:15:52,61,97.6,0.975,1,13.6,side
2024-01-16 04:15:54,61.9,97.9,1,1,13.2,side
2024-01-16 04:15:56,62.4,97.6,0.976,0.93,15.5,side
2024-01-16 04:15:58,63.7,97.3,1,1,12.9,side
2024-01-16 04:16:00,61.7,97.5,0.999,0.991,13.6,side
2024-01-16 04:16:02,61.5,98,0.998,0.969,14.6,side
2024-01-16 04:16:04,63.1,97.4,1,0.999,13.7,side
2024-01-16 04:16:06,63.2,97.2,0.969,0.989,14.8,side
2024-01-16 04:16:08,60.7,97.7,1,1,13.5,side
2024-01-16 04:16:10,64.3,97.4,0.956,1,12.9,side
2024-01-16 04:16:12,62.2,97.4,0.983,0.97,13.8,side
2024-01-16 04:16:14,64.1,97.6,1,1,14.4,side
2024-01-16 04:16:16,62.3,97.3,0.992,0.99,13.9,side
2024-01-16 04:16:18,60.7,97.4,1,1,13.8,side
2024-01-16 04:16:20,62.8,97.7,1,1,14.4,side
2024-01-16 04:16:22,60.5,97.6,0.972,0.998,13.8,side
2024-01-16 04:16:24,62.4,97.7,1,0.996,14.5,side
2024-01-16 04:16:26,62.2,97.6,0.995,1,13,side
2024-01-16 04:16:28,63.5,97.2,0.948,1,14,side
2024-01-16 04:16:30,64,97.5,0.999,0.979,13.7,side
2024-01-16 04:16:32,62.6,97.7,1,0.956,14.4,side
2024-01-16 04:16:34,61.5,97.5,0.988,1,14.3,side
2024-01-16 04:16:36,62.4,97.1,1,1,14.9,side
2024-01-16 04:16:38,62.4,97.7,0.942,1,13.3,side
2024-01-16 04:16:40,62.4,97.8,1,1,14.7,side
2024-01-16 04:16:42,61.5,97.6,0.996,1,12.7,side
2024-01-16 04:16:44,64.9,97.2,0.987,1,14.1,side
2024-01-16 04:16:46,62.8,97.5,0.961,1,13.9,side
2024-01-16 04:16:48,63.2,97.6,1,1,13.6,side
2024-01-16 04:16:50,59.7,97.7,1,0.959,13.8,side
2024-01-16 04:16:52,61.5,97.5,0.996,0.998,14.6,side
2024-01-16 04:16:54,59.8,97.3,1,0.994,13.7,side
2024-01-16 04:16:56,62.5,97.9,0.935,1,14.7,side
2024-01-16 04:16:58,60.9,97.4,1,0.983,13.6,side
2024-01-16 04:17:00,60.7,97.8,1,1,15.3,side
2024-01-16 04:17:02,61.7,97.1,0.956,0.931,14.2,side
2024-01-16 04:17:04,60.7,97.8,0.975,0.946,13.8,side
2024-01-16 04:17:06,62.3,97.4,1,1,14.3,side
2024-01-16 04:17:08,62.1,97.6,0.983,1,13.8,side
2024-01-16 04:17:10,65.3,97,1,1,12.5,side
2024-01-16 04:17:12,61,97.6,1,1,13.6,side
2024-01-16 04:17:14,62.9,98.1,0.997,1,13.9,side
2024-01-16 04:17:16,63.6,97.2,0.995,0.968,14.1,side
2024-01-16 04:17:18,62.1,97.6,0.975,1,13.2,side
2024-01-16 04:17:20,63.9,98.1,1,0.959,13.6,side
2024-01-16 04:17:22,60.8,98,1,1,14.1,side
2024-01-16 04:17:24,62.1,97.4,0.981,1,14.2,side
2024-01-16 04:17:26,62.7,97.7,0.962,0.988,14.5,side
2024-01-16 04:17:28,64.6,97.6,1,0.966,14.2,side
2024-01-16 04:17:30,60.7,98,1,1,13.8,side
2024-01-16 04:17:32,61.9,97.6,1,1,14.1,side
2024-01-16 04:17:34,62.6,97.1,1,0.957,13.9,side
2024-01-16 04:17:36,61.3,97.8,1,0.997,14.4,side
2024-01-16 04:17:38,65.5,97.8,0.99,1,13.4,side
2024-01-16 04:17:40,62.2,97.7,0.992,1,14.2,side
2024-01-16 04:17:42,62.1,97.3,1,0.969,14.1,side
2024-01-16 04:17:44,63.6,97.5,1,1,13.6,side
2024-01-16 04:17:46,60.6,97.8,0.973,1,12.6,side
2024-01-16 04:17:48,62.3,97.7,1,0.991,14.6,side
2024-01-16 04:17:50,60.3,97.7,0.989,1,14.4,side
2024-01-16 04:17:52,63.2,97.7,1,0.999,13.8,side
2024-01-16 04:17:54,60.1,97.2,1,0.961,14.8,side
2024-01-16 04:17:56,63.8,97.9,0.945,0.985,14.3,side
2024-01-16 04:17:58,61.4,97.7,0.988,0.974,14.2,side
2024-01-16 04:18:00,61.4,97.1,1,1,13.5,side
2024-01-16 04:18:02,62.7,97.9,0.993,0.958,14.5,side
2024-01-16 04:18:04,60.9,96.9,0.942,0.973,14,side
2024-01-16 04:18:06,62.2,97.7,1,1,13,side
2024-01-16 04:18:08,59.4,97.5,1,1,14.3,side
2024-01-16 04:18:10,59.8,97.4,0.982,1,13.9,side
2024-01-16 04:18:12,62.9,97.9,1,1,14,side
2024-01-16 04:18:14,64.4,97.5,1,1,14,side
2024-01-16 04:18:16,64,97.8,0.955,1,14.2,side
2024-01-16 04:18:18,62.8,97.7,0.974,1,14.5,side
2024-01-16 04:18:20,63.2,97.9,1,1,13.5,side
2024-01-16 04:18:22,62.7,97.4,0.96,0.979,14,side
2024-01-16 04:18:24,61,97.6,0.973,0.971,13.7,side
2024-01-16 04:18:26,59.2,97.1,0.956,1,14.5,side
2024-01-16 04:18:28,64.9,98.1,0.99,1,13.2,side
2024-01-16 04:18:30,61.9,96.7,1,1,14.8,side
2024-01-16 04:18:32,62,97.6,1,1,13.6,side
2024-01-16 04:18:34,61.4,97.3,1,0.972,14.5,side
2024-01-16 04:18:36,61.9,97.3,0.959,0.979,13.9,side
2024-01-16 04:18:38,60.2,97.4,0.977,0.998,13.8,side
2024-01-16 04:18:40,64.4,96.7,0.976,0.999,14.9,side
2024-01-16 04:18:42,60.1,97.8,1,1,14.5,side
2024-01-16 04:18:44,60.9,97.8,1,0.955,15.2,side
2024-01-16 04:18:46,62.2,97.1,0.962,1,14,side
2024-01-16 04:18:48,61.1,97.3,1,1,14.8,side
2024-01-16 04:18:50,59.7,97.3,1,1,13.4,side
2024-01-16 04:18:52,63,97.4,0.995,0.992,15.3,side
2024-01-16 04:18:54,60.5,98,0.967,1,13.8,side
2024-01-16 04:18:56,61.3,97.5,0.985,0.985,14.2,side
2024-01-16 04:18:58,62.2,97.7,0.968,1,14.8,side
2024-01-16 04:19:00,63.6,97.2,0.966,1,13.4,side
2024-01-16 04:19:02,60.2,96.8,0.992,1,14.1,side
2024-01-16 04:19:04,63.6,97.4,1,1,14,side
2024-01-16 04:19:06,62.1,97.6,0.981,0.998,14.2,side
2024-01-16 04:19:08,59.8,97.5,1,1,12.7,side
2024-01-16 04:19:10,62.1,97.2,0.994,0.991,13.9,side
2024-01-16 04:19:12,61.2,97,1,1,14.2,side
2024-01-16 04:19:14,61.8,97.1,1,1,13.8,side
2024-01-16 04:19:16,59.4,97.4,0.947,1,14.1,side
2024-01-16 04:19:18,59.7,97.8,0.956,1,14.1,side
2024-01-16 04:19:20,60.8,97,1,0.99,14.5,side
2024-01-16 04:19:22,62.4,97.5,0.986,1,13.5,side
2024-01-16 04:19:24,58.7,97.5,0.99,0.997,15.2,side
2024-01-16 04:19:26,61.6,97.9,0.991,1,13.7,side
2024-01-16 04:19:28,62.4,97.2,1,1,14,side
2024-01-16 04:19:30,61.5,97.2,0.957,1,15.4,side
2024-01-16 04:19:32,60.3,97.9,0.983,0.936,14.7,side
2024-01-16 04:19:34,60.5,97.1,1,0.973,13.5,side
2024-01-16 04:19:36,63,97.8,0.977,0.952,12.9,side
2024-01-16 04:19:38,64.4,97.1,1,1,14.2,side
2024-01-16 04:19:40,61.5,97.5,0.976,0.927,13.9,side
2024-01-16 04:19:42,64.1,97.7,1,1,13.6,side
2024-01-16 04:19:44,61,97.3,1,0.969,14,side
2024-01-16 04:19:46,61.5,97.8,0.995,0.962,13.1,side
2024-01-16 04:19:48,61.2,96.8,1,0.994,13.8,side
2024-01-16 04:19:50,63.2,97.1,1,0.956,13.9,side
2024-01-16 04:19:52,61.3,97.2,0.952,1,14.2,side
2024-01-16 04:19:54,60.5,97.5,1,0.977,13.2,side
2024-01-16 04:19:56,63.3,97.1,0.962,0.977,13.9,side
2024-01-16 04:19:58,62.7,97.4,0.986,0.945,14.2,side
2024-01-16 04:20:00,61.3,97.7,0.517,0.658,8.8,side
2024-01-16 04:20:02,61.4,97.4,0.205,0.653,8.7,side
2024-01-16 04:20:04,62.3,97.5,0.398,0.672,10,side
2024-01-16 04:20:06,62.1,97.1,0.156,0.772,9,side
2024-01-16 04:20:08,61.4,97.4,0.281,0.572,9.7,side
2024-01-16 04:20:10,62.3,97.7,0.136,0.62,8.3,side
2024-01-16 04:20:12,59.8,96.7,0.601,0.799,6.5,side
2024-01-16 04:20:14,62.8,96.5,0.181,0.565,8.8,side
2024-01-16 04:20:16,65.1,96.2,0.256,0.568,6.1,side
2024-01-16 04:20:18,63.2,95.2,1,0.963,13.9,side
2024-01-16 04:20:20,62.8,95.4,0.988,1,14.3,side
2024-01-16 04:20:22,62.8,95,1,1,13.6,side
2024-01-16 04:20:24,60.9,94.5,1,0.986,14.2,side
2024-01-16 04:20:26,61.7,94.3,1,0.982,13.2,side
2024-01-16 04:20:28,63.1,95.1,1,1,14.2,side
2024-01-16 04:20:30,59.8,97.5,0.946,0.989,14.1,side
2024-01-16 04:20:32,60.8,97.5,1,0.987,13.4,side
2024-01-16 04:20:34,62.2,97.5,0.989,0.986,13.7,side
2024-01-16 04:20:36,61,97.4,1,0.993,13.8,side
2024-01-16 04:20:38,66.3,97.4,0.976,1,14,side
2024-01-16 04:20:40,63.3,98.1,1,0.988,14,side
2024-01-16 04:20:42,59.9,97.5,0.933,1,13.3,side
2024-01-16 04:20:44,62.5,97.6,1,0.992,13.9,side
2024-01-16 04:20:46,60.7,97.1,1,1,14.2,side
2024-01-16 04:20:48,60.5,97.6,0.991,0.994,13.9,side
2024-01-16 04:20:50,62.2,97.7,1,1,14,side
2024-01-16 04:20:52,61.2,97.2,1,0.982,14.2,side
2024-01-16 04:20:54,65.6,97.6,1,0.953,13.7,side
2024-01-16 04:20:56,61.8,97.4,0.96,0.976,14.3,side
2024-01-16 04:20:58,62.7,97,0.958,0.971,13.8,side
2024-01-16 04:21:00,60.3,97.5,1,0.969,14.1,side
2024-01-16 04:21:02,61.6,97.8,0.985,1,13.2,side
2024-01-16 04:21:04,61.2,97.5,1,1,14.5,side
2024-01-16 04:21:06,61.5,98.2,1,0.983,14.4,side
2024-01-16 04:21:08,61.3,97.2,0.936,0.986,14.1,side
2024-01-16 04:21:10,60,97.6,1,0.964,14.2,side
2024-01-16 04:21:12,63.3,97.4,0.979,0.969,13.9,side
2024-01-16 04:21:14,62.6,98,1,1,14.6,side
2024-01-16 04:21:16,64.3,97,1,1,13.2,side
2024-01-16 04:21:18,60.8,97.1,0.961,1,14.9,side
2024-01-16 04:21:20,64.1,97.2,1,1,14.1,side
2024-01-16 04:21:22,63.4,97.2,0.999,0.985,13.4,side
2024-01-16 04:21:24,61.5,97.5,0.972,0.994,14,side
2024-01-16 04:21:26,61.8,97.2,0.973,1,13.9,side
2024-01-16 04:21:28,63.2,97.4,1,1,13.7,side
2024-01-16 04:21:30,58.2,97.5,0.979,1,13.9,side
2024-01-16 04:21:32,61.8,97.5,0.966,0.966,15.1,side
2024-01-16 04:21:34,60.9,97.7,0.97,1,13.3,side
2024-01-16 04:21:36,62.7,97.8,1,1,13.9,side
2024-01-16 04:21:38,62.9,97.8,0.953,0.988,14.7,side
2024-01-16 04:21:40,64.1,97.9,1,1,14.5,side
2024-01-16 04:21:42,62.4,98,0.982,1,14.3,side
2024-01-16 04:21:44,63.3,97.8,0.944,1,14.3,side
2024-01-16 04:21:46,62.4,97.8,0.977,1,14.5,side
2024-01-16 04:21:48,64.1,97.8,1,0.975,12.7,side
2024-01-16 04:21:50,60.4,97.7,1,0.957,14.6,side
2024-01-16 04:21:52,59.7,97.2,1,0.997,14.1,side
2024-01-16 04:21:54,62.9,97.4,0.988,0.955,14,side
2024-01-16 04:21:56,61.2,97.3,0.978,0.933,14.4,side
2024-01-16 04:21:58,62.2,97.4,0.978,1,14.5,side
2024-01-16 04:22:00,63.7,97.5,1,0.967,13.5,side
2024-01-16 04:22:02,65.1,98,0.944,1,13.9,side
2024-01-16 04:22:04,65,96.8,0.998,1,15.9,side
2024-01-16 04:22:06,62.8,97.5,0.956,1,14.4,side
2024-01-16 04:22:08,63.7,97.4,0.998,1,13.3,side
2024-01-16 04:22:10,62.4,98,0.984,1,15,side
2024-01-16 04:22:12,63.4,97.6,1,1,14.5,side
2024-01-16 04:22:14,64.5,98,0.971,0.999,14,side
2024-01-16 04:22:16,60,97.8,1,0.989,13.8,side
2024-01-16 04:22:18,61.1,97.8,0.994,1,13.6,side
2024-01-16 04:22:20,61.5,97.4,0.959,0.99,14.4,side
2024-01-16 04:22:22,61.9,98.1,1,1,15,side
2024-01-16 04:22:24,63.5,97.9,0.969,0.994,13.1,side
2024-01-16 04:22:26,63.7,97.7,1,0.988,12.9,side
2024-01-16 04:22:28,61.5,96.8,0.972,1,13.9,side
2024-01-16 04:22:30,61.8,98,1,0.985,14.7,side
2024-01-16 04:22:32,60.2,97.5,0.991,0.966,14.2,side
2024-01-16 04:22:34,63.2,97.6,1,0.997,13.4,side
2024-01-16 04:22:36,63.4,97.4,1,1,14.9,side
2024-01-16 04:22:38,60.9,97.5,1,1,14.4,side
2024-01-16 04:22:40,63.3,97.4,0.974,0.997,13.6,side
2024-01-16 04:22:42,63.2,97.4,0.989,1,14.1,side
2024-01-16 04:22:44,61.8,97.3,0.981,1,12.9,side
2024-01-16 04:22:46,63.8,97.8,0.983,0.971,13.6,side
2024-01-16 04:22:48,64.6,97.6,0.985,0.983,13.8,side
2024-01-16 04:22:50,62.2,97.3,0.978,1,13.7,side
2024-01-16 04:22:52,62.9,97.6,0.986,0.976,14.3,side
2024-01-16 04:22:54,64.5,97.9,0.984,1,13.6,side
2024-01-16 04:22:56,60.4,97.3,1,1,13.8,side
2024-01-16 04:22:58,61.5,97.6,0.999,0.985,13.5,side
2024-01-16 04:23:00,63.6,97.1,1,1,13.8,side
2024-01-16 04:23:02,61.8,97.1,0.961,1,13.8,side
2024-01-16 04:23:04,63.5,97.3,0.954,1,13.3,side
2024-01-16 04:23:06,63,97.4,0.952,0.993,13.6,side
2024-01-16 04:23:08,60,97.5,1,0.997,14.2,side
2024-01-16 04:23:10,65.4,97.5,1,1,14.1,side
2024-01-16 04:23:12,63.7,97.7,0.949,0.992,14.7,side
2024-01-16 04:23:14,60.8,97.2,1,1,14.6,side
2024-01-16 04:23:16,63,98,0.939,0.997,14.2,side
2024-01-16 04:23:18,59.9,97.4,1,0.976,14.1,side
2024-01-16 04:23:20,63.1,97.7,1,1,14.9,side
2024-01-16 04:23:22,60.8,97.6,0.994,0.949,14.3,side
2024-01-16 04:23:24,62,97.2,0.969,1,13.5,side
2024-01-16 04:23:26,61.8,97.3,0.953,0.981,14.3,side
2024-01-16 04:23:28,63,97.4,1,0.982,14.1,side
2024-01-16 04:23:30,63.5,97.3,1,0.991,13.4,side
2024-01-16 04:23:32,61.2,97.6,0.971,0.942,12.9,side
2024-01-16 04:23:34,60.7,97.6,0.982,1,15,side
2024-01-16 04:23:36,60.9,97.4,0.985,1,13.8,side
2024-01-16 04:23:38,62.6,97.5,0.947,1,14.1,side
2024-01-16 04:23:40,60.1,97.1,1,0.967,13.4,side
2024-01-16 04:23:42,62,97.1,0.976,0.948,13.3,side
2024-01-16 04:23:44,62.5,97.1,1,0.979,14.1,side
2024-01-16 04:23:46,62.9,97.3,0.992,0.994,14.5,side
2024-01-16 04:23:48,59,97.7,1,1,14.3,side
2024-01-16 04:23:50,64.9,97.5,1,1,14.2,side
2024-01-16 04:23:52,63.4,97.9,0.978,0.97,13.8,side
2024-01-16 04:23:54,61.9,97.9,1,1,14.4,side
2024-01-16 04:23:56,65.7,97.6,1,1,14.5,side
2024-01-16 04:23:58,61.2,97.3,0.977,0.998,14,side
2024-01-16 04:24:00,65,97.6,0.978,0.958,13.6,side
2024-01-16 04:24:02,63.1,97.6,0.982,0.935,13.2,side
2024-01-16 04:24:04,61.3,98.3,1,0.965,13.4,side
2024-01-16 04:24:06,61.1,97.7,1,0.986,13.4,side
2024-01-16 04:24:08,63.7,97.6,1,1,14.1,side
2024-01-16 04:24:10,62.8,97.4,0.986,1,15.2,side
2024-01-16 04:24:12,63,97.7,0.992,0.979,13.9,side
2024-01-16 04:24:14,61.1,97.2,0.982,1,14,side
2024-01-16 04:24:16,60.8,97.3,0.953,1,14.1,side
2024-01-16 04:24:18,63.8,96.9,0.916,1,14.8,side
2024-01-16 04:24:20,61.5,97.7,0.981,1,14.6,side
2024-01-16 04:24:22,62.7,97.7,1,1,14.1,side
2024-01-16 04:24:24,60.7,97.4,0.972,1,13.4,side
2024-01-16 04:24:26,63.4,97,0.997,1,14.8,side
2024-01-16 04:24:28,63.8,97.1,0.921,0.955,13.2,side
2024-01-16 04:24:30,60.5,97.5,1,1,13.6,side
2024-01-16 04:24:32,59.5,97.8,1,1,14,side
2024-01-16 04:24:34,61.7,96.9,1,1,13.1,side
2024-01-16 04:24:36,63.8,97.3,1,1,13.4,side
2024-01-16 04:24:38,61.6,97.2,1,0.994,14,side
2024-01-16 04:24:40,59.2,97.2,0.978,1,14,side
2024-01-16 04:24:42,58.3,97.7,1,1,14.3,side
2024-01-16 04:24:44,63.3,97.1,0.969,0.98,13.8,side
2024-01-16 04:24:46,61.1,97.4,0.958,0.992,14.2,side
2024-01-16 04:24:48,60.4,97.4,1,1,14.8,side
2024-01-16 04:24:50,66.4,97.2,0.941,1,13.9,side
2024-01-16 04:24:52,62.1,97.2,1,1,14.7,side
2024-01-16 04:24:54,60.5,97.4,0.939,1,14,side
2024-01-16 04:24:56,62.5,97.7,1,1,14.4,side
2024-01-16 04:24:58,63.4,97.7,0.973,0.963,14,side
2024-01-16 04:25:00,62.5,97.7,1,0.986,14.6,side
2024-01-16 04:25:02,59.5,97.5,0.977,1,14.1,side
2024-01-16 04:25:04,60.3,97.9,1,1,13.8,side
2024-01-16 04:25:06,63.4,98,0.993,0.966,15,side
2024-01-16 04:25:08,61.3,97.5,0.997,1,14,side
2024-01-16 04:25:10,61,97,0.96,0.975,14.1,side
2024-01-16 04:25:12,61,97.7,0.945,1,13.6,side
2024-01-16 04:25:14,63,97.7,1,0.975,15.1,side
2024-01-16 04:25:16,62.8,97.5,1,0.997,14.6,side
2024-01-16 04:25:18,60.2,97.9,1,1,14.1,side
2024-01-16 04:25:20,62.1,97.4,1,0.983,13.9,side
2024-01-16 04:25:22,61.6,97.3,0.979,0.993,13.5,side
2024-01-16 04:25:24,62.6,98.4,1,1,15,side
2024-01-16 04:25:26,63.9,97.6,1,1,14.6,side
2024-01-16 04:25:28,60.4,97.6,1,0.993,14.8,side
2024-01-16 04:25:30,61.4,97.6,0.943,0.97,14.4,side
2024-01-16 04:25:32,64.2,97.1,1,1,13.7,side
2024-01-16 04:25:34,60.4,97.3,1,1,13.5,side
2024-01-16 04:25:36,60.8,97.4,0.973,0.998,14.4,side
2024-01-16 04:25:38,61.7,97,1,0.981,14.3,side
2024-01-16 04:25:40,61,97,0.968,1,14.5,side
2024-01-16 04:25:42,63.3,97.4,0.996,0.915,14,side
2024-01-16 04:25:44,63.1,96.9,1,0.937,13.7,side
2024-01-16 04:25:46,63.9,97.7,0.98,1,14.5,side
2024-01-16 04:25:48,59.5,97.4,0.965,0.968,14.2,side
2024-01-16 04:25:50,63.2,97,0.996,0.98,14.2,side
2024-01-16 04:25:52,62.2,97.7,0.996,0.948,13.7,side
2024-01-16 04:25:54,59.9,98,1,0.972,14.1,side
2024-01-16 04:25:56,59.7,97.4,0.997,0.985,13.8,side
2024-01-16 04:25:58,58.3,98.2,1,0.993,13.8,side
2024-01-16 04:26:00,60.9,97.5,0.997,1,13.5,side
2024-01-16 04:26:02,59.2,97.5,0.972,1,14,side
2024-01-16 04:26:04,60.1,97.2,0.98,0.9,14.7,side
2024-01-16 04:26:06,61.1,97.1,1,0.988,14.1,side
2024-01-16 04:26:08,62,97.5,0.996,1,13.9,side
2024-01-16 04:26:10,62.1,97.1,0.993,0.995,14,side
2024-01-16 04:26:12,62.5,97.9,1,1,13.4,side
2024-01-16 04:26:14,60.9,97.3,1,0.985,14,side
2024-01-16 04:26:16,63.8,97.1,1,1,13.6,side
2024-01-16 04:26:18,63.4,97.7,1,1,13.7,side
2024-01-16 04:26:20,60.6,97,0.98,0.971,14.5,side
2024-01-16 04:26:22,62.5,97.3,1,1,13.9,side
2024-01-16 04:26:24,66.2,98,1,1,15.4,side
2024-01-16 04:26:26,60.2,97.3,0.985,1,14.3,side
2024-01-16 04:26:28,65.4,97.8,1,1,13.7,side
2024-01-16 04:26:30,62.1,97.3,0.96,0.983,13.8,side
2024-01-16 04:26:32,64.3,97.6,0.993,1,14,side
2024-01-16 04:26:34,60.8,97.4,0.993,1,13.9,side
2024-01-16 04:26:36,62.5,97.5,1,1,13.3,side
2024-01-16 04:26:38,63.2,97.4,1,0.96,13.6,side
2024-01-16 04:26:40,61.6,97.6,0.939,1,13.7,side
2024-01-16 04:26:42,61.8,97.4,1,1,13.8,side
2024-01-16 04:26:44,61.8,97.5,1,1,12.9,side
2024-01-16 04:26:46,60.7,97,0.996,1,15,side
2024-01-16 04:26:48,61.4,97.5,1,1,14.4,side
2024-01-16 04:26:50,61.5,97.4,1,0.996,13,side
2024-01-16 04:26:52,62.1,97.8,1,0.985,13.3,side
2024-01-16 04:26:54,63.3,97.7,1,1,15,side
2024-01-16 04:26:56,62.4,97.3,1,0.973,13.7,side
2024-01-16 04:26:58,61.6,96.8,0.957,1,13.8,side
2024-01-16 04:27:00,64.5,97.5,0.997,1,14.5,side
2024-01-16 04:27:02,63,97.5,0.979,0.987,13.2,side
2024-01-16 04:27:04,62.4,97.8,1,0.993,13.8,side
2024-01-16 04:27:06,59.6,97.6,1,1,14.2,side
2024-01-16 04:27:08,60.7,97.3,1,0.969,14.2,side
2024-01-16 04:27:10,61.9,97.9,0.979,0.993,14.3,side
2024-01-16 04:27:12,63.4,97.3,0.992,0.983,14.2,side
2024-01-16 04:27:14,61.6,97.3,0.963,0.955,14.1,side
2024-01-16 04:27:16,62,97.7,1,0.983,13.8,side
2024-01-16 04:27:18,62.1,98.1,0.982,0.975,13.5,side
2024-01-16 04:27:20,62.1,97.2,1,0.978,14.5,side
2024-01-16 04:27:22,59.7,97.8,0.957,0.987,14.3,side
2024-01-16 04:27:24,64.4,97.5,1,1,13.3,side
2024-01-16 04:27:26,60.9,97.7,0.982,0.978,14.4,side
2024-01-16 04:27:28,63.2,97.4,1,1,13.5,side
2024-01-16 04:27:30,63,97.3,0.956,1,14.1,side
2024-01-16 04:27:32,62.7,97.5,0.981,1,14.1,side
2024-01-16 04:27:34,62.6,97.8,0.973,0.987,14.8,side
2024-01-16 04:27:36,61,97.3,0.981,0.997,14.4,side
2024-01-16 04:27:38,58.4,97.2,0.973,0.981,14.3,side
2024-01-16 04:27:40,64.3,97.9,0.963,1,14.2,side
2024-01-16 04:27:42,62.3,97.1,0.982,0.977,14.1,side
2024-01-16 04:27:44,63.5,97.4,0.996,0.968,13.4,side
2024-01-16 04:27:46,64.4,98.2,1,0.984,13.8,side
2024-01-16 04:27:48,60.9,97.6,1,1,13.7,side
2024-01-16 04:27:50,59.8,97.8,0.991,0.975,14.6,side
2024-01-16 04:27:52,62.2,97.4,0.966,0.989,14,side
2024-01-16 04:27:54,56.2,97.1,1,0.99,14.3,side
2024-01-16 04:27:56,59.5,97.5,0.982,1,13.9,side
2024-01-16 04:27:58,62,97.4,1,0.989,13.8,side
2024-01-16 04:28:00,63.5,97.8,0.959,1,13.9,side
2024-01-16 04:28:02,60.9,97.7,1,1,14.4,side
2024-01-16 04:28:04,59.8,97.3,1,0.99,13.9,side
2024-01-16 04:28:06,61.8,97.6,0.942,0.993,14.4,side
2024-01-16 04:28:08,62.5,97.5,1,1,14.5,side
2024-01-16 04:28:10,62.7,97.6,0.962,1,13.7,side
2024-01-16 04:28:12,62.6,97.4,0.994,1,14.2,side
2024-01-16 04:28:14,61,98.4,0.957,1,13.8,side
2024-01-16 04:28:16,60.9,97.1,0.986,0.934,13.3,side
2024-01-16 04:28:18,61.5,97.6,1,0.962,14,side
2024-01-16 04:28:20,62.1,97.2,1,1,14.9,side
2024-01-16 04:28:22,61.3,97.4,1,1,14.4,side
2024-01-16 04:28:24,62.2,97.2,1,0.956,13.8,side
2024-01-16 04:28:26,62.1,97.3,1,0.939,14.7,side
2024-01-16 04:28:28,62.3,97.1,1,0.994,14.8,side
2024-01-16 04:28:30,60.9,97.3,0.962,1,13,side
2024-01-16 04:28:32,61,97.5,0.942,0.976,13.7,side
2024-01-16 04:28:34,63.3,97.6,1,1,13.9,side
2024-01-16 04:28:36,61.5,97.4,1,1,14.4,side
2024-01-16 04:28:38,64.8,97.1,1,0.933,13.6,side
2024-01-16 04:28:40,62.8,97.2,0.965,1,14,side
2024-01-16 04:28:42,62.4,97.4,1,1,14.6,side
2024-01-16 04:28:44,61.6,97.4,1,1,13.6,side
2024-01-16 04:28:46,63.3,97.3,0.997,0.989,14.5,side
2024-01-16 04:28:48,62.2,97.7,0.987,0.974,15.2,side
2024-01-16 04:28:50,61.4,98,0.984,0.977,14.3,side
2024-01-16 04:28:52,61.8,97.5,0.978,0.952,13.8,side
2024-01-16 04:28:54,63.8,97.2,0.996,1,13.4,side
2024-01-16 04:28:56,65.5,97.6,0.959,1,13.8,side
2024-01-16 04:28:58,59.3,97.7,0.988,0.959,13.5,side
2024-01-16 04:29:00,61.7,97.8,0.944,1,13.4,side
2024-01-16 04:29:02,60.5,97.5,1,1,14.5,side
2024-01-16 04:29:04,61.8,97.3,0.956,1,13.9,side
2024-01-16 04:29:06,60.7,98,1,1,13.7,side
2024-01-16 04:29:08,59.5,97.7,1,0.971,14.5,side
2024-01-16 04:29:10,63.2,97.2,0.989,1,14.6,side
2024-01-16 04:29:12,62.1,97.4,1,0.998,14.4,side
2024-01-16 04:29:14,60.9,97.6,1,1,13.1,side
2024-01-16 04:29:16,61.3,97.6,1,1,13.6,side
2024-01-16 04:29:18,63.9,97.7,1,0.978,15.3,side
2024-01-16 04:29:20,63.5,97.8,1,1,13.9,side
2024-01-16 04:29:22,64.3,97.7,1,0.994,13,side
2024-01-16 04:29:24,61.9,97.5,1,1,14.4,side
2024-01-16 04:29:26,63,97.5,0.963,1,14.2,side
2024-01-16 04:29:28,63.4,97.8,1,0.997,14.1,side
2024-01-16 04:29:30,60.2,97.5,0.994,0.948,12.9,side
2024-01-16 04:29:32,59.8,97.7,1,1,13.8,side
2024-01-16 04:29:34,63.4,97.6,1,0.988,13.5,side
2024-01-16 04:29:36,63.5,97.7,1,0.971,14.2,side
2024-01-16 04:29:38,61.4,97.6,0.955,1,14,side
2024-01-16 04:29:40,62.7,97.3,1,1,14,side
2024-01-16 04:29:42,62.2,97.4,1,1,14.2,side
2024-01-16 04:29:44,61.4,97.4,0.962,1,14.3,side
2024-01-16 04:29:46,63.8,97.6,1,1,14.1,side
2024-01-16 04:29:48,58.4,97.7,0.984,1,13.5,side
2024-01-16 04:29:50,63.3,98.1,0.959,0.967,14.1,side
2024-01-16 04:29:52,63.5,97.4,1,0.988,14.4,side
2024-01-16 04:29:54,61.8,98.4,0.992,1,14.4,side
2024-01-16 04:29:56,61.2,97.3,1,1,13.6,side
2024-01-16 04:29:58,63,97,1,0.962,15,side
2024-01-16 04:30:00,64.9,97.7,1,1,13.3,side
2024-01-16 04:30:02,62.9,97.6,1,0.963,15.3,side
2024-01-16 04:30:04,63.3,97.2,1,1,13.6,side
2024-01-16 04:30:06,62.4,97.3,0.977,0.985,13.9,side
2024-01-16 04:30:08,63.6,97.3,0.988,0.977,14.3,side
2024-01-16 04:30:10,65,98.2,1,1,14.1,side
2024-01-16 04:30:12,63.1,98.2,1,0.985,14.8,side
2024-01-16 04:30:14,60.6,97.3,1,1,13.8,side
2024-01-16 04:30:16,62.3,97.4,1,0.995,14.1,side
2024-01-16 04:30:18,64.6,97.9,1,1,14.1,side
2024-01-16 04:30:20,60.6,97.1,1,0.994,14.6,side
2024-01-16 04:30:22,63.2,97,1,0.997,14.1,side
2024-01-16 04:30:24,60.7,97.4,1,1,14.6,side
2024-01-16 04:30:26,60.2,97.3,0.936,0.991,14,side
2024-01-16 04:30:28,61.8,97.8,0.981,0.99,14,side
2024-01-16 04:30:30,63.3,97.5,1,0.977,14.6,side
2024-01-16 04:30:32,64.6,97.7,1,0.993,14.3,side
2024-01-16 04:30:34,61.8,97.7,1,1,14.6,side
2024-01-16 04:30:36,61.9,97.4,0.974,1,13.9,side
2024-01-16 04:30:38,62.8,97.3,1,1,13.5,side
2024-01-16 04:30:40,63.8,97.7,0.933,0.988,14.4,side
2024-01-16 04:30:42,63.4,97.5,0.988,0.971,14.4,side
2024-01-16 04:30:44,61,97.1,1,1,14.4,side
2024-01-16 04:30:46,60.7,97.3,0.987,0.999,14.7,side
2024-01-16 04:30:48,62,97.7,0.984,1,14.2,side
2024-01-16 04:30:50,62.8,97.8,0.979,0.995,13.9,side
2024-01-16 04:30:52,57,97.7,0.964,1,13.9,side
2024-01-16 04:30:54,59.9,97.7,1,0.983,14.9,side
2024-01-16 04:30:56,61.6,98.3,1,0.959,13.8,side
2024-01-16 04:30:58,58.9,97.5,0.972,1,14.7,side
2024-01-16 04:31:00,63.7,97.9,1,1,14.1,side
2024-01-16 04:31:02,63.1,97.5,1,0.99,14.7,side
2024-01-16 04:31:04,63.9,97.8,1,1,14.1,side
2024-01-16 04:31:06,61.8,97.6,0.964,0.981,14.7,side
2024-01-16 04:31:08,63.4,97.5,1,1,15.1,side
2024-01-16 04:31:10,62.5,97,0.981,0.966,14.1,side
2024-01-16 04:31:12,64.3,97.8,0.987,1,13.1,side
2024-01-16 04:31:14,62,97.5,0.998,0.988,14.1,side
2024-01-16 04:31:16,61,96.9,0.978,1,13.4,side
2024-01-16 04:31:18,61.7,97.2,0.949,1,13.6,side
2024-01-16 04:31:20,62,97.4,0.969,0.948,15,side
2024-01-16 04:31:22,64,97.4,0.98,1,13.9,side
2024-01-16 04:31:24,61.6,97.4,0.991,0.985,14.9,side
2024-01-16 04:31:26,61.5,97.2,1,0.974,14.4,side
2024-01-16 04:31:28,61.7,97.5,1,1,14.1,side
2024-01-16 04:31:30,63.1,97.2,0.974,1,13.5,side
2024-01-16 04:31:32,60.9,97.5,1,0.983,14,side
2024-01-16 04:31:34,63.8,97.6,1,1,14,side
2024-01-16 04:31:36,62.3,97.8,0.954,0.954,14.5,side
2024-01-16 04:31:38,63.6,97.8,0.946,1,14.4,side
2024-01-16 04:31:40,62.2,97.5,0.994,1,13.5,side
2024-01-16 04:31:42,59.2,97.8,1,0.992,14,side
2024-01-16 04:31:44,62.8,97.5,0.994,1,14.6,side
2024-01-16 04:31:46,60.1,97.3,0.982,0.944,13.1,side
2024-01-16 04:31:48,62.5,98.3,0.964,0.978,13.6,side
2024-01-16 04:31:50,61.1,97,0.949,0.991,13.8,side
2024-01-16 04:31:52,64.1,98,1,0.999,14.5,side
2024-01-16 04:31:54,62.8,97.2,0.982,1,13.9,side
2024-01-16 04:31:56,63.9,97.4,0.993,1,13.8,side
2024-01-16 04:31:58,62.1,97.3,0.983,1,14,side
2024-01-16 04:32:00,59.1,98.1,0.991,0.946,14.1,side
2024-01-16 04:32:02,59.3,97.7,1,1,13.8,side
2024-01-16 04:32:04,63.5,97,1,0.991,14.7,side
2024-01-16 04:32:06,61,97.4,1,1,14.2,side
2024-01-16 04:32:08,62.8,97.3,1,1,13.3,side
2024-01-16 04:32:10,61,97.8,0.963,1,14.1,side
2024-01-16 04:32:12,61.2,97.9,1,1,13.8,side
2024-01-16 04:32:14,63.8,98,0.961,0.983,14.5,side
2024-01-16 04:32:16,59.8,97.5,0.987,0.956,14.3,side
2024-01-16 04:32:18,61.7,97.6,0.944,1,14.7,side
2024-01-16 04:32:20,61,97.5,0.979,0.965,13.6,side
2024-01-16 04:32:22,63.4,97.9,0.982,0.985,14.6,side
2024-01-16 04:32:24,64.6,97.4,1,0.967,14.8,side
2024-01-16 04:32:26,61.6,96.9,1,1,14.6,side
2024-01-16 04:32:28,62.7,97.6,1,0.992,14.1,side
2024-01-16 04:32:30,60.1,97.6,0.976,0.973,14.3,side
2024-01-16 04:32:32,61.4,97.1,1,0.969,13.9,side
2024-01-16 04:32:34,62,97.9,1,0.967,13.1,side
2024-01-16 04:32:36,60.3,97.5,0.961,1,13.4,side
2024-01-16 04:32:38,64.6,97.5,0.943,0.985,13.6,side
2024-01-16 04:32:40,61.8,97.8,0.972,1,15,side
2024-01-16 04:32:42,57.7,97.4,0.996,0.991,13.6,side
2024-01-16 04:32:44,63.1,97.8,1,1,13.3,side
2024-01-16 04:32:46,63,97.3,1,0.997,14.1,side
2024-01-16 04:32:48,64,97.3,0.968,1,14.4,side
2024-01-16 04:32:50,63.6,97.6,1,1,13.7,side
2024-01-16 04:32:52,60.7,97.6,0.991,1,12.9,side
2024-01-16 04:32:54,60.4,97.4,1,1,13.9,side
2024-01-16 04:32:56,60.9,97.2,0.969,1,13.9,side
2024-01-16 04:32:58,63.1,97.9,1,0.983,13.7,side
2024-01-16 04:33:00,63.4,97.5,1,1,14.3,side
2024-01-16 04:33:02,60.9,97.4,0.991,0.978,14,side
2024-01-16 04:33:04,62.2,97.2,1,0.999,14.2,side
2024-01-16 04:33:06,60.3,97.8,1,0.974,13.9,side
2024-01-16 04:33:08,65.1,98.1,0.966,0.995,15,side
2024-01-16 04:33:10,63.8,97.8,1,0.972,13.9,side
2024-01-16 04:33:12,63.3,97.8,1,1,13.8,side
2024-01-16 04:33:14,63.4,97.7,1,1,14.9,side
2024-01-16 04:33:16,64.1,97.6,1,1,14.6,side
2024-01-16 04:33:18,64.6,97,1,1,13.8,side
2024-01-16 04:33:20,62.5,97.4,0.995,0.969,13.9,side
2024-01-16 04:33:22,60.6,97,1,1,13.6,side
2024-01-16 04:33:24,59.8,97.7,1,0.988,13.8,side
2024-01-16 04:33:26,59,97.3,1,0.981,14.3,side
2024-01-16 04:33:28,61.7,97.8,0.992,1,13.3,side
2024-01-16 04:33:30,63.2,97.4,0.964,0.985,13.7,side
2024-01-16 04:33:32,61.1,97.3,0.997,1,13.5,side
2024-01-16 04:33:34,62.8,97.5,0.95,0.994,15,side
2024-01-16 04:33:36,60,97.8,0.99,1,13.1,side
2024-01-16 04:33:38,60.6,97.5,0.992,1,14.7,side
2024-01-16 04:33:40,65.3,97.7,1,0.999,14.9,side
2024-01-16 04:33:42,62.2,97.4,1,1,14.1,side
2024-01-16 04:33:44,60.6,97.5,0.989,1,14.1,side
2024-01-16 04:33:46,64.8,97.8,0.968,0.996,13.6,side
2024-01-16 04:33:48,61.9,97.5,1,0.986,14.4,side
2024-01-16 04:33:50,61.4,97.2,0.99,1,13.9,side
2024-01-16 04:33:52,60,97.9,0.955,0.964,12.9,side
2024-01-16 04:33:54,63.1,97.7,0.956,1,14.5,side
2024-01-16 04:33:56,63.3,97.8,0.979,1,14.5,side
2024-01-16 04:33:58,63.8,97.4,1,0.963,14.5,side
2024-01-16 04:34:00,61.5,97.6,1,1,13.8,side
2024-01-16 04:34:02,58,97.7,0.974,0.976,13.7,side
2024-01-16 04:34:04,60.8,96.7,1,0.971,14.5,side
2024-01-16 04:34:06,60.9,97.8,1,0.987,13.9,side
2024-01-16 04:34:08,63.2,97.4,1,1,14.1,side
2024-01-16 04:34:10,58.9,97.4,1,0.993,13.6,side
2024-01-16 04:34:12,59.8,97.4,1,1,14.3,side
2024-01-16 04:34:14,62.9,97.3,1,0.973,13.7,side
2024-01-16 04:34:16,63.2,97.4,0.977,0.974,13.8,side
2024-01-16 04:34:18,63.9,97.2,1,0.931,13.6,side
2024-01-16 04:34:20,62.7,97.1,1,1,13.8,side
2024-01-16 04:34:22,60.9,97.2,1,0.979,13.4,side
2024-01-16 04:34:24,59.4,97.8,0.991,1,14.7,side
2024-01-16 04:34:26,63,97.1,0.979,0.996,14,side
2024-01-16 04:34:28,62.2,97.4,1,1,13.6,side
2024-01-16 04:34:30,63.1,97.2,1,1,13.2,side
2024-01-16 04:34:32,62.1,97.8,1,1,14.7,side
2024-01-16 04:34:34,61.4,97.4,0.927,1,14,side
2024-01-16 04:34:36,64,97.8,1,0.984,14.1,side
2024-01-16 04:34:38,61.6,97.6,0.993,1,13.6,side
2024-01-16 04:34:40,62.4,97.6,0.954,1,14.5,side
2024-01-16 04:34:42,57.7,97.4,1,0.999,13.5,side
2024-01-16 04:34:44,64.7,97.7,1,1,14.1,side
2024-01-16 04:34:46,60.4,97.6,1,1,13.8,side
2024-01-16 04:34:48,61.7,97.7,1,1,15,side
2024-01-16 04:34:50,62.1,98.1,0.952,0.987,13.7,side
2024-01-16 04:34:52,60,97.6,1,1,14.6,side
2024-01-16 04:34:54,62.9,97.3,0.993,0.953,13.3,side
2024-01-16 04:34:56,60.5,97.8,1,0.996,15.1,side
2024-01-16 04:34:58,59.4,97.9,1,1,13.4,side
2024-01-16 04:35:00,59.1,97.7,0.966,1,14.2,side
2024-01-16 04:35:02,64.3,97.6,0.975,0.974,14.6,side
2024-01-16 04:35:04,61.2,97.3,1,0.993,13.3,side
2024-01-16 04:35:06,62.2,97.2,1,1,13.7,side
2024-01-16 04:35:08,63.9,97.5,0.967,0.987,13.8,side
2024-01-16 04:35:10,59.6,97.6,0.948,1,14.6,side
2024-01-16 04:35:12,61.3,97.4,0.969,1,14.5,side
2024-01-16 04:35:14,62.4,98,0.957,0.992,13.9,side
2024-01-16 04:35:16,62.5,96.9,0.949,1,14.5,side
2024-01-16 04:35:18,62.7,97.2,1,1,14.5,side
2024-01-16 04:35:20,60.8,97.7,1,0.967,14,side
2024-01-16 04:35:22,64.6,98,0.96,0.991,13.6,side
2024-01-16 04:35:24,63.6,97.4,1,0.953,13.3,side
2024-01-16 04:35:26,67.4,97.6,0.989,1,13.6,side
2024-01-16 04:35:28,64.1,96.8,1,1,13.3,side
2024-01-16 04:35:30,63.5,97.8,1,1,13.8,side
2024-01-16 04:35:32,61.4,97.1,1,1,13.6,side
2024-01-16 04:35:34,62.5,98.2,0.988,1,14.5,side
2024-01-16 04:35:36,62.5,97.3,1,0.972,13.9,side
2024-01-16 04:35:38,61.3,97.3,1,0.968,13.6,side
2024-01-16 04:35:40,62.3,97.7,1,1,13.4,side
2024-01-16 04:35:42,59.1,97.2,0.988,1,14.3,side
2024-01-16 04:35:44,63,98.2,0.992,0.954,13.7,side
2024-01-16 04:35:46,60.3,97.2,0.932,1,14,side
2024-01-16 04:35:48,62,97.2,0.975,1,13.7,side
2024-01-16 04:35:50,61.3,97.4,1,0.973,13.5,side
2024-01-16 04:35:52,64.1,97.2,0.993,0.964,14,side
2024-01-16 04:35:54,64.5,97,1,0.986,14,side
2024-01-16 04:35:56,61,97.9,0.976,1,14.3,side
2024-01-16 04:35:58,61.7,97.3,1,0.918,13.1,side
2024-01-16 04:36:00,62.5,96.8,1,0.975,14,side
2024-01-16 04:36:02,63.1,97.6,0.978,0.995,14.5,side
2024-01-16 04:36:04,61.5,98,1,0.96,14.2,side
2024-01-16 04:36:06,61.7,97.6,0.956,1,14.2,side
2024-01-16 04:36:08,62.1,98,0.982,1,14.7,side
2024-01-16 04:36:10,62.4,97.3,1,1,14.6,side
2024-01-16 04:36:12,61.8,98.1,1,1,13.7,side
2024-01-16 04:36:14,62.3,97.2,1,1,14.7,side
2024-01-16 04:36:16,61.8,97.6,0.986,0.983,14,side
2024-01-16 04:36:18,62.4,97.6,0.997,1,14.1,side
2024-01-16 04:36:20,59.8,97.9,1,1,13.9,side
2024-01-16 04:36:22,63.3,97.6,1,1,13.7,side
2024-01-16 04:36:24,62.2,97.4,0.968,0.982,13.5,side
2024-01-16 04:36:26,63.1,97.2,0.987,0.995,14.5,side
2024-01-16 04:36:28,60.7,97.1,1,0.979,13.9,side
2024-01-16 04:36:30,61.4,97.7,1,0.952,14.3,side
2024-01-16 04:36:32,61.6,97.3,0.986,1,14.8,side
2024-01-16 04:36:34,64.6,97.7,0.978,0.99,13.3,side
2024-01-16 04:36:36,62.3,97,1,0.98,14.3,side
2024-01-16 04:36:38,58.5,97.7,0.932,0.97,13.6,side
2024-01-16 04:36:40,61.4,98.2,0.995,1,14.3,side
2024-01-16 04:36:42,61.7,97.7,1,1,13.6,side
2024-01-16 04:36:44,63,97.5,0.982,1,14.1,side
2024-01-16 04:36:46,62.1,98.1,1,1,13.4,side
2024-01-16 04:36:48,58.9,97.5,0.988,0.998,13.6,side
2024-01-16 04:36:50,62.5,97,0.992,1,14.2,side
2024-01-16 04:36:52,61.7,98,1,1,14.3,side
2024-01-16 04:36:54,65,97.6,1,1,14.2,side
2024-01-16 04:36:56,63.4,97.6,0.99,0.953,14.5,side
2024-01-16 04:36:58,61.9,97.3,1,0.968,13.7,side
2024-01-16 04:37:00,64.2,97.5,1,1,14.4,side
2024-01-16 04:37:02,63.2,97.4,1,1,13.9,side
2024-01-16 04:37:04,62,98,0.941,0.992,13.9,side
2024-01-16 04:37:06,61,97.7,0.982,1,14.6,side
2024-01-16 04:37:08,61.1,97.5,0.962,1,14,side
2024-01-16 04:37:10,61.9,97.9,0.969,0.963,14,side
2024-01-16 04:37:12,60.9,97.6,1,1,14.3,side
2024-01-16 04:37:14,61.3,97.3,1,1,14.3,side
2024-01-16 04:37:16,61.8,97.3,0.994,0.995,14.3,side
2024-01-16 04:37:18,62.9,97.5,1,1,13.5,side
2024-01-16 04:37:20,59.5,97.8,1,1,13.3,side
2024-01-16 04:37:22,61.3,97.6,1,1,13.5,side
2024-01-16 04:37:24,60.8,98,1,1,14.8,side
2024-01-16 04:37:26,60.1,97.7,0.993,1,13.9,side
2024-01-16 04:37:28,61.8,97.3,0.969,0.981,13.5,side
2024-01-16 04:37:30,62,97.3,0.984,0.992,14.3,side
2024-01-16 04:37:32,62,96.5,0.98,1,14.3,side
2024-01-16 04:37:34,60.7,97.5,1,1,13.5,side
2024-01-16 04:37:36,62.5,97.6,0.935,1,14.3,side
2024-01-16 04:37:38,64.1,97.5,1,0.995,14,side
2024-01-16 04:37:40,62.2,97.8,0.985,0.989,13.6,side
2024-01-16 04:37:42,63.2,97.6,1,1,14.9,side
2024-01-16 04:37:44,60.4,98.3,1,0.977,13.9,side
2024-01-16 04:37:46,59.3,97.3,1,0.995,13.9,side
2024-01-16 04:37:48,61,97.8,0.966,1,14.2,side
2024-01-16 04:37:50,61.6,97.2,1,0.967,13.9,side
2024-01-16 04:37:52,63.2,97.4,0.981,0.995,14.3,side
2024-01-16 04:37:54,61.4,97,0.986,1,14.4,side
2024-01-16 04:37:56,63.5,97.9,0.957,1,13.8,side
2024-01-16 04:37:58,60.4,98,0.984,1,12.8,side
2024-01-16 04:38:00,60.8,96.6,0.947,0.966,15.1,side
2024-01-16 04:38:02,62.4,97.5,0.985,0.976,14.5,side
2024-01-16 04:38:04,65.5,97.6,0.987,1,14.7,side
2024-01-16 04:38:06,62.9,97.7,0.991,0.995,14.3,side
2024-01-16 04:38:08,60.7,97.9,1,0.981,13.6,side
2024-01-16 04:38:10,60.6,97,0.983,0.99,14.1,side
2024-01-16 04:38:12,63.6,97.6,1,1,14.2,side
2024-01-16 04:38:14,61.7,97.4,1,1,14.3,side
2024-01-16 04:38:16,63.7,97.6,0.989,1,14.2,side
2024-01-16 04:38:18,62.2,97.9,1,0.996,14.7,side
2024-01-16 04:38:20,62.5,97.6,1,0.992,14.3,side
2024-01-16 04:38:22,60.3,97.4,1,0.979,13.8,side
2024-01-16 04:38:24,62.6,97.5,0.986,1,14.1,side
2024-01-16 04:38:26,60.8,96.8,1,0.99,14.4,side
2024-01-16 04:38:28,61.3,97.4,1,0.999,14.3,side
2024-01-16 04:38:30,59.6,98,0.933,1,14.1,side
2024-01-16 04:38:32,62.2,97.5,1,0.984,13.4,side
2024-01-16 04:38:34,62.9,98.3,0.948,1,13.9,side
2024-01-16 04:38:36,61.5,97.6,0.995,1,13.8,side
2024-01-16 04:38:38,60.2,97.2,1,0.981,14.8,side
2024-01-16 04:38:40,60.4,98,0.953,0.979,14.5,side
2024-01-16 04:38:42,61.4,97.4,1,1,13.6,side
2024-01-16 04:38:44,61.3,97.9,0.985,1,13.4,side
2024-01-16 04:38:46,62,97.6,0.996,0.991,14.4,side
2024-01-16 04:38:48,64.2,97.1,1,0.985,14.5,side
2024-01-16 04:38:50,60.1,97.3,1,1,13.8,side
2024-01-16 04:38:52,60.7,97.5,0.97,1,14.2,side
2024-01-16 04:38:54,62.8,97.7,0.999,0.974,13.4,side
2024-01-16 04:38:56,62,97.4,1,0.989,14.3,side
2024-01-16 04:38:58,64.9,97.3,1,1,13.7,side
2024-01-16 04:39:00,58,96.9,1,1,13.6,side
2024-01-16 04:39:02,63.4,97.7,1,0.93,13.1,side
2024-01-16 04:39:04,63.1,97.5,1,1,14.6,side
2024-01-16 04:39:06,60.1,97.4,1,1,14.4,side
2024-01-16 04:39:08,61.5,97.5,1,1,14.6,side
2024-01-16 04:39:10,60.9,97.5,0.961,1,14.5,side
2024-01-16 04:39:12,62.5,97.3,1,1,13.1,side
2024-01-16 04:39:14,61.9,98.4,1,0.959,13.3,side
2024-01-16 04:39:16,63,97.8,1,1,13.9,side
2024-01-16 04:39:18,63.1,97.6,1,0.975,14.3,side
2024-01-16 04:39:20,60.4,97.8,1,1,14.3,side
2024-01-16 04:39:22,65,97.2,1,1,14,side
2024-01-16 04:39:24,61,97.5,1,0.953,14.4,side
2024-01-16 04:39:26,61.5,97.4,1,0.98,14.4,side
2024-01-16 04:39:28,60.5,97.7,0.952,1,13.9,side
2024-01-16 04:39:30,62.2,97.7,0.977,1,14.5,side
2024-01-16 04:39:32,64.4,96.7,0.981,0.979,14.6,side
2024-01-16 04:39:34,61.5,97.5,0.994,1,15,side
2024-01-16 04:39:36,61.9,97.4,1,1,13.2,side
2024-01-16 04:39:38,64.3,97.6,0.961,0.984,13.6,side
2024-01-16 04:39:40,60.3,97.4,1,0.996,14.6,side
2024-01-16 04:39:42,58.5,97.2,1,1,14,side
2024-01-16 04:39:44,61.1,97.2,1,0.981,13.6,side
2024-01-16 04:39:46,62.7,97.9,1,1,13.8,side
2024-01-16 04:39:48,62.8,97.4,1,0.98,13.5,side
2024-01-16 04:39:50,61.9,97.9,1,0.986,12.9,side
2024-01-16 04:39:52,60.8,97,1,0.994,14,side
2024-01-16 04:39:54,61,97.7,1,0.976,14,side
2024-01-16 04:39:56,65.5,97.8,0.992,1,15,side
2024-01-16 04:39:58,64.2,97.6,0.968,0.989,14.4,side
2024-01-16 04:40:00,61.2,97.7,0.951,0.977,13.8,side
2024-01-16 04:40:02,65,97.8,1,1,14.4,side
2024-01-16 04:40:04,60.4,97.6,0.965,1,14.9,side
2024-01-16 04:40:06,61.7,97.6,0.962,1,14.8,side
2024-01-16 04:40:08,64.5,97.4,0.979,1,14.3,side
2024-01-16 04:40:10,63.5,97.7,0.978,1,14.4,side
2024-01-16 04:40:12,60.3,97.2,1,0.955,13.7,side
2024-01-16 04:40:14,60.6,97.1,0.983,1,13.7,side
2024-01-16 04:40:16,62.8,97.4,0.99,0.969,13.8,side
2024-01-16 04:40:18,59.8,97.1,1,1,13.8,side
2024-01-16 04:40:20,60.5,97.5,1,0.96,13.4,side
2024-01-16 04:40:22,62.7,97.7,1,0.989,13.8,side
2024-01-16 04:40:24,63.5,97.6,1,1,14.5,side
2024-01-16 04:40:26,63.3,97.8,1,0.986,14.8,side
2024-01-16 04:40:28,61.5,97.3,1,0.97,14.3,side
2024-01-16 04:40:30,60.9,97.3,1,1,13.6,side
2024-01-16 04:40:32,60.3,97.8,1,0.987,14,side
2024-01-16 04:40:34,62.3,97.2,0.984,1,13.5,side
2024-01-16 04:40:36,61.1,97.2,0.96,0.947,14,side
2024-01-16 04:40:38,62.4,97.9,0.906,0.969,13.7,side
2024-01-16 04:40:40,61.8,97.3,1,0.976,14.5,side
2024-01-16 04:40:42,63,97.2,1,1,14.6,side
2024-01-16 04:40:44,60.1,97.8,1,0.978,13.9,side
2024-01-16 04:40:46,59.9,98.1,0.973,0.991,14.5,side
2024-01-16 04:40:48,62.8,97.3,0.972,0.958,14.3,side
2024-01-16 04:40:50,62.7,97,0.971,0.988,13.6,side
2024-01-16 04:40:52,61.9,97.1,0.985,1,13.8,side
2024-01-16 04:40:54,62.8,97.5,1,0.988,14.2,side
2024-01-16 04:40:56,61.2,97.6,0.944,0.997,14.1,side
2024-01-16 04:40:58,60.3,96.7,1,1,13.1,side
2024-01-16 04:41:00,62.3,97.5,0.987,0.993,13.8,side
2024-01-16 04:41:02,62.7,97.2,1,0.999,13.4,side
2024-01-16 04:41:04,59.3,97.3,0.966,1,13.9,side
2024-01-16 04:41:06,62.1,97.7,0.99,1,14.2,side
2024-01-16 04:41:08,62.8,97.7,1,1,13.5,side
2024-01-16 04:41:10,63.9,97.7,1,0.983,13.4,side
2024-01-16 04:41:12,60.5,97.5,1,0.994,14.1,side
2024-01-16 04:41:14,63.1,97.3,0.944,0.975,14.5,side
2024-01-16 04:41:16,63,98,1,1,13.7,side
2024-01-16 04:41:18,59,97.3,1,1,14.6,side
2024-01-16 04:41:20,60.5,97.3,0.998,0.952,14.3,side
2024-01-16 04:41:22,61.4,97.6,0.969,1,13.9,side
2024-01-16 04:41:24,63.8,97.8,0.936,1,14.1,side
2024-01-16 04:41:26,61.6,97.8,1,1,13.7,side
2024-01-16 04:41:28,62.1,97.7,0.983,1,14.1,side
2024-01-16 04:41:30,63.2,97.6,1,1,13,side
2024-01-16 04:41:32,58.5,98,1,0.975,14.3,side
2024-01-16 04:41:34,64.1,97.4,1,0.998,14.7,side
2024-01-16 04:41:36,63.7,97.1,0.974,1,13.7,side
2024-01-16 04:41:38,62.3,97.8,1,0.983,15,side
2024-01-16 04:41:40,60.4,97.2,1,1,14.3,side
2024-01-16 04:41:42,63.3,97.6,0.97,1,14.3,side
2024-01-16 04:41:44,60.2,97.2,0.986,1,14.4,side
2024-01-16 04:41:46,63.9,97.1,0.979,0.993,13.9,side
2024-01-16 04:41:48,61.5,97.3,0.98,0.953,13.2,side
2024-01-16 04:41:50,63.3,97.8,0.996,1,13.7,side
2024-01-16 04:41:52,63.4,97.6,1,0.987,14.5,side
2024-01-16 04:41:54,60.7,97.6,0.996,1,14,side
2024-01-16 04:41:56,64,97,0.99,1,13.5,side
2024-01-16 04:41:58,60.4,97.5,1,1,15,side
2024-01-16 04:42:00,60.8,97.6,0.991,1,14.3,side
2024-01-16 04:42:02,63.2,97.7,1,0.978,13.4,side
2024-01-16 04:42:04,64.3,98.2,0.971,1,14,side
2024-01-16 04:42:06,65.5,97.6,1,1,14.6,side
2024-01-16 04:42:08,62.2,97.5,1,1,14.2,side
2024-01-16 04:42:10,61.9,97.6,0.935,1,13.1,side
2024-01-16 04:42:12,60.1,96.8,0.995,1,14.1,side
2024-01-16 04:42:14,60.8,97.4,1,0.994,14.3,side
2024-01-16 04:42:16,61.7,97.8,0.991,1,14.6,side
2024-01-16 04:42:18,65.1,97.7,1,0.96,13.3,side
2024-01-16 04:42:20,62.7,97.6,1,0.968,13.8,side
2024-01-16 04:42:22,62.5,98,0.938,1,13.6,side
2024-01-16 04:42:24,63.3,97.3,0.963,0.991,14.5,side
2024-01-16 04:42:26,62.3,97.2,0.99,1,14.1,side
2024-01-16 04:42:28,61.8,97.7,1,1,13.8,side
2024-01-16 04:42:30,61.9,97.2,1,1,13.5,side
2024-01-16 04:42:32,62.6,97.4,0.97,0.947,14.6,side
2024-01-16 04:42:34,61.7,97.4,0.981,1,13.4,side
2024-01-16 04:42:36,61.2,97.7,0.97,0.967,13.7,side
2024-01-16 04:42:38,61.7,97.6,0.969,0.992,14.8,side
2024-01-16 04:42:40,63.5,97.4,1,1,14.5,side
2024-01-16 04:42:42,62.9,97.7,0.989,0.978,13.7,side
2024-01-16 04:42:44,65,97.5,1,0.975,14.8,side
2024-01-16 04:42:46,63,98,0.969,1,14.5,side
2024-01-16 04:42:48,59.9,97.5,1,1,14.3,side
2024-01-16 04:42:50,63.3,97.1,1,0.933,13.4,side
2024-01-16 04:42:52,58.7,98,0.95,1,14.3,side
2024-01-16 04:42:54,60.4,97.6,0.971,1,14.8,side
2024-01-16 04:42:56,64.3,97.5,0.976,0.981,13.8,side
2024-01-16 04:42:58,64.3,97.3,1,1,14.9,side
2024-01-16 04:43:00,61.8,97.5,1,0.956,14.2,side
2024-01-16 04:43:02,61,97.7,0.989,0.999,14.2,side
2024-01-16 04:43:04,60,97.4,0.967,1,14.1,side
2024-01-16 04:43:06,58.9,98,1,0.99,13.3,side
2024-01-16 04:43:08,63.9,97.4,0.962,1,13.4,side
2024-01-16 04:43:10,60.3,97.6,0.945,1,13.6,side
2024-01-16 04:43:12,61.2,97.5,1,0.959,13.5,side
2024-01-16 04:43:14,62,97.9,1,0.946,14.1,side
2024-01-16 04:43:16,63.7,97.6,0.999,1,13.6,side
2024-01-16 04:43:18,61.7,97.9,1,1,13.7,side
2024-01-16 04:43:20,59.7,97.3,1,0.98,14.2,side
2024-01-16 04:43:22,62.8,97.9,1,0.984,14.1,side
2024-01-16 04:43:24,61.2,97.6,0.963,1,13.7,side
2024-01-16 04:43:26,61.3,97.3,1,1,15,side
2024-01-16 04:43:28,62.6,97.5,0.981,0.959,14.6,side
2024-01-16 04:43:30,61.9,97.2,1,0.981,13.2,side
2024-01-16 04:43:32,61.1,97.6,1,1,13.5,side
2024-01-16 04:43:34,61.3,96.8,1,1,12.3,side
2024-01-16 04:43:36,62,97.2,1,1,14.1,side
2024-01-16 04:43:38,58.8,97.8,1,1,14.5,side
2024-01-16 04:43:40,61.6,97.1,0.994,0.98,13.8,side
2024-01-16 04:43:42,60.2,97.8,0.986,0.962,13.7,side
2024-01-16 04:43:44,61.7,97.5,1,1,14.1,side
2024-01-16 04:43:46,59.1,97.7,1,0.988,14.4,side
2024-01-16 04:43:48,62.9,98.4,1,0.998,14.9,side
2024-01-16 04:43:50,64.1,98,1,1,14,side
2024-01-16 04:43:52,60.7,97.6,0.979,0.955,14,side
2024-01-16 04:43:54,64.4,97.4,1,1,14.2,side
2024-01-16 04:43:56,63.9,97.6,1,1,12.9,side
2024-01-16 04:43:58,60.6,97.3,1,0.945,14,side
2024-01-16 04:44:00,59.7,97.9,1,0.969,14.4,side
2024-01-16 04:44:02,61.9,97.4,0.993,0.995,15.2,side
2024-01-16 04:44:04,63.8,97.9,1,1,13.4,side
2024-01-16 04:44:06,62.4,97.4,1,1,13.9,side
2024-01-16 04:44:08,62.1,97.7,1,1,13.7,side
2024-01-16 04:44:10,64.2,96.9,0.993,1,14.7,side
2024-01-16 04:44:12,61.8,97.2,1,0.992,13.6,side
2024-01-16 04:44:14,62.1,97.2,0.988,0.973,14.4,side
2024-01-16 04:44:16,61.5,97.6,0.996,0.988,14.1,side
2024-01-16 04:44:18,60.9,98.4,1,1,13.8,side
2024-01-16 04:44:20,63.8,97.2,1,1,14.4,side
2024-01-16 04:44:22,62.8,97.6,0.996,0.987,15,side
2024-01-16 04:44:24,61.6,97.2,1,1,14.3,side
2024-01-16 04:44:26,61.1,97.8,0.978,1,15.3,side
2024-01-16 04:44:28,59.9,97,1,1,13.7,side
2024-01-16 04:44:30,64.9,97.4,1,1,13.6,side
2024-01-16 04:44:32,61.2,97.3,0.994,1,15,side
2024-01-16 04:44:34,63.9,97.6,0.984,1,14.8,side
2024-01-16 04:44:36,61.1,97.6,1,0.988,14.2,side
2024-01-16 04:44:38,62.5,97.4,0.977,0.986,13.9,side
2024-01-16 04:44:40,61.2,97.8,1,1,13.3,side
2024-01-16 04:44:42,62.4,97.3,1,0.966,13.5,side
2024-01-16 04:44:44,63.1,97.3,1,0.988,13.6,side
2024-01-16 04:44:46,61.7,98,0.987,1,13.2,side
2024-01-16 04:44:48,62.9,97.4,0.968,1,13.7,side
2024-01-16 04:44:50,62.2,97.3,1,0.978,13.8,side
2024-01-16 04:44:52,62.1,97.2,1,0.983,14.1,side
2024-01-16 04:44:54,61,97.5,1,1,13.4,side
2024-01-16 04:44:56,58.9,98,0.953,0.972,14,side
2024-01-16 04:44:58,62.7,97.5,0.981,1,13.8,side
2024-01-16 04:45:00,63.9,97.3,1,0.958,13.5,side
2024-01-16 04:45:02,59.4,97.3,1,0.998,13.6,side
2024-01-16 04:45:04,62.4,97.5,1,1,14.6,side
2024-01-16 04:45:06,62.5,97.5,1,0.965,13.6,side
2024-01-16 04:45:08,60.8,97.4,0.947,1,12.9,side
2024-01-16 04:45:10,58.3,97.6,0.977,1,14.7,side
2024-01-16 04:45:12,60.9,97.3,1,1,13.7,side
2024-01-16 04:45:14,61.8,97.4,1,0.957,14,side
2024-01-16 04:45:16,58.2,98.2,1,1,15,side
2024-01-16 04:45:18,62.8,97.9,1,0.933,12.8,side
2024-01-16 04:45:20,63.3,97.4,0.979,1,13.7,side
2024-01-16 04:45:22,63.1,97.2,0.984,1,13.7,side
2024-01-16 04:45:24,60.9,97.9,1,1,14.1,side
2024-01-16 04:45:26,63.7,97.3,0.99,0.99,15.3,side
2024-01-16 04:45:28,65.1,98.2,1,0.979,14,side
2024-01-16 04:45:30,60.8,97.8,0.995,0.948,14.3,side
2024-01-16 04:45:32,61.5,97.5,0.959,0.993,14.6,side
2024-01-16 04:45:34,63.7,97.5,0.988,1,13.8,side
2024-01-16 04:45:36,63.3,97.1,1,1,14.2,side
2024-01-16 04:45:38,62.4,97.6,1,1,14,side
2024-01-16 04:45:40,59.5,97.8,0.955,1,13.8,side
2024-01-16 04:45:42,63.4,98.1,0.984,0.999,13.6,side
2024-01-16 04:45:44,61.7,97.2,0.986,0.99,14.1,side
2024-01-16 04:45:46,60.3,97.3,0.996,1,14.2,side
2024-01-16 04:45:48,61.6,97.6,1,1,14.1,side
2024-01-16 04:45:50,63.6,97.1,1,0.99,14.6,side
2024-01-16 04:45:52,61,97.5,1,0.965,14,side
2024-01-16 04:45:54,58.2,97.6,0.983,1,13.5,side
2024-01-16 04:45:56,61.6,98.1,1,0.99,13.9,side
2024-01-16 04:45:58,64,97.4,0.95,1,14.4,side
2024-01-16 04:46:00,61.4,98,1,0.925,13.8,side
2024-01-16 04:46:02,63.6,98,1,1,14.3,side
2024-01-16 04:46:04,63,97.6,1,0.966,13.8,side
2024-01-16 04:46:06,61.9,97.7,0.983,1,13.4,side
2024-01-16 04:46:08,60.9,97.1,0.973,0.995,13.9,side
2024-01-16 04:46:10,64.1,98.1,1,1,15.4,side
2024-01-16 04:46:12,64.4,97.4,0.961,1,13.8,side
2024-01-16 04:46:14,59.9,97.8,0.996,1,13.9,side
2024-01-16 04:46:16,62.2,97.2,1,1,13.6,side
2024-01-16 04:46:18,61.1,97.6,1,1,14.1,side
2024-01-16 04:46:20,63.5,97.8,0.966,0.961,14.4,side
2024-01-16 04:46:22,61.3,97.5,0.972,1,14.4,side
2024-01-16 04:46:24,63.4,97.8,0.992,1,13.6,side
2024-01-16 04:46:26,61.6,97.3,0.982,1,13.9,side
2024-01-16 04:46:28,60,97.9,1,1,14.9,side
2024-01-16 04:46:30,61.6,97.5,0.989,1,15.1,side
2024-01-16 04:46:32,63,97.6,1,0.969,14.1,side
2024-01-16 04:46:34,63,97.9,1,1,13.9,side
2024-01-16 04:46:36,59,97,1,1,13.4,side
2024-01-16 04:46:38,61,97.8,0.996,0.996,15.3,side
2024-01-16 04:46:40,60.1,97.5,1,1,14.4,side
2024-01-16 04:46:42,64.4,97.6,0.999,1,13.8,side
2024-01-16 04:46:44,60.4,97.8,0.963,1,13.4,side
2024-01-16 04:46:46,62.3,97.6,0.96,0.986,14.7,side
2024-01-16 04:46:48,63,97.2,0.965,1,14,side
2024-01-16 04:46:50,58.1,97.5,0.979,0.994,14,side
2024-01-16 04:46:52,57.7,97.3,1,0.956,13.4,side
2024-01-16 04:46:54,63.5,97.5,1,0.931,13.2,side
2024-01-16 04:46:56,64.1,96.7,0.963,0.999,13.9,side
2024-01-16 04:46:58,64.6,97.5,1,1,14.9,side
2024-01-16 04:47:00,61.4,97.6,0.951,0.973,14.8,side
2024-01-16 04:47:02,60.7,97.4,1,0.997,15,side
2024-01-16 04:47:04,62.1,97.9,0.976,0.994,14.4,side
2024-01-16 04:47:06,64,97.4,0.942,0.978,14.3,side
2024-01-16 04:47:08,60.6,97.9,0.998,1,13.8,side
2024-01-16 04:47:10,63,97.7,1,0.928,14,side
2024-01-16 04:47:12,61.7,97.7,0.985,0.999,14.2,side
2024-01-16 04:47:14,62.4,97.7,0.965,0.965,13.6,side
2024-01-16 04:47:16,61.9,97.5,1,0.995,14,side
2024-01-16 04:47:18,60.7,97.6,0.991,1,14.1,side
2024-01-16 04:47:20,62.4,97.8,1,1,14.4,side
2024-01-16 04:47:22,62.1,97.5,0.95,0.986,14,side
2024-01-16 04:47:24,64.4,97.5,1,0.95,15.1,side
2024-01-16 04:47:26,63.8,97.3,1,1,13.9,side
2024-01-16 04:47:28,60.3,97.8,0.957,1,13.4,side
2024-01-16 04:47:30,60,97.7,0.965,0.993,13.5,side
2024-01-16 04:47:32,63.2,97.5,1,0.997,14.4,side
2024-01-16 04:47:34,61.6,97.3,0.948,1,13.6,side
2024-01-16 04:47:36,62.5,97.5,1,0.986,14.7,side
2024-01-16 04:47:38,61.7,98,0.921,1,14.4,side
2024-01-16 04:47:40,62,97.3,0.998,0.997,12.5,side
2024-01-16 04:47:42,60.7,98,1,1,13.9,side
2024-01-16 04:47:44,60.9,97.5,0.978,0.953,15,side
2024-01-16 04:47:46,62.5,97.4,0.988,0.998,14.5,side
2024-01-16 04:47:48,63.2,97.2,0.955,1,14.3,side
2024-01-16 04:47:50,60.8,97.8,0.951,0.996,13.4,side
2024-01-16 04:47:52,63,97.9,1,1,13.4,side
2024-01-16 04:47:54,64.6,97.6,1,1,14.6,side
2024-01-16 04:47:56,61.6,97.4,0.983,1,14.2,side
2024-01-16 04:47:58,59.7,97.3,0.988,1,14,side
2024-01-16 04:48:00,61.8,97.3,0.995,1,14,side
2024-01-16 04:48:02,64.8,97.1,0.993,0.948,14.9,side
2024-01-16 04:48:04,58.5,97.6,1,1,14.7,side
2024-01-16 04:48:06,62.3,97.3,1,0.945,12.8,side
2024-01-16 04:48:08,62.6,97.6,1,1,14.1,side
2024-01-16 04:48:10,60.6,97.6,0.98,0.957,13.9,side
2024-01-16 04:48:12,64.2,97.3,1,1,13.5,side
2024-01-16 04:48:14,62.1,97.2,1,1,13.7,side
2024-01-16 04:48:16,59.8,97.7,0.973,0.999,14,side
2024-01-16 04:48:18,63.8,97.8,0.961,0.991,13.3,side
2024-01-16 04:48:20,62.1,96.9,1,0.978,12.9,side
2024-01-16 04:48:22,63.4,97.9,0.997,1,13.6,side
2024-01-16 04:48:24,62.6,96.7,0.972,0.946,14.1,side
2024-01-16 04:48:26,62.3,97.6,1,1,13.9,side
2024-01-16 04:48:28,61.6,97.2,1,1,14.1,side
2024-01-16 04:48:30,62.1,97.6,1,1,14.3,side
2024-01-16 04:48:32,61.5,97.4,1,0.957,13.2,side
2024-01-16 04:48:34,62.3,97.5,0.926,0.96,14,side
2024-01-16 04:48:36,61.5,97.3,1,0.987,14.1,side
2024-01-16 04:48:38,61.9,97.4,1,0.95,14.1,side
2024-01-16 04:48:40,63.2,97.2,0.962,1,14.4,side
2024-01-16 04:48:42,60.6,97.6,0.965,0.966,13.3,side
2024-01-16 04:48:44,63,97.6,0.968,0.998,13.3,side
2024-01-16 04:48:46,60.9,97.5,0.995,0.98,13.7,side
2024-01-16 04:48:48,63.3,97.8,1,1,13.9,side
2024-01-16 04:48:50,61.7,97.6,1,1,12.9,side
2024-01-16 04:48:52,57.6,97.5,0.987,1,14,side
2024-01-16 04:48:54,61.8,97.4,1,1,12.6,side
2024-01-16 04:48:56,61.5,97.1,1,1,13.5,side
2024-01-16 04:48:58,60.4,97.5,1,0.995,14.1,side
2024-01-16 04:49:00,62.6,97.4,0.989,0.98,14.2,side
2024-01-16 04:49:02,61.5,97.6,1,1,14.3,side
2024-01-16 04:49:04,63.4,97.8,0.99,1,14.3,side
2024-01-16 04:49:06,64,97.2,0.997,1,13.3,side
2024-01-16 04:49:08,61.4,97.5,1,1,13.4,side
2024-01-16 04:49:10,64.9,97.7,0.923,0.988,13.6,side
2024-01-16 04:49:12,60.9,97.5,0.95,0.979,13.6,side
2024-01-16 04:49:14,61.6,98.3,1,1,13.4,side
2024-01-16 04:49:16,61.6,97.5,1,0.95,14.2,side
2024-01-16 04:49:18,61,98,1,0.996,13.9,side
2024-01-16 04:49:20,61.3,97.3,1,0.993,14.7,side
2024-01-16 04:49:22,61.4,97.9,1,1,14.2,side
2024-01-16 04:49:24,63.4,97.7,0.99,1,14.1,side
2024-01-16 04:49:26,61.8,97.8,0.972,1,13.5,side
2024-01-16 04:49:28,63.3,97.5,1,0.964,14.4,side
2024-01-16 04:49:30,58,97.5,0.967,1,12.8,side
2024-01-16 04:49:32,61.7,97.7,0.983,0.937,14.5,side
2024-01-16 04:49:34,61.9,97.7,0.996,0.993,14.3,side
2024-01-16 04:49:36,60.4,97.6,1,1,14.4,side
2024-01-16 04:49:38,63.4,97.5,1,0.93,13.5,side
2024-01-16 04:49:40,65.8,97.8,0.994,0.987,14.1,side
2024-01-16 04:49:42,62,97.7,0.973,1,14.4,side
2024-01-16 04:49:44,61.7,97.5,1,1,13.8,side
2024-01-16 04:49:46,62.7,97,1,1,13.5,side
2024-01-16 04:49:48,61.3,97.5,0.989,1,13.7,side
2024-01-16 04:49:50,60.1,97.5,0.966,0.953,14.7,side
2024-01-16 04:49:52,62.6,97.5,0.981,1,14.2,side
2024-01-16 04:49:54,60.9,96.9,1,1,13.7,side
2024-01-16 04:49:56,64.2,97.4,0.953,1,13.9,side
2024-01-16 04:49:58,62.3,97.4,1,0.996,14,side
2024-01-16 04:50:00,65.8,97.4,0.98,1,13.6,side
2024-01-16 04:50:02,61.5,97.5,0.939,0.993,14.4,side
2024-01-16 04:50:04,62.6,97.4,0.971,0.948,13.4,side
2024-01-16 04:50:06,63.4,97.3,1,0.962,14.7,side
2024-01-16 04:50:08,61.5,97.6,1,1,14.9,side
2024-01-16 04:50:10,62.3,97.3,0.984,1,13.4,side
2024-01-16 04:50:12,60.6,97.4,1,0.935,13.8,side
2024-01-16 04:50:14,63.5,97.9,0.978,1,13.7,side
2024-01-16 04:50:16,61.6,97.5,1,0.996,13.9,side
2024-01-16 04:50:18,64.5,97.7,0.94,0.972,14.2,side
2024-01-16 04:50:20,60.8,97.5,1,1,14.2,side
2024-01-16 04:50:22,62.4,97.7,0.963,1,14.5,side
2024-01-16 04:50:24,60.4,97.5,1,1,14.1,side
2024-01-16 04:50:26,61.6,97.2,1,0.957,13.7,side
2024-01-16 04:50:28,61.2,97.8,1,0.979,13.8,side
2024-01-16 04:50:30,62.2,97.8,0.995,0.998,14.7,side
2024-01-16 04:50:32,63.4,97.6,1,0.959,13.5,side
2024-01-16 04:50:34,63.9,97.7,0.939,1,14.2,side
2024-01-16 04:50:36,64.1,97.3,1,1,14.8,side
2024-01-16 04:50:38,61.3,97.4,0.991,1,14.4,side
2024-01-16 04:50:40,61.9,97.4,1,0.946,13.5,side
2024-01-16 04:50:42,61.2,97,0.978,1,13.9,side
2024-01-16 04:50:44,60.2,97.2,0.984,1,14.3,side
2024-01-16 04:50:46,61.9,97.9,0.967,1,12.9,side
2024-01-16 04:50:48,60.3,97.4,0.999,1,15.2,side
2024-01-16 04:50:50,64.9,97.7,0.997,0.936,13.6,side
2024-01-16 04:50:52,62.9,97.5,0.94,0.996,14.2,side
2024-01-16 04:50:54,57.8,97.2,1,1,13.1,side
2024-01-16 04:50:56,63,97.4,1,0.967,13.6,side
2024-01-16 04:50:58,62,97.8,0.99,0.948,14.2,side
2024-01-16 04:51:00,64.7,97,1,0.931,14.9,side
2024-01-16 04:51:02,61.2,97.2,0.967,1,14,side
2024-01-16 04:51:04,62.1,98,0.974,0.985,13.9,side
2024-01-16 04:51:06,64.7,97.3,1,0.949,13.5,side
2024-01-16 04:51:08,62.6,97.5,0.969,0.978,14.6,side
2024-01-16 04:51:10,60.5,97.4,0.988,1,13.6,side
2024-01-16 04:51:12,64,97.5,0.996,1,13.6,side
2024-01-16 04:51:14,64.4,97.5,1,1,13.9,side
2024-01-16 04:51:16,62.1,97.6,1,0.955,14.1,side
2024-01-16 04:51:18,64.3,97.7,0.926,0.954,13.9,side
2024-01-16 04:51:20,64.5,97.6,1,0.995,13.9,side
2024-01-16 04:51:22,64.3,97.1,0.997,1,13.7,side
2024-01-16 04:51:24,62.5,97.5,1,1,13.1,side
2024-01-16 04:51:26,61.2,97.5,1,1,13.9,side
2024-01-16 04:51:28,64.1,97.1,1,0.993,14.9,side
2024-01-16 04:51:30,60.1,97.1,0.989,0.986,13.1,side
2024-01-16 04:51:32,60.4,97.3,1,1,14.5,side
2024-01-16 04:51:34,63.9,97.7,0.936,1,14.4,side
2024-01-16 04:51:36,61,97.6,0.962,0.978,14.4,side
2024-01-16 04:51:38,59.6,97.8,0.978,1,14,side
2024-01-16 04:51:40,61,97.5,1,1,14,side
2024-01-16 04:51:42,61.4,97.6,0.997,0.983,13.8,side
2024-01-16 04:51:44,64.9,97.9,0.964,0.96,13.7,side
2024-01-16 04:51:46,63.8,97.5,1,1,14.3,side
2024-01-16 04:51:48,62.3,97.4,1,0.968,14.1,side
2024-01-16 04:51:50,62.4,98.1,0.997,1,14.3,side
2024-01-16 04:51:52,63.6,97.8,0.936,0.987,13.3,side
2024-01-16 04:51:54,60.6,97.3,1,1,13.8,side
2024-01-16 04:51:56,62.9,97.4,0.984,0.975,13.1,side
2024-01-16 04:51:58,60.5,97.9,0.998,1,13.9,side
2024-01-16 04:52:00,63.7,97.8,1,1,14.2,side
2024-01-16 04:52:02,61.3,98,1,1,13.8,side
2024-01-16 04:52:04,63.5,97.6,0.992,0.956,14.8,side
2024-01-16 04:52:06,62.2,97.8,1,0.999,14.1,side
2024-01-16 04:52:08,61.3,97.6,1,1,13.8,side
2024-01-16 04:52:10,60.5,97.5,1,1,14.1,side
2024-01-16 04:52:12,62.9,97.4,1,0.962,14.4,side
2024-01-16 04:52:14,62,97.7,1,0.989,14.4,side
2024-01-16 04:52:16,61.9,97.5,1,1,13.9,side
2024-01-16 04:52:18,62.2,97.6,0.977,0.986,14,side
2024-01-16 04:52:20,60,97.3,1,0.993,13.9,side
2024-01-16 04:52:22,61.1,97.3,1,0.976,14,side
2024-01-16 04:52:24,63.3,97.7,0.997,1,14.5,side
2024-01-16 04:52:26,62.1,97.1,0.973,1,14.1,side
2024-01-16 04:52:28,64.3,97.4,1,1,13.5,side
2024-01-16 04:52:30,61.2,97,1,0.963,13.7,side
2024-01-16 04:52:32,61.6,97.6,0.998,0.981,13.6,side
2024-01-16 04:52:34,63.1,97.8,0.977,1,13.5,side
2024-01-16 04:52:36,61.1,97.5,1,0.988,13.8,side
2024-01-16 04:52:38,61.3,97.4,1,1,13.7,side
2024-01-16 04:52:40,59.2,97.2,0.998,1,13.4,side
2024-01-16 04:52:42,64.7,97.8,0.993,0.966,13.9,side
2024-01-16 04:52:44,61.1,97.6,1,0.98,14.8,side
2024-01-16 04:52:46,62.9,97.7,1,0.977,13.8,side
2024-01-16 04:52:48,63.8,97.9,1,1,15.6,side
2024-01-16 04:52:50,62.7,97.7,0.989,1,14.3,side
2024-01-16 04:52:52,62.8,97.5,1,0.983,14.1,side
2024-01-16 04:52:54,61.3,97.1,1,0.983,14.4,side
2024-01-16 04:52:56,63.9,97.6,0.979,0.97,13.8,side
2024-01-16 04:52:58,60.1,98,1,0.919,13.5,side
2024-01-16 04:53:00,63.8,97.5,1,1,15.2,side
2024-01-16 04:53:02,62.2,97.8,1,0.955,14.3,side
2024-01-16 04:53:04,63.8,97.6,0.957,1,13.4,side
2024-01-16 04:53:06,63.9,97.6,0.997,1,13.8,side
2024-01-16 04:53:08,61.5,98.1,1,1,13.7,side
2024-01-16 04:53:10,61.8,97.6,1,1,14.1,side
2024-01-16 04:53:12,64.1,97.4,1,0.95,13.7,side
2024-01-16 04:53:14,62.8,96.8,1,1,13.9,side
2024-01-16 04:53:16,59.5,97.5,0.937,1,14.6,side
2024-01-16 04:53:18,63.3,97.6,1,0.994,14.6,side
2024-01-16 04:53:20,64.9,97.5,1,1,14.2,side
2024-01-16 04:53:22,60.2,97.8,1,1,13.6,side
2024-01-16 04:53:24,60.9,97.7,0.985,0.976,13.9,side
2024-01-16 04:53:26,61.4,97.4,0.954,0.985,13.9,side
2024-01-16 04:53:28,63.3,97.9,0.984,0.967,14.6,side
2024-01-16 04:53:30,60.4,97.4,1,1,13.8,side
2024-01-16 04:53:32,62.3,97.8,1,1,13.8,side
2024-01-16 04:53:34,64.9,97.2,1,0.958,13.8,side
2024-01-16 04:53:36,64.2,97.5,0.995,1,14.2,side
2024-01-16 04:53:38,60.5,97.9,0.97,1,13.6,side
2024-01-16 04:53:40,62.9,97.3,1,0.986,14,side
2024-01-16 04:53:42,61.3,97.4,0.98,0.986,13.8,side
2024-01-16 04:53:44,60.6,97.2,1,0.987,14.7,side
2024-01-16 04:53:46,60.3,97.3,1,0.988,14.2,side
2024-01-16 04:53:48,60.2,97.6,0.997,1,14.3,side
2024-01-16 04:53:50,63.4,97.3,1,0.976,14.4,side
2024-01-16 04:53:52,61.2,97.8,1,0.985,14,side
2024-01-16 04:53:54,62.4,97.5,0.997,1,14.8,side
2024-01-16 04:53:56,63.2,97,0.982,1,14.3,side
2024-01-16 04:53:58,63.7,97.7,0.969,1,14.1,side
2024-01-16 04:54:00,61.2,98.3,1,0.95,13.8,side
2024-01-16 04:54:02,62.5,97.1,1,1,14,side
2024-01-16 04:54:04,61.1,97.4,0.981,0.981,14.1,side
2024-01-16 04:54:06,61,97.4,1,1,13.7,side
2024-01-16 04:54:08,59.9,98,1,0.944,14.2,side
2024-01-16 04:54:10,63,97,1,1,14.2,side
2024-01-16 04:54:12,64.9,97.3,0.977,0.987,14,side
2024-01-16 04:54:14,59.7,97.3,0.963,0.995,13.9,side
2024-01-16 04:54:16,62.1,97.4,1,1,13.8,side
2024-01-16 04:54:18,61.6,97.2,0.994,0.993,13.5,side
2024-01-16 04:54:20,60.4,97.4,1,0.997,14,side
2024-01-16 04:54:22,61.2,97,0.999,0.947,14.4,side
2024-01-16 04:54:24,60.9,97.8,1,0.996,13.7,side
2024-01-16 04:54:26,64.5,97.7,1,0.975,14.4,side
2024-01-16 04:54:28,64,97.1,1,1,14.3,side
2024-01-16 04:54:30,63.2,97.7,0.985,1,13.5,side
2024-01-16 04:54:32,62.2,97.8,0.998,0.969,14.6,side
2024-01-16 04:54:34,61.7,97.1,0.96,1,13.5,side
2024-01-16 04:54:36,63.1,97.6,1,1,13.5,side
2024-01-16 04:54:38,61.8,97.3,0.973,1,14.1,side
2024-01-16 04:54:40,62.7,98.2,0.974,0.993,14,side
2024-01-16 04:54:42,59.7,97.9,0.974,0.994,14.1,side
2024-01-16 04:54:44,63.7,97.3,0.927,1,14.2,side
2024-01-16 04:54:46,61.4,97.7,0.953,1,13.8,side
2024-01-16 04:54:48,61.6,97.8,1,1,12.9,side
2024-01-16 04:54:50,60.3,97.3,1,1,13,side
2024-01-16 04:54:52,62.4,97.4,0.987,0.974,13.9,side
2024-01-16 04:54:54,62.3,97.2,1,1,14.4,side
2024-01-16 04:54:56,61.1,97,1,0.967,14.7,side
2024-01-16 04:54:58,65.7,97.3,0.997,0.992,13.4,side
2024-01-16 04:55:00,61.7,97.4,0.992,0.995,13.4,side
2024-01-16 04:55:02,64.4,98,1,0.992,13.8,side
2024-01-16 04:55:04,60.5,97.7,1,1,14.1,side
2024-01-16 04:55:06,64.4,97.2,0.987,1,13.9,side
2024-01-16 04:55:08,62,97.4,1,1,13.9,side
2024-01-16 04:55:10,59.8,97.6,1,0.961,14.2,side
2024-01-16 04:55:12,60.6,97.7,1,1,14.3,side
2024-01-16 04:55:14,65,97.1,1,1,13.3,side
2024-01-16 04:55:16,63.4,97.5,1,1,13.9,side
2024-01-16 04:55:18,61.8,96.8,1,1,13.2,side
2024-01-16 04:55:20,62.4,97.3,0.996,0.966,14.2,side
2024-01-16 04:55:22,61.1,97.5,1,0.946,14.2,side
2024-01-16 04:55:24,60.9,97.4,1,1,13.8,side
2024-01-16 04:55:26,61.5,97.8,1,1,14.4,side
2024-01-16 04:55:28,58.5,97.4,1,0.981,14.4,side
2024-01-16 04:55:30,64.7,97.4,1,1,13.5,side
2024-01-16 04:55:32,63.2,97.1,0.976,1,13.6,side
2024-01-16 04:55:34,60.5,97.2,0.948,1,14.8,side
2024-01-16 04:55:36,61.7,97.8,1,0.981,14.3,side
2024-01-16 04:55:38,62.7,96.9,0.959,1,14.3,side
2024-01-16 04:55:40,61.6,97.7,1,0.993,13.5,side
2024-01-16 04:55:42,65.1,98,1,1,13.6,side
2024-01-16 04:55:44,61.2,97.4,1,0.998,13.9,side
2024-01-16 04:55:46,61.5,97.5,1,1,14.6,side
2024-01-16 04:55:48,65,97.8,0.976,0.985,13.9,side
2024-01-16 04:55:50,62.1,97.6,0.998,0.972,13.5,side
2024-01-16 04:55:52,61.4,97.2,1,1,14.7,side
2024-01-16 04:55:54,62.8,97.5,0.966,1,14.5,side
2024-01-16 04:55:56,62.6,97.1,0.998,0.998,14,side
2024-01-16 04:55:58,62.1,97,0.97,0.952,13.3,side
2024-01-16 04:56:00,59.2,97,0.957,1,13.9,side
2024-01-16 04:56:02,61.8,97.8,1,0.996,14.3,side
2024-01-16 04:56:04,61.8,97.2,1,1,14.3,side
2024-01-16 04:56:06,62.6,97.3,0.958,1,13.8,side
2024-01-16 04:56:08,63.2,97.3,0.994,1,14,side
2024-01-16 04:56:10,65.3,97.9,0.989,1,14.1,side
2024-01-16 04:56:12,62.5,97.4,0.968,1,14.8,side
2024-01-16 04:56:14,61.8,98,1,0.956,14.2,side
2024-01-16 04:56:16,60.3,97.8,1,1,13.8,side
2024-01-16 04:56:18,63.7,97.7,1,1,13.2,side
2024-01-16 04:56:20,61.8,97.4,0.971,0.993,14.6,side
2024-01-16 04:56:22,65,97.3,0.985,1,14,side
2024-01-16 04:56:24,62.3,97.3,0.91,0.985,13.6,side
2024-01-16 04:56:26,62.6,97.9,1,0.981,13.5,side
2024-01-16 04:56:28,61.2,98,0.995,1,14.1,side
2024-01-16 04:56:30,63.6,97.6,0.949,0.968,14.1,side
2024-01-16 04:56:32,58.6,97.3,1,0.973,14.6,side
2024-01-16 04:56:34,60.5,97.4,1,0.978,13.7,side
2024-01-16 04:56:36,59,98.5,0.98,0.949,14.5,side
2024-01-16 04:56:38,65.3,97.6,1,1,13.5,side
2024-01-16 04:56:40,62.2,97.6,0.967,1,13,side
2024-01-16 04:56:42,62.2,97,1,0.959,15.1,side
2024-01-16 04:56:44,61.1,97.4,1,1,12.9,side
2024-01-16 04:56:46,62.3,98,1,0.983,14.6,side
2024-01-16 04:56:48,63.9,97.9,0.989,0.996,14.4,side
2024-01-16 04:56:50,63.5,97.9,0.983,0.984,14.8,side
2024-01-16 04:56:52,64.5,97.9,0.962,1,14.2,side
2024-01-16 04:56:54,60.4,97.6,1,0.991,14.6,side
2024-01-16 04:56:56,62.2,97.4,0.931,0.949,14.6,side
2024-01-16 04:56:58,64.4,97.4,0.999,1,13.7,side
2024-01-16 04:57:00,62.4,97.4,0.983,1,14.4,side
2024-01-16 04:57:02,63.2,97.1,0.985,0.964,14,side
2024-01-16 04:57:04,61.9,97.5,1,1,13.8,side
2024-01-16 04:57:06,62.1,97.7,0.971,0.938,14.6,side
2024-01-16 04:57:08,62.6,97.2,1,0.992,13.7,side
2024-01-16 04:57:10,63.4,96.6,1,0.969,14,side
2024-01-16 04:57:12,60.7,97.7,0.959,0.984,12.8,side
2024-01-16 04:57:14,59.2,97.3,0.979,1,14.1,side
2024-01-16 04:57:16,61.3,96.7,1,0.993,14.1,side
2024-01-16 04:57:18,64.7,97.4,0.971,0.979,14.2,side
2024-01-16 04:57:20,61.1,97.1,1,1,14.7,side
2024-01-16 04:57:22,62,98,0.931,0.974,14,side
2024-01-16 04:57:24,64.3,97,0.983,0.993,14.6,side
2024-01-16 04:57:26,64.2,98,1,0.984,14.4,side
2024-01-16 04:57:28,62.4,97.7,1,0.993,13.9,side
2024-01-16 04:57:30,60.1,97.7,0.944,0.982,14,side
2024-01-16 04:57:32,62.8,97.6,1,1,15.1,side
2024-01-16 04:57:34,62,97.7,1,1,13.1,side
2024-01-16 04:57:36,60.5,97.3,0.994,1,14.5,side
2024-01-16 04:57:38,61.2,97,1,0.982,13.7,side
2024-01-16 04:57:40,61.8,97.4,0.938,1,14.9,side
2024-01-16 04:57:42,60.5,97.8,1,0.995,15.1,side
2024-01-16 04:57:44,61.8,97.2,1,0.934,13,side
2024-01-16 04:57:46,59.5,97.4,1,0.984,14.7,side
2024-01-16 04:57:48,62.4,97.2,0.972,1,13,side
2024-01-16 04:57:50,64.1,97.6,0.994,1,14.5,side
2024-01-16 04:57:52,61.8,97.5,0.965,1,14.2,side
2024-01-16 04:57:54,59.3,97.5,1,0.99,14.8,side
2024-01-16 04:57:56,60.6,97.4,1,0.96,13.9,side
2024-01-16 04:57:58,62.9,97.3,0.933,0.976,14.5,side
2024-01-16 04:58:00,60.4,97.6,0.976,1,14,side
2024-01-16 04:58:02,64.1,97.3,1,1,14.5,side
2024-01-16 04:58:04,63,97.9,1,1,13.6,side
2024-01-16 04:58:06,61.4,97.5,1,0.978,13.5,side
2024-01-16 04:58:08,60.7,97.4,1,1,13.9,side
2024-01-16 04:58:10,61.2,97.7,0.998,0.988,13.3,side
2024-01-16 04:58:12,62.1,97.5,0.937,1,14.4,side
2024-01-16 04:58:14,62.3,97.4,1,0.954,15.2,side
2024-01-16 04:58:16,63.9,97.2,1,0.973,12.9,side
2024-01-16 04:58:18,63.4,97.6,0.936,1,13.8,side
2024-01-16 04:58:20,63.6,97.3,0.973,0.978,14.2,side
2024-01-16 04:58:22,62.4,97.6,1,0.981,13.4,side
2024-01-16 04:58:24,61.9,98.2,1,1,13.8,side
2024-01-16 04:58:26,62.4,97.5,0.941,0.979,14.4,side
2024-01-16 04:58:28,63.5,97.3,0.996,0.994,14.2,side
2024-01-16 04:58:30,60.3,97.5,1,1,13.3,side
2024-01-16 04:58:32,61.5,97.5,1,0.984,14,side
2024-01-16 04:58:34,60.4,97.2,1,0.964,13.4,side
2024-01-16 04:58:36,64,97.6,0.98,1,14.8,side
2024-01-16 04:58:38,62.1,97.3,1,1,14.2,side
2024-01-16 04:58:40,61.2,97.2,0.971,0.999,13.2,side
2024-01-16 04:58:42,64.2,97.1,0.963,1,15.2,side
2024-01-16 04:58:44,60,97.4,0.974,0.985,13.4,side
2024-01-16 04:58:46,63.2,97.2,0.994,1,14.9,side
2024-01-16 04:58:48,64.2,97.2,0.926,0.925,15.3,side
2024-01-16 04:58:50,60.4,97.6,0.983,1,13.4,side
2024-01-16 04:58:52,62.3,97.7,1,0.984,13.5,side
2024-01-16 04:58:54,62.5,97.6,0.913,1,14.2,side
2024-01-16 04:58:56,63.5,97.2,0.945,1,14,side
2024-01-16 04:58:58,62.8,97.2,0.992,0.999,13.7,side
2024-01-16 04:59:00,62.3,97.5,1,1,14.1,side
2024-01-16 04:59:02,60.5,97.8,1,1,14.5,side
2024-01-16 04:59:04,63,97.3,0.947,1,14.3,side
2024-01-16 04:59:06,64.2,97.5,1,0.957,14.2,side
2024-01-16 04:59:08,63,97.3,1,0.997,13.9,side
2024-01-16 04:59:10,61.6,97.6,0.979,0.991,13.7,side
2024-01-16 04:59:12,61.7,97.4,1,0.942,14.1,side
2024-01-16 04:59:14,61.4,98.1,0.956,1,13.2,side
2024-01-16 04:59:16,62.7,97.8,0.991,0.995,13.5,side
2024-01-16 04:59:18,59.6,97.7,1,1,14.7,side
2024-01-16 04:59:20,63.5,97.6,0.991,0.963,14.1,side
2024-01-16 04:59:22,59.7,97.4,1,1,13.2,side
2024-01-16 04:59:24,63.6,97.3,0.976,1,13,side
2024-01-16 04:59:26,60.6,97.4,0.985,0.973,14.6,side
2024-01-16 04:59:28,60.6,97.6,0.976,0.991,13.7,side
2024-01-16 04:59:30,62.1,97.2,1,1,13.4,side
2024-01-16 04:59:32,60.1,97.7,1,0.976,14.9,side
2024-01-16 04:59:34,63.3,96.8,0.991,0.998,14.6,side
2024-01-16 04:59:36,59.6,96.8,0.971,0.987,13.9,side
2024-01-16 04:59:38,61.9,97.7,0.997,1,13.2,side
2024-01-16 04:59:40,61.2,97.8,1,0.997,13.6,side
2024-01-16 04:59:42,62.8,98.2,1,1,13.6,side
2024-01-16 04:59:44,62.2,97.5,0.976,0.974,13.2,side
2024-01-16 04:59:46,62.5,97.7,1,0.984,13.3,side
2024-01-16 04:59:48,62.2,97.9,0.998,0.981,13.9,side
2024-01-16 04:59:50,62.5,97.6,0.985,1,14.9,side
2024-01-16 04:59:52,60.7,97,0.998,1,14.8,side
2024-01-16 04:59:54,63.8,97.8,0.979,0.925,14.6,side
2024-01-16 04:59:56,61.6,97.3,1,1,14.5,side
2024-01-16 04:59:58,63.5,97.5,0.973,1,13,side
2024-01-16 05:00:00,59.6,97.3,0.049,0.825,0,side
2024-01-16 05:00:02,58.7,97.7,0.06,0.655,0,side
2024-01-16 05:00:04,59.7,97.3,0.07,0.729,0,side
2024-01-16 05:00:06,60.3,97.6,0.064,0.804,0,side
2024-01-16 05:00:08,59.3,97.7,0.033,0.736,0,side
2024-01-16 05:00:10,56.7,96.6,0.032,0.637,0,side
2024-01-16 05:00:12,58.6,96.7,0.068,0.78,0,side
2024-01-16 05:00:14,58.5,96.1,0.047,0.782,0,side
2024-01-16 05:00:16,59.7,95.9,0.024,0.747,0,side
2024-01-16 05:00:18,59.7,94.9,0.061,0.81,0,side
2024-01-16 05:00:20,64.4,94.1,0.04,0.702,0,side
2024-01-16 05:00:22,60.4,94,0.024,0.741,0,side
2024-01-16 05:00:24,58.1,93.1,0.028,0.833,0,side
2024-01-16 05:00:26,60.6,92.6,0.056,0.687,0,side
2024-01-16 05:00:28,57.4,92,0.053,0.825,0,side
2024-01-16 05:00:30,59.5,91.2,0.058,0.846,0,side
2024-01-16 05:00:32,57.4,90.7,0.03,0.692,0,side
2024-01-16 05:00:34,59.5,90,0.076,0.783,0,side
2024-01-16 05:00:36,65.1,89.8,0.95,0.964,13.3,side
2024-01-16 05:00:38,68.1,89.7,0.962,1,13.6,side
2024-01-16 05:00:40,68.7,90,1,0.965,14,side
2024-01-16 05:00:42,67.3,89.2,1,1,13.7,side
2024-01-16 05:00:44,69,89.2,0.968,0.997,14.3,side
2024-01-16 05:00:46,65.5,89.1,1,1,14.4,side
2024-01-16 05:00:48,63.6,89,1,0.981,14.6,side
2024-01-16 05:00:50,60.8,97.5,1,0.975,14.8,side
2024-01-16 05:00:52,62.3,97.5,0.981,1,13.7,side
2024-01-16 05:00:54,59.3,97.5,1,1,13.2,side
2024-01-16 05:00:56,61.5,97.5,1,0.976,15,side
2024-01-16 05:00:58,62,97.3,1,1,14,side
2024-01-16 05:01:00,60.5,97.3,0.969,1,13.7,side
2024-01-16 05:01:02,64,97.7,0.964,1,14.9,side
2024-01-16 05:01:04,59.7,97.4,0.97,1,13.7,side
2024-01-16 05:01:06,62.9,96.8,0.949,1,13.8,side
2024-01-16 05:01:08,61.9,97.2,1,1,13.5,side
2024-01-16 05:01:10,62.8,98,1,0.982,13.8,side
2024-01-16 05:01:12,61.7,97.8,0.985,0.98,14.3,side
2024-01-16 05:01:14,63.4,97.1,1,1,14.3,side
2024-01-16 05:01:16,62.9,97.3,1,1,14,side
2024-01-16 05:01:18,64.6,97.6,0.971,1,13.9,side
2024-01-16 05:01:20,59.1,97.7,0.988,0.956,13.9,side
2024-01-16 05:01:22,62.7,97.5,0.994,0.972,13.7,side
2024-01-16 05:01:24,61.8,97.4,0.983,1,14.4,side
2024-01-16 05:01:26,61.7,97,0.925,0.943,13.6,side
2024-01-16 05:01:28,61,97.4,0.991,1,14,side
2024-01-16 05:01:30,63.5,97.6,1,1,14.4,side
2024-01-16 05:01:32,65.8,97.5,0.987,0.981,14.5,side
2024-01-16 05:01:34,63.1,97.8,0.96,0.967,14.1,side
2024-01-16 05:01:36,64.6,97.9,1,1,14.7,side
2024-01-16 05:01:38,60.6,97.3,1,1,14.4,side
2024-01-16 05:01:40,61.2,97.8,0.995,1,13.9,side
2024-01-16 05:01:42,62.3,97.7,0.984,0.989,13.2,side
2024-01-16 05:01:44,64.7,97.1,1,1,13.6,side
2024-01-16 05:01:46,63.6,97.3,0.999,1,13,side
2024-01-16 05:01:48,59.9,97.3,1,1,13.6,side
2024-01-16 05:01:50,65.5,97.4,1,1,14.4,side
2024-01-16 05:01:52,63.5,97.8,0.956,0.986,13.7,side
2024-01-16 05:01:54,61.2,98,1,0.996,13.5,side
2024-01-16 05:01:56,61.6,97.4,1,1,14.3,side
2024-01-16 05:01:58,60.5,97.4,1,0.988,13,side
2024-01-16 05:02:00,61.4,98.2,1,0.996,13.8,side
2024-01-16 05:02:02,62.4,97.6,0.952,1,14.4,side
2024-01-16 05:02:04,63.7,97.4,1,1,13.4,side
2024-01-16 05:02:06,62.9,97.1,1,1,14,side
2024-01-16 05:02:08,63.5,97.8,0.982,0.992,13.4,side
2024-01-16 05:02:10,62.4,97.8,1,1,13.8,side
2024-01-16 05:02:12,61.9,97.4,1,0.998,13.4,side
2024-01-16 05:02:14,63.2,97.9,1,1,13.9,side
2024-01-16 05:02:16,64.8,97.7,1,1,13.6,side
2024-01-16 05:02:18,62.8,97.6,0.995,0.973,14.1,side
2024-01-16 05:02:20,63.2,97,1,1,14,side
2024-01-16 05:02:22,64.4,97.4,1,1,14.7,side
2024-01-16 05:02:24,60.5,97.4,1,0.976,13.5,side
2024-01-16 05:02:26,61.2,97.4,0.948,1,14.9,side
2024-01-16 05:02:28,63.9,97,1,0.959,13.7,side
2024-01-16 05:02:30,61.7,97.2,0.969,0.967,13.3,side
2024-01-16 05:02:32,59.3,97.5,1,0.964,14.4,side
2024-01-16 05:02:34,64.5,97.8,0.992,0.995,14.4,side
2024-01-16 05:02:36,61.8,98,0.982,1,14,side
2024-01-16 05:02:38,64.6,97.8,0.989,0.996,13.9,side
2024-01-16 05:02:40,62.3,97.5,1,1,13.4,side
2024-01-16 05:02:42,59.9,97.6,0.972,1,13.3,side
2024-01-16 05:02:44,60.8,97.4,0.998,1,14.6,side
2024-01-16 05:02:46,61.5,97.4,1,0.976,14.8,side
2024-01-16 05:02:48,61.2,97,1,0.976,14.6,side
2024-01-16 05:02:50,64.6,97.4,0.968,0.997,14.7,side
2024-01-16 05:02:52,60.8,97.6,0.995,0.983,14.5,side
2024-01-16 05:02:54,64.6,97.8,1,1,14,side
2024-01-16 05:02:56,60.2,97.7,0.957,0.998,13.8,side
2024-01-16 05:02:58,62.2,97.3,0.97,0.987,14.6,side
2024-01-16 05:03:00,63.5,97.5,1,1,14.7,side
2024-01-16 05:03:02,60.6,97.5,1,0.961,13.6,side
2024-01-16 05:03:04,63,97.4,1,1,13.5,side
2024-01-16 05:03:06,61.1,97.4,0.999,0.958,13.9,side
2024-01-16 05:03:08,63.4,97,1,0.965,13.7,side
2024-01-16 05:03:10,63.4,97.7,0.95,1,14.2,side
2024-01-16 05:03:12,61.5,97.2,0.996,1,14.2,side
2024-01-16 05:03:14,60.2,97.2,0.992,0.996,13.4,side
2024-01-16 05:03:16,61.3,97.7,0.979,1,13.4,side
2024-01-16 05:03:18,63.2,97.9,1,1,13.8,side
2024-01-16 05:03:20,61.3,97.5,0.999,0.921,14.3,side
2024-01-16 05:03:22,60.4,97,0.98,1,13.7,side
2024-01-16 05:03:24,60.8,97.1,1,1,13.9,side
2024-01-16 05:03:26,63.2,97.7,0.973,1,13.3,side
2024-01-16 05:03:28,59.4,97.7,0.971,0.978,14.3,side
2024-01-16 05:03:30,60.9,97.7,0.947,1,13.9,side
2024-01-16 05:03:32,62.3,97.1,1,1,14,side
2024-01-16 05:03:34,62.7,97.7,1,0.996,14,side
2024-01-16 05:03:36,61.4,97.1,1,0.977,13.7,side
2024-01-16 05:03:38,61.8,97.2,0.959,0.951,14.4,side
2024-01-16 05:03:40,62.9,98.2,0.991,0.953,14.1,side
2024-01-16 05:03:42,61.3,96.9,1,0.99,13.9,side
2024-01-16 05:03:44,63.9,97.3,1,0.986,14.6,side
2024-01-16 05:03:46,61.4,98.2,0.973,1,13.5,side
2024-01-16 05:03:48,60.4,97.6,0.979,0.975,13.2,side
2024-01-16 05:03:50,65.5,97.1,0.982,0.93,13.8,side
2024-01-16 05:03:52,59.6,97.7,1,1,14.7,side
2024-01-16 05:03:54,61.1,98.2,1,1,13,side
2024-01-16 05:03:56,61.4,97.4,0.97,0.986,14.5,side
2024-01-16 05:03:58,63,97.6,1,0.97,14.9,side
2024-01-16 05:04:00,62.8,97.5,0.978,1,14.5,side
2024-01-16 05:04:02,60.4,97,1,0.997,13.2,side
2024-01-16 05:04:04,62.2,97.3,1,0.985,14.7,side
2024-01-16 05:04:06,62.1,97.8,1,1,13.9,side
2024-01-16 05:04:08,62.4,97.2,1,0.99,13.4,side
2024-01-16 05:04:10,62.1,97.5,1,0.987,14.3,side
2024-01-16 05:04:12,61.9,97.1,0.98,0.972,14,side
2024-01-16 05:04:14,61.9,97.5,1,1,13.9,side
2024-01-16 05:04:16,60.3,97.2,1,0.974,13.8,side
2024-01-16 05:04:18,60.2,96.9,1,0.968,14.2,side
2024-01-16 05:04:20,63.1,97.6,0.972,1,13.9,side
2024-01-16 05:04:22,59.9,97.1,1,1,14.4,side
2024-01-16 05:04:24,62.4,97.7,1,0.977,14.3,side
2024-01-16 05:04:26,63.9,97.5,1,1,13.5,side
2024-01-16 05:04:28,58.4,97.5,1,1,12.8,side
2024-01-16 05:04:30,62.5,97.5,0.963,1,13.4,side
2024-01-16 05:04:32,60.7,97.5,0.994,1,13.9,side
2024-01-16 05:04:34,60.6,97.1,1,1,13.8,side
2024-01-16 05:04:36,64.3,97.1,0.978,1,14.9,side
2024-01-16 05:04:38,62.1,98,0.98,0.967,13.6,side
2024-01-16 05:04:40,62,97.5,0.998,0.987,13.9,side
2024-01-16 05:04:42,63.3,97.4,0.999,0.992,14.3,side
2024-01-16 05:04:44,63.4,97.5,0.943,0.998,14.1,side
2024-01-16 05:04:46,62.6,97.7,0.986,0.964,13.2,side
2024-01-16 05:04:48,62.8,97.1,0.966,0.994,14.4,side
2024-01-16 05:04:50,62.2,98.1,0.996,1,13.8,side
2024-01-16 05:04:52,61.2,97.8,1,1,13.3,side
2024-01-16 05:04:54,59.6,97.6,1,1,13,side
2024-01-16 05:04:56,60.6,97.4,1,1,13.8,side
2024-01-16 05:04:58,64.3,97.4,0.981,1,14,side
2024-01-16 05:05:00,62.4,98,1,1,15,side
2024-01-16 05:05:02,64.4,97.2,1,1,13.8,side
2024-01-16 05:05:04,61.7,97.5,1,1,13.4,side
2024-01-16 05:05:06,63.7,97.5,0.972,1,14.5,side
2024-01-16 05:05:08,62.7,97.6,0.986,1,14.2,side
2024-01-16 05:05:10,62.3,96.7,0.959,0.987,14.7,side
2024-01-16 05:05:12,63.8,97.9,1,0.932,14.5,side
2024-01-16 05:05:14,60.9,97.2,0.969,1,14,side
2024-01-16 05:05:16,61.7,97.6,1,1,14.2,side
2024-01-16 05:05:18,63.3,98,1,1,14.1,side
2024-01-16 05:05:20,62.6,97.2,1,0.966,13.9,side
2024-01-16 05:05:22,60.8,97.3,1,1,13.9,side
2024-01-16 05:05:24,64,97.3,1,1,13.6,side
2024-01-16 05:05:26,62.7,97,0.957,0.936,14.1,side
2024-01-16 05:05:28,63.5,97.3,1,0.988,14.6,side
2024-01-16 05:05:30,61.5,97.4,0.984,1,14.7,side
2024-01-16 05:05:32,63.7,97.4,0.962,0.967,12.9,side
2024-01-16 05:05:34,63,97.7,0.972,0.991,13.3,side
2024-01-16 05:05:36,60.5,97.5,1,1,13.9,side
2024-01-16 05:05:38,62.6,97.5,0.985,0.978,14.2,side
2024-01-16 05:05:40,62.7,97.3,1,0.983,13.9,side
2024-01-16 05:05:42,61.4,97.4,1,1,13.9,side
2024-01-16 05:05:44,60.8,97.5,1,0.952,14.3,side
2024-01-16 05:05:46,63.2,97.9,0.989,0.958,14.4,side
2024-01-16 05:05:48,62.1,96.8,0.988,0.976,13.4,side
2024-01-16 05:05:50,61.7,97.3,0.992,1,13.7,side
2024-01-16 05:05:52,62,97.6,1,0.954,13.1,side
2024-01-16 05:05:54,62.3,97.7,0.948,1,13.8,side
2024-01-16 05:05:56,62.9,97.7,0.985,1,13.8,side
2024-01-16 05:05:58,60.6,97.8,1,0.968,14.1,side
2024-01-16 05:06:00,61.7,97.9,1,0.935,14.6,side
2024-01-16 05:06:02,62,97.7,0.944,0.991,13.9,side
2024-01-16 05:06:04,63.5,97.4,0.932,1,14.1,side
2024-01-16 05:06:06,61.7,98.1,0.951,1,13.8,side
2024-01-16 05:06:08,61.1,97.4,1,1,13.9,side
2024-01-16 05:06:10,59.9,97.1,1,1,13,side
2024-01-16 05:06:12,63.3,97.7,1,1,14.6,side
2024-01-16 05:06:14,64.5,97.7,1,0.963,13.2,side
2024-01-16 05:06:16,61.5,97.7,1,0.984,14.8,side
2024-01-16 05:06:18,61.5,97.6,1,1,13.9,side
2024-01-16 05:06:20,62.4,97.6,1,1,13.5,side
2024-01-16 05:06:22,61.2,97.7,0.939,1,15.1,side
2024-01-16 05:06:24,64.8,97.6,0.983,1,14.2,side
2024-01-16 05:06:26,62.8,97.4,1,0.978,13.9,side
2024-01-16 05:06:28,64.8,97.5,1,1,14,side
2024-01-16 05:06:30,61.1,97.7,1,0.982,14.7,side
2024-01-16 05:06:32,62.9,97.2,1,0.983,13.9,side
2024-01-16 05:06:34,61.6,97.5,0.985,1,13.8,side
2024-01-16 05:06:36,59.3,97.5,0.981,1,13.1,side
2024-01-16 05:06:38,61.7,97.8,0.998,1,14.6,side
2024-01-16 05:06:40,60,97.4,1,0.993,13.5,side
2024-01-16 05:06:42,63.7,97.7,0.961,0.982,14.1,side
2024-01-16 05:06:44,63.4,97.4,1,1,14.1,side
2024-01-16 05:06:46,60.8,97.6,0.954,1,13.9,side
2024-01-16 05:06:48,62.6,97.7,1,1,15,side
2024-01-16 05:06:50,60.8,97.3,0.97,1,13.4,side
2024-01-16 05:06:52,60.6,97.5,0.97,0.995,14.2,side
2024-01-16 05:06:54,61.3,97.8,1,1,13.9,side
2024-01-16 05:06:56,62.4,97.6,1,1,13.8,side
2024-01-16 05:06:58,59.8,97.8,0.991,0.944,14.2,side
2024-01-16 05:07:00,60.9,97.7,0.945,0.962,14.6,side
2024-01-16 05:07:02,59.6,97.9,1,0.999,14.9,side
2024-01-16 05:07:04,59.9,97.8,1,0.976,14,side
2024-01-16 05:07:06,60.4,97.6,0.978,1,13.3,side
2024-01-16 05:07:08,60,97.1,0.93,0.991,13.4,side
2024-01-16 05:07:10,59.4,97.6,1,1,14.1,side
2024-01-16 05:07:12,62.6,97.6,0.962,0.953,14.5,side
2024-01-16 05:07:14,64.2,97.8,0.98,1,13.7,side
2024-01-16 05:07:16,62.3,97.8,0.984,1,13.2,side
2024-01-16 05:07:18,62.8,97.4,1,1,14.4,side
2024-01-16 05:07:20,61.7,97.6,1,1,14.1,side
2024-01-16 05:07:22,62.4,97.7,0.998,1,13.8,side
2024-01-16 05:07:24,59.9,97.9,0.987,1,14.2,side
2024-01-16 05:07:26,61,97.7,0.991,1,14.1,side
2024-01-16 05:07:28,62.3,97,0.981,1,13.4,side
2024-01-16 05:07:30,63.9,97.4,0.956,1,14.8,side
2024-01-16 05:07:32,64,96.8,1,0.972,14,side
2024-01-16 05:07:34,63.1,97.5,0.96,1,14.2,side
2024-01-16 05:07:36,61.2,97.1,1,1,14.2,side
2024-01-16 05:07:38,61.4,97.6,0.937,1,13.1,side
2024-01-16 05:07:40,61.1,97.6,1,1,14.2,side
2024-01-16 05:07:42,60.7,97.6,0.924,1,14.2,side
2024-01-16 05:07:44,64,97.3,1,1,13.9,side
2024-01-16 05:07:46,61.5,97.4,1,0.965,13.9,side
2024-01-16 05:07:48,62.9,97.8,0.988,1,13.8,side
2024-01-16 05:07:50,60.5,97.4,1,0.953,14.4,side
2024-01-16 05:07:52,64.2,97.2,1,0.99,13.8,side
2024-01-16 05:07:54,62.7,97.7,1,1,13.3,side
2024-01-16 05:07:56,61.5,97.5,1,0.966,13.3,side
2024-01-16 05:07:58,64.4,97.3,0.995,1,13.6,side
2024-01-16 05:08:00,61.6,97.9,1,1,14.2,side
2024-01-16 05:08:02,63.4,97.7,0.974,1,14.2,side
2024-01-16 05:08:04,61.5,97.3,1,0.985,15.1,side
2024-01-16 05:08:06,60.8,97.3,1,0.96,14.5,side
2024-01-16 05:08:08,63,97.3,1,0.974,14,side
2024-01-16 05:08:10,61.6,97.5,0.99,1,14.3,side
2024-01-16 05:08:12,60.7,97.6,0.998,1,14.3,side
2024-01-16 05:08:14,63.9,97.2,1,0.983,14.5,side
2024-01-16 05:08:16,63,97.8,0.982,1,14.4,side
2024-01-16 05:08:18,64.4,97.6,0.991,1,14.3,side
2024-01-16 05:08:20,60.7,97.6,1,0.961,12.8,side
2024-01-16 05:08:22,62.8,97.4,1,1,14,side
2024-01-16 05:08:24,61.8,97,1,0.991,13.7,side
2024-01-16 05:08:26,62.7,97.1,1,0.978,13.9,side
2024-01-16 05:08:28,60.6,97.2,0.965,1,13.6,side
2024-01-16 05:08:30,63.8,97.4,0.943,1,14.3,side
2024-01-16 05:08:32,62.4,97.3,0.998,1,14.1,side
2024-01-16 05:08:34,60.8,97.5,1,0.997,14.3,side
2024-01-16 05:08:36,59.7,97.8,1,0.974,14.9,side
2024-01-16 05:08:38,62.1,96.9,0.984,1,14,side
2024-01-16 05:08:40,64.4,97.7,0.97,0.975,14.2,side
2024-01-16 05:08:42,63,97.3,1,1,13.6,side
2024-01-16 05:08:44,62,97.8,0.967,0.976,13.5,side
2024-01-16 05:08:46,62.2,98.2,1,1,14.3,side
2024-01-16 05:08:48,61.7,97.4,1,0.994,13.6,side
2024-01-16 05:08:50,63,97.9,1,1,14.5,side
2024-01-16 05:08:52,63.4,97.3,1,0.971,14.4,side
2024-01-16 05:08:54,63,97.4,0.974,0.955,13.3,side
2024-01-16 05:08:56,62.7,98.2,1,0.997,13.3,side
2024-01-16 05:08:58,62.2,97.8,1,1,14.3,side
2024-01-16 05:09:00,60.7,97.6,0.998,0.967,14.1,side
2024-01-16 05:09:02,59.2,97.4,0.98,0.967,14.7,side
2024-01-16 05:09:04,62.2,97.6,0.977,1,13.8,side
2024-01-16 05:09:06,64.2,97.9,1,0.988,13.9,side
2024-01-16 05:09:08,62.4,97.2,0.983,1,14.3,side
2024-01-16 05:09:10,59,97.6,0.995,1,13.4,side
2024-01-16 05:09:12,61.3,97.6,1,0.975,14,side
2024-01-16 05:09:14,62.5,97.3,1,1,13.9,side
2024-01-16 05:09:16,59,97.5,0.99,1,13.9,side
2024-01-16 05:09:18,62.3,97.5,0.995,1,13.8,side
2024-01-16 05:09:20,63.7,97.6,1,1,14.3,side
2024-01-16 05:09:22,63.7,97.6,1,1,13.4,side
2024-01-16 05:09:24,60.5,97.6,0.969,0.935,14.1,side
2024-01-16 05:09:26,60,97.2,0.969,0.979,14.1,side
2024-01-16 05:09:28,62,97.6,1,1,14.1,side
2024-01-16 05:09:30,60.2,97,1,1,13.3,side
2024-01-16 05:09:32,62.2,97.6,0.991,1,13.8,side
2024-01-16 05:09:34,60.1,97.1,1,0.961,14,side
2024-01-16 05:09:36,59.9,97.4,1,0.985,13.5,side
2024-01-16 05:09:38,61.9,98,0.971,1,13.8,side
2024-01-16 05:09:40,60.1,97.2,0.983,1,14,side
2024-01-16 05:09:42,61.4,97.7,0.969,0.995,14.6,side
2024-01-16 05:09:44,62.3,97.2,1,1,13.9,side
2024-01-16 05:09:46,61.3,97.5,1,0.986,14.3,side
2024-01-16 05:09:48,63.5,97.2,1,0.982,14,side
2024-01-16 05:09:50,60.3,97.1,0.984,1,14.2,side
2024-01-16 05:09:52,62.5,97.4,1,0.959,14.1,side
2024-01-16 05:09:54,61.2,97.9,1,0.962,13.8,side
2024-01-16 05:09:56,64.1,97.5,1,1,14.2,side
2024-01-16 05:09:58,60.5,98.1,0.953,0.973,13.8,side
2024-01-16 05:10:00,61.6,97.5,1,1,14.7,side
2024-01-16 05:10:02,62.7,97.3,1,0.951,15.1,side
2024-01-16 05:10:04,60.7,97.8,1,1,14.2,side
2024-01-16 05:10:06,63.1,97.4,0.936,1,13.7,side
2024-01-16 05:10:08,61.3,97.6,0.996,1,13.4,side
2024-01-16 05:10:10,63.3,98.3,1,0.981,13.8,side
2024-01-16 05:10:12,61.4,97.5,0.984,1,14.3,side
2024-01-16 05:10:14,62.8,97.9,0.939,1,13.7,side
2024-01-16 05:10:16,65.8,97.7,1,0.981,13.4,side
2024-01-16 05:10:18,61.9,98.3,1,1,13.8,side
2024-01-16 05:10:20,59.2,97.7,1,0.922,13.3,side
2024-01-16 05:10:22,65.5,97.4,1,1,14.2,side
2024-01-16 05:10:24,63.7,98,1,1,14.8,side
2024-01-16 05:10:26,62.5,97.1,1,0.976,14.3,side
2024-01-16 05:10:28,63.1,97,1,0.995,13.6,side
2024-01-16 05:10:30,60.9,97.2,1,0.989,13.7,side
2024-01-16 05:10:32,61.5,97.9,1,1,13.6,side
2024-01-16 05:10:34,62,97.8,1,0.982,14.3,side
2024-01-16 05:10:36,62.2,96.8,1,1,14,side
2024-01-16 05:10:38,61.7,97.4,0.993,1,14,side
2024-01-16 05:10:40,61,97.7,1,0.975,14.4,side
2024-01-16 05:10:42,59.6,97.2,1,1,13.8,side
2024-01-16 05:10:44,62.9,97,1,0.992,15.6,side
2024-01-16 05:10:46,64.7,97.4,0.939,1,13.8,side
2024-01-16 05:10:48,61.3,97.7,0.976,0.975,13.8,side
2024-01-16 05:10:50,62.3,97.6,1,1,14,side
2024-01-16 05:10:52,59,97.2,0.995,1,14,side
2024-01-16 05:10:54,61.8,96.8,0.98,0.98,13.7,side
2024-01-16 05:10:56,61.1,97.3,1,0.981,14,side
2024-01-16 05:10:58,59.8,97.7,0.95,1,13.9,side
2024-01-16 05:11:00,62.7,97.7,1,1,13.9,side
2024-01-16 05:11:02,60.2,97.5,0.992,0.966,13.9,side
2024-01-16 05:11:04,60.4,97.7,1,0.99,13.5,side
2024-01-16 05:11:06,61,97.8,0.997,0.988,13.8,side
2024-01-16 05:11:08,58.8,97.2,0.978,1,13.5,side
2024-01-16 05:11:10,60.1,97.3,0.97,1,14.2,side
2024-01-16 05:11:12,61.2,97.6,1,1,14.3,side
2024-01-16 05:11:14,61.8,97.4,1,0.997,14.5,side
2024-01-16 05:11:16,60.9,97.8,1,0.988,13.6,side
2024-01-16 05:11:18,59.2,97.1,0.947,1,13.8,side
2024-01-16 05:11:20,63.3,97.9,1,1,14.9,side
2024-01-16 05:11:22,60.5,97.6,1,1,14.8,side
2024-01-16 05:11:24,60.5,97.2,0.995,1,14.2,side
2024-01-16 05:11:26,60.9,97.7,1,1,13.9,side
2024-01-16 05:11:28,62.4,97.7,0.906,0.957,15,side
2024-01-16 05:11:30,62.5,97.1,0.96,1,13.3,side
2024-01-16 05:11:32,59.8,97.9,1,0.968,14.1,side
2024-01-16 05:11:34,61.8,96.7,0.966,1,14.1,side
2024-01-16 05:11:36,60.9,97.8,0.998,0.992,14.9,side
2024-01-16 05:11:38,61.2,97.8,1,0.987,14.4,side
2024-01-16 05:11:40,59.7,97.4,0.971,1,13.5,side
2024-01-16 05:11:42,63.4,97.2,0.999,0.984,14.4,side
2024-01-16 05:11:44,59.7,97.3,0.985,1,14,side
2024-01-16 05:11:46,61,97.2,1,0.999,13.8,side
2024-01-16 05:11:48,61.4,97.3,0.979,1,13.9,side
2024-01-16 05:11:50,63.4,97.2,1,0.965,14.6,side
2024-01-16 05:11:52,60.3,97.9,1,1,13.5,side
2024-01-16 05:11:54,61.4,97.5,1,0.981,14.1,side
2024-01-16 05:11:56,63.5,98.1,1,1,13.6,side
2024-01-16 05:11:58,62.1,97.1,0.984,0.98,14.4,side
2024-01-16 05:12:00,59.3,97.6,1,0.97,13.6,side
2024-01-16 05:12:02,61.3,97.1,0.976,0.979,14.1,side
2024-01-16 05:12:04,62.3,97.5,1,1,14.2,side
2024-01-16 05:12:06,62.9,98,1,0.998,14.2,side
2024-01-16 05:12:08,61.1,97,1,1,13.2,side
2024-01-16 05:12:10,60.7,96.9,1,0.999,13.5,side
2024-01-16 05:12:12,59.9,97.3,0.984,1,14.3,side
2024-01-16 05:12:14,62.4,97.3,0.972,0.977,14.3,side
2024-01-16 05:12:16,64.9,97.2,1,1,13.5,side
2024-01-16 05:12:18,60.8,97.5,1,1,13.5,side
2024-01-16 05:12:20,62.1,97.6,1,0.993,14.4,side
2024-01-16 05:12:22,63.2,97.9,1,0.97,13.9,side
2024-01-16 05:12:24,60.2,97.7,1,1,14,side
2024-01-16 05:12:26,62.7,97.9,1,1,13.9,side
2024-01-16 05:12:28,62.2,97.3,1,0.918,13.1,side
2024-01-16 05:12:30,59.9,97.8,1,1,15.1,side
2024-01-16 05:12:32,61.3,98.1,0.996,0.943,13.7,side
2024-01-16 05:12:34,60.9,97.9,1,1,13.7,side
2024-01-16 05:12:36,64.5,97.6,0.991,1,14.1,side
2024-01-16 05:12:38,57.1,96.9,0.995,0.995,14.7,side
2024-01-16 05:12:40,61.9,97.4,0.962,0.99,14.8,side
2024-01-16 05:12:42,60.5,97.3,1,1,13.6,side
2024-01-16 05:12:44,61,97.4,0.992,1,13.6,side
2024-01-16 05:12:46,60,97.7,1,0.998,14.1,side
2024-01-16 05:12:48,62.5,97.7,0.992,0.982,14.1,side
2024-01-16 05:12:50,62.8,97,1,0.991,14,side
2024-01-16 05:12:52,60,97.3,0.993,0.973,14.1,side
2024-01-16 05:12:54,60.5,97.8,0.973,0.974,13.7,side
2024-01-16 05:12:56,60.3,96.9,0.966,1,14.2,side
2024-01-16 05:12:58,61.5,97.3,1,1,14.9,side
2024-01-16 05:13:00,62.3,97.6,0.986,0.902,13.7,side
2024-01-16 05:13:02,64.8,97.1,1,0.999,14.3,side
2024-01-16 05:13:04,60.4,97.9,0.947,0.992,13.4,side
2024-01-16 05:13:06,59.3,97.3,1,1,14.6,side
2024-01-16 05:13:08,63,97.8,0.997,1,14.1,side
2024-01-16 05:13:10,61.5,97.8,1,1,14.1,side
2024-01-16 05:13:12,60.8,97.7,0.957,1,14.4,side
2024-01-16 05:13:14,63,97.6,1,1,14.5,side
2024-01-16 05:13:16,61.3,97.3,0.987,0.975,13.9,side
2024-01-16 05:13:18,61.3,97.5,1,1,13.6,side
2024-01-16 05:13:20,63.9,98.3,1,1,13.7,side
2024-01-16 05:13:22,63.3,97.9,0.998,0.996,13.5,side
2024-01-16 05:13:24,64.3,97.6,1,0.98,14.3,side
2024-01-16 05:13:26,61.2,97.4,1,1,13.6,side
2024-01-16 05:13:28,63.4,97.4,1,1,14.7,side
2024-01-16 05:13:30,62.7,97.2,1,0.966,12.6,side
2024-01-16 05:13:32,61.9,97.1,0.969,0.995,13.2,side
2024-01-16 05:13:34,64.7,97.6,0.968,0.968,13.8,side
2024-01-16 05:13:36,62.6,97.5,1,1,14.6,side
2024-01-16 05:13:38,63.7,97.3,0.952,1,14.7,side
2024-01-16 05:13:40,61.8,97.5,1,1,12.7,side
2024-01-16 05:13:42,64.6,97.4,0.999,0.98,13.2,side
2024-01-16 05:13:44,60.4,98.1,0.987,0.961,14.4,side
2024-01-16 05:13:46,60,97.3,0.963,1,13.7,side
2024-01-16 05:13:48,63.6,97.8,0.996,0.996,13.6,side
2024-01-16 05:13:50,59.6,97.6,0.959,1,13.9,side
2024-01-16 05:13:52,59.3,97.1,1,1,13.8,side
2024-01-16 05:13:54,61.7,97.6,1,1,14.2,side
2024-01-16 05:13:56,62.6,97,0.969,1,14.3,side
2024-01-16 05:13:58,64.6,97.6,0.985,1,13.3,side
2024-01-16 05:14:00,63.6,97.8,0.998,0.999,14.5,side
2024-01-16 05:14:02,60.1,97.5,0.99,0.98,14,side
2024-01-16 05:14:04,65.2,97.5,1,0.982,14.3,side
2024-01-16 05:14:06,61,97,0.983,0.978,13.9,side
2024-01-16 05:14:08,61.3,97.5,0.99,0.993,15,side
2024-01-16 05:14:10,61.3,97.7,1,0.962,13.5,side
2024-01-16 05:14:12,61.8,97.6,0.949,1,14,side
2024-01-16 05:14:14,59.7,97.3,0.969,0.992,13.9,side
2024-01-16 05:14:16,61.7,97.6,0.955,1,14.4,side
2024-01-16 05:14:18,60.8,97.9,1,0.999,14.5,side
2024-01-16 05:14:20,64.2,97.6,1,1,15,side
2024-01-16 05:14:22,62.7,97.4,0.986,1,13.8,side
2024-01-16 05:14:24,65,97.3,0.989,0.973,13.9,side
2024-01-16 05:14:26,61.4,97.4,1,1,14.6,side
2024-01-16 05:14:28,61.2,97,0.986,1,15.2,side
2024-01-16 05:14:30,58.3,97.2,1,1,13.6,side
2024-01-16 05:14:32,61.8,97.2,1,1,14.4,side
2024-01-16 05:14:34,61.2,97.4,0.956,1,13.7,side
2024-01-16 05:14:36,62,97.6,1,0.979,14.1,side
2024-01-16 05:14:38,62.2,97.5,1,0.996,14.7,side
2024-01-16 05:14:40,63.7,97.4,0.999,1,15,side
2024-01-16 05:14:42,60.6,97.5,0.95,0.961,13.9,side
2024-01-16 05:14:44,62.2,97.3,1,1,14,side
2024-01-16 05:14:46,59,98,0.978,0.987,14.4,side
2024-01-16 05:14:48,60.8,97.3,1,1,13.7,side
2024-01-16 05:14:50,62,97.7,1,1,14.5,side
2024-01-16 05:14:52,64.7,98.1,1,1,13.6,side
2024-01-16 05:14:54,56.5,97.7,0.982,0.999,13.7,side
2024-01-16 05:14:56,59.9,97.3,0.98,1,13.6,side
2024-01-16 05:14:58,61.8,97.7,0.968,0.983,13.3,side
2024-01-16 05:15:00,62.4,97.7,0.961,0.993,14.2,side
2024-01-16 05:15:02,63,97.3,0.978,1,13.8,side
2024-01-16 05:15:04,62.3,97.5,1,1,15.6,side
2024-01-16 05:15:06,61.5,97.4,0.965,0.92,13.9,side
2024-01-16 05:15:08,59.1,97.5,0.997,0.977,13.5,side
2024-01-16 05:15:10,61.9,97.5,0.972,0.996,13.8,side
2024-01-16 05:15:12,61.4,97.7,0.969,1,14.3,side
2024-01-16 05:15:14,62.8,96.5,1,0.975,13.2,side
2024-01-16 05:15:16,62.5,97.4,0.965,1,13.2,side
2024-01-16 05:15:18,61.5,97.7,0.981,1,14.1,side
2024-01-16 05:15:20,60.6,97.4,0.993,1,14,side
2024-01-16 05:15:22,64.2,97.3,0.999,1,13.7,side
2024-01-16 05:15:24,61.6,97.8,1,0.981,13.8,side
2024-01-16 05:15:26,62.7,97.3,1,0.978,13.8,side
2024-01-16 05:15:28,63.2,97.5,1,0.985,14.4,side
2024-01-16 05:15:30,59.7,97.9,0.983,1,13.5,side
2024-01-16 05:15:32,60.3,97.7,1,1,13,side
2024-01-16 05:15:34,61.3,97.4,1,0.989,14.6,side
2024-01-16 05:15:36,59.9,97.2,1,1,14.2,side
2024-01-16 05:15:38,62.7,97.3,0.95,1,13.8,side
2024-01-16 05:15:40,63.5,97.1,0.928,0.99,13.9,side
2024-01-16 05:15:42,60,97.6,1,0.971,14.1,side
2024-01-16 05:15:44,62.3,97.7,1,0.987,13.9,side
2024-01-16 05:15:46,62.4,97.1,1,0.993,13.9,side
2024-01-16 05:15:48,60.6,97.1,1,1,14.1,side
2024-01-16 05:15:50,61.6,97.5,0.993,1,14.3,side
2024-01-16 05:15:52,63.2,97.3,0.992,0.999,13.8,side
2024-01-16 05:15:54,61.3,97.5,0.997,1,14.5,side
2024-01-16 05:15:56,64.1,97.2,0.996,1,13.2,side
2024-01-16 05:15:58,62.8,97.2,1,0.995,14.4,side
2024-01-16 05:16:00,61.9,97.4,1,0.955,13.6,side
2024-01-16 05:16:02,62.4,97.4,1,1,15.2,side
2024-01-16 05:16:04,64,97.3,0.988,0.994,14.6,side
2024-01-16 05:16:06,59.4,97.6,0.963,1,14,side
2024-01-16 05:16:08,61.5,97,1,1,14.1,side
2024-01-16 05:16:10,64.1,97.6,0.997,1,14.2,side
2024-01-16 05:16:12,61.7,97.6,0.982,1,14.1,side
2024-01-16 05:16:14,60.1,97.6,0.991,1,13.5,side
2024-01-16 05:16:16,60.7,97.3,1,0.929,14.1,side
2024-01-16 05:16:18,62.1,97.5,0.994,1,13.5,side
2024-01-16 05:16:20,61,97.5,1,0.98,13.3,side
2024-01-16 05:16:22,63.4,97.9,0.969,0.96,13.9,side
2024-01-16 05:16:24,61.4,97.4,1,1,15.1,side
2024-01-16 05:16:26,61.3,98.2,1,1,13.2,side
2024-01-16 05:16:28,62.2,97.5,1,1,14.2,side
2024-01-16 05:16:30,61.8,97.7,1,1,14.2,side
2024-01-16 05:16:32,63.8,97.5,0.999,1,14.3,side
2024-01-16 05:16:34,64.3,97.5,0.993,0.958,13.5,side
2024-01-16 05:16:36,62.9,97.4,0.994,1,14,side
2024-01-16 05:16:38,62.4,97.5,1,1,15.2,side
2024-01-16 05:16:40,62.6,97.8,0.989,1,14.7,side
2024-01-16 05:16:42,59.1,97.6,0.981,0.998,14.2,side
2024-01-16 05:16:44,62.6,98,1,1,14,side
2024-01-16 05:16:46,62.5,97.5,0.994,1,14.8,side
2024-01-16 05:16:48,60.8,97.7,0.94,1,14,side
2024-01-16 05:16:50,62,97.2,0.972,1,14.2,side
2024-01-16 05:16:52,61.2,97.5,0.985,0.985,13.9,side
2024-01-16 05:16:54,58.5,97.5,0.999,0.984,14.1,side
2024-01-16 05:16:56,64.7,97.3,1,0.99,13.2,side
2024-01-16 05:16:58,60.6,98,1,1,13.5,side
2024-01-16 05:17:00,64.2,97.3,1,1,14.5,side
2024-01-16 05:17:02,60.2,97.3,0.985,1,13.6,side
2024-01-16 05:17:04,60.5,97.4,1,0.991,13.8,side
2024-01-16 05:17:06,61.5,97.8,1,0.961,13.5,side
2024-01-16 05:17:08,60.8,97.3,1,1,13.8,side
2024-01-16 05:17:10,62.3,97.1,0.957,1,13.8,side
2024-01-16 05:17:12,62.6,97.6,1,1,13.2,side
2024-01-16 05:17:14,63.1,97.7,0.958,0.927,13.9,side
2024-01-16 05:17:16,61.2,97.7,1,0.969,13.9,side
2024-01-16 05:17:18,60.7,97.9,0.967,0.98,14.3,side
2024-01-16 05:17:20,60.8,97.6,0.982,0.999,13.6,side
2024-01-16 05:17:22,61.7,97.4,0.979,1,14.4,side
2024-01-16 05:17:24,63.4,98,0.989,1,14,side
2024-01-16 05:17:26,59.4,97.3,1,1,14,side
2024-01-16 05:17:28,60.7,97.3,0.956,0.99,14.5,side
2024-01-16 05:17:30,63.9,97.6,0.926,0.979,14.7,side
2024-01-16 05:17:32,61.4,97.8,0.968,1,14,side
2024-01-16 05:17:34,60,97.4,1,0.954,13.5,side
2024-01-16 05:17:36,63.5,96.9,0.993,1,13.3,side
2024-01-16 05:17:38,62.4,97.5,0.986,1,12.6,side
2024-01-16 05:17:40,62.2,97.6,1,0.987,13.4,side
2024-01-16 05:17:42,63.3,97.9,0.922,1,14.4,side
2024-01-16 05:17:44,60,97.4,0.951,1,13.8,side
2024-01-16 05:17:46,59.3,97.7,0.99,0.977,13.6,side
2024-01-16 05:17:48,62.8,97.5,1,0.998,14.1,side
2024-01-16 05:17:50,61.9,97.3,1,1,13.2,side
2024-01-16 05:17:52,57.7,97.7,0.991,0.977,13.8,side
2024-01-16 05:17:54,61.1,97.3,0.95,1,13.8,side
2024-01-16 05:17:56,62.1,97.2,0.985,0.999,14.4,side
2024-01-16 05:17:58,60.5,97.5,0.99,0.985,14,side
2024-01-16 05:18:00,60.6,97.3,0.989,1,13.6,side
2024-01-16 05:18:02,61.1,97.6,1,0.961,13.8,side
2024-01-16 05:18:04,61.1,97.6,0.989,1,14,side
2024-01-16 05:18:06,63,97.5,1,1,14.7,side
2024-01-16 05:18:08,60,97.2,1,1,13.9,side
2024-01-16 05:18:10,62.4,96.9,1,1,13.9,side
2024-01-16 05:18:12,62.9,97,0.983,1,14.2,side
2024-01-16 05:18:14,62,98,0.989,0.966,14.9,side
2024-01-16 05:18:16,60.1,97.6,1,0.977,14.1,side
2024-01-16 05:18:18,63.5,97.3,1,0.96,13.8,side
2024-01-16 05:18:20,63.1,97.5,1,1,13.8,side
2024-01-16 05:18:22,64.1,97.6,0.989,1,14.5,side
2024-01-16 05:18:24,64,98,0.996,0.973,13.5,side
2024-01-16 05:18:26,60.2,97.2,0.977,1,13.1,side
2024-01-16 05:18:28,61.9,98.1,0.943,0.997,13.7,side
2024-01-16 05:18:30,59.2,97.2,0.993,1,13,side
2024-01-16 05:18:32,63.1,97.3,0.941,1,13.1,side
2024-01-16 05:18:34,61.7,97.3,0.974,1,14.1,side
2024-01-16 05:18:36,63.4,97.3,1,1,14.6,side
2024-01-16 05:18:38,60.9,97.4,0.927,1,14.2,side
2024-01-16 05:18:40,62.7,97.6,0.994,0.99,14.8,side
2024-01-16 05:18:42,63.3,97.3,0.966,1,14.8,side
2024-01-16 05:18:44,61.2,97.7,0.997,1,14.2,side
2024-01-16 05:18:46,63.1,97.8,1,0.967,13.7,side
2024-01-16 05:18:48,62.6,97.5,1,1,13.7,side
2024-01-16 05:18:50,64.1,97.8,0.956,0.986,14.3,side
2024-01-16 05:18:52,63.2,97.3,1,0.954,14.8,side
2024-01-16 05:18:54,61.7,97.6,0.969,1,14.4,side
2024-01-16 05:18:56,61,97.5,1,0.934,13.9,side
2024-01-16 05:18:58,62,97.6,0.932,0.966,14.2,side
2024-01-16 05:19:00,61.4,97.1,1,1,13.8,side
2024-01-16 05:19:02,63.3,97.5,1,1,14.5,side
2024-01-16 05:19:04,61.2,97.6,1,0.969,14,side
2024-01-16 05:19:06,63.3,97.2,1,0.956,14.4,side
2024-01-16 05:19:08,62.8,97.4,1,0.91,14,side
2024-01-16 05:19:10,61.5,97.5,0.982,1,14.1,side
2024-01-16 05:19:12,61.7,97.9,0.989,0.99,14.7,side
2024-01-16 05:19:14,63.1,97.3,0.977,1,13.8,side
2024-01-16 05:19:16,59.2,97.5,1,1,14.3,side
2024-01-16 05:19:18,60.4,97.1,1,1,13.9,side
2024-01-16 05:19:20,63.5,97,0.995,0.984,13.9,side
2024-01-16 05:19:22,60.8,97.9,0.994,0.995,13.1,side
2024-01-16 05:19:24,59.5,97.8,1,1,14.8,side
2024-01-16 05:19:26,61.3,97.4,1,1,14.4,side
2024-01-16 05:19:28,60.7,97.9,1,0.942,13.7,side
2024-01-16 05:19:30,64.3,97,0.969,0.989,13.3,side
2024-01-16 05:19:32,62.9,97.3,1,0.965,13.9,side
2024-01-16 05:19:34,62.4,97.6,1,0.987,13.7,side
2024-01-16 05:19:36,60.5,97.2,1,1,14.2,side
2024-01-16 05:19:38,63,97.9,0.995,1,13.8,side
2024-01-16 05:19:40,64.9,97.8,0.968,1,14.5,side
2024-01-16 05:19:42,63.7,97.6,1,0.99,14.3,side
2024-01-16 05:19:44,64.3,97.4,0.987,1,13.4,side
2024-01-16 05:19:46,61.6,98.2,1,1,14.5,side
2024-01-16 05:19:48,61.8,96.9,0.925,1,14.6,side
2024-01-16 05:19:50,64.4,97.6,0.998,1,13.6,side
2024-01-16 05:19:52,60.4,97.4,0.982,0.955,14.8,side
2024-01-16 05:19:54,62.8,97.7,0.993,0.99,14.4,side
2024-01-16 05:19:56,63.3,97.3,1,1,13,side
2024-01-16 05:19:58,63,97.4,1,1,14,side
2024-01-16 05:20:00,62,97.5,0.338,0.656,6.9,side
2024-01-16 05:20:02,59.6,97.7,0.302,0.626,7.3,side
2024-01-16 05:20:04,65.3,97.6,0.139,0.564,6.2,side
2024-01-16 05:20:06,61.7,97.8,0.161,0.635,7.1,side
2024-01-16 05:20:08,61.4,97.5,0.647,0.699,6.4,side
2024-01-16 05:20:10,63.5,97.3,0.575,0.765,8.6,side
2024-01-16 05:20:12,60.9,97.4,0.498,0.695,7.5,side
2024-01-16 05:20:14,60.6,96.4,0.519,0.8,7,side
2024-01-16 05:20:16,62.2,96.1,0.991,1,13.5,side
2024-01-16 05:20:18,65.2,96.1,0.932,0.98,14.5,side
2024-01-16 05:20:20,64.1,95.6,1,0.967,13.6,side
2024-01-16 05:20:22,63.2,95.6,1,0.919,14.1,side
2024-01-16 05:20:24,58.7,96.1,0.975,0.979,14.3,side
2024-01-16 05:20:26,61.6,95.2,1,0.99,13.6,side
2024-01-16 05:20:28,62.7,97.5,0.978,1,15.1,side
2024-01-16 05:20:30,58,97.5,0.958,1,14.1,side
2024-01-16 05:20:32,60.1,97.6,1,1,13.7,side
2024-01-16 05:20:34,61.5,98,1,0.991,14.9,side
2024-01-16 05:20:36,63,97.3,0.97,1,13.3,side
2024-01-16 05:20:38,66,97.9,0.996,1,13.8,side
2024-01-16 05:20:40,59.3,97.6,0.991,0.969,13.3,side
2024-01-16 05:20:42,64.4,97,0.968,1,13.9,side
2024-01-16 05:20:44,64.4,97.6,0.983,1,14.3,side
2024-01-16 05:20:46,61.1,97.8,1,0.956,13.8,side
2024-01-16 05:20:48,61.5,97.3,0.969,0.989,14.5,side
2024-01-16 05:20:50,63.5,97.3,0.971,0.988,13.2,side
2024-01-16 05:20:52,62.8,97.2,0.984,1,14.2,side
2024-01-16 05:20:54,63.2,97.2,0.981,0.986,13.9,side
2024-01-16 05:20:56,62.3,97.3,1,0.986,13.8,side
2024-01-16 05:20:58,62.3,97.1,0.995,0.991,14.5,side
2024-01-16 05:21:00,62.6,97.3,0.97,0.993,13.3,side
2024-01-16 05:21:02,63.7,97.6,0.944,1,13.7,side
2024-01-16 05:21:04,62.2,97.4,0.965,1,13.9,side
2024-01-16 05:21:06,63.2,97.5,0.967,0.94,14.4,side
2024-01-16 05:21:08,60.9,98,0.991,1,13.4,side
2024-01-16 05:21:10,62.9,97.1,1,0.945,14.1,side
2024-01-16 05:21:12,62.7,97.6,1,1,14.2,side
2024-01-16 05:21:14,63.5,97.4,1,1,13.3,side
2024-01-16 05:21:16,63.1,97.6,0.997,1,14.1,side
2024-01-16 05:21:18,60.4,97.3,0.976,0.966,13.9,side
2024-01-16 05:21:20,64.9,97.4,0.986,1,14,side
2024-01-16 05:21:22,65.2,97.1,1,1,14.3,side
2024-01-16 05:21:24,61.6,97.6,0.984,0.99,14.1,side
2024-01-16 05:21:26,61.9,97.6,0.945,0.977,13.7,side
2024-01-16 05:21:28,60.3,97.4,1,0.992,13.2,side
2024-01-16 05:21:30,63.6,97.4,1,1,13.7,side
2024-01-16 05:21:32,61.3,97.6,0.987,1,14.3,side
2024-01-16 05:21:34,60.8,97.3,1,1,14.6,side
2024-01-16 05:21:36,63.2,97.4,1,0.982,13.9,side
2024-01-16 05:21:38,60.6,97,0.965,1,14.2,side
2024-01-16 05:21:40,62.6,98,0.958,1,14.1,side
2024-01-16 05:21:42,60.7,98,1,0.98,14.1,side
2024-01-16 05:21:44,60.7,97.3,1,0.965,14.8,side
2024-01-16 05:21:46,65.2,97.9,0.981,0.936,15.5,side
2024-01-16 05:21:48,65.4,97.9,0.976,0.991,14.5,side
2024-01-16 05:21:50,59.9,97.8,1,0.987,14.1,side
2024-01-16 05:21:52,63.3,97.4,1,1,13.8,side
2024-01-16 05:21:54,63,97.9,1,0.999,14.5,side
2024-01-16 05:21:56,62.6,97.2,0.994,0.995,14.5,side
2024-01-16 05:21:58,61.7,97.6,1,0.977,13.3,side
2024-01-16 05:22:00,60.2,97.3,1,0.99,14.1,side
2024-01-16 05:22:02,61.4,97.3,0.988,1,13.5,side
2024-01-16 05:22:04,61.2,97.4,0.974,0.982,13.8,side
2024-01-16 05:22:06,63.1,97.8,0.993,1,13.7,side
2024-01-16 05:22:08,61.2,97.6,1,0.993,14.3,side
2024-01-16 05:22:10,61.3,97.7,1,1,14.3,side
2024-01-16 05:22:12,63.5,97.5,0.971,1,13.8,side
2024-01-16 05:22:14,60.2,97,1,1,13.7,side
2024-01-16 05:22:16,60,97.1,0.939,1,13.5,side
2024-01-16 05:22:18,61.6,97.6,1,0.985,14,side
2024-01-16 05:22:20,62.8,97.7,0.974,1,13.7,side
2024-01-16 05:22:22,63.8,97.5,1,1,13.3,side
2024-01-16 05:22:24,63.1,97.8,0.973,1,14.1,side
2024-01-16 05:22:26,61.8,97.9,1,1,13.4,side
2024-01-16 05:22:28,59.6,97.4,0.99,1,13.4,side
2024-01-16 05:22:30,61.8,97.6,1,1,14,side
2024-01-16 05:22:32,63.1,97.5,1,0.972,14.8,side
2024-01-16 05:22:34,61.4,97.4,0.986,1,13.4,side
2024-01-16 05:22:36,61.3,97.3,1,1,13.6,side
2024-01-16 05:22:38,61.4,97.4,0.978,1,14.9,side
2024-01-16 05:22:40,63.1,97.4,0.956,1,14.2,side
2024-01-16 05:22:42,61.6,97.4,1,1,13.1,side
2024-01-16 05:22:44,62,96.9,0.991,0.996,13.4,side
2024-01-16 05:22:46,61.9,97.8,0.928,0.958,14.6,side
2024-01-16 05:22:48,62.9,97.9,0.965,0.992,14,side
2024-01-16 05:22:50,62.3,97.5,1,0.968,14.2,side
2024-01-16 05:22:52,62,97,0.986,1,14.6,side
2024-01-16 05:22:54,64.1,97.1,1,0.999,14.7,side
2024-01-16 05:22:56,60.9,97.2,1,0.998,14.5,side
2024-01-16 05:22:58,63.9,98,1,1,15.1,side
2024-01-16 05:23:00,61.4,97.4,1,1,14.7,side
2024-01-16 05:23:02,60.7,97.1,0.963,0.975,14.5,side
2024-01-16 05:23:04,62.6,98,1,0.981,14.2,side
2024-01-16 05:23:06,62.9,97.6,0.981,0.999,12.8,side
2024-01-16 05:23:08,60.7,97.7,1,1,14.9,side
2024-01-16 05:23:10,62.7,97.3,0.999,0.991,14.4,side
2024-01-16 05:23:12,61.3,97.3,1,1,13.9,side
2024-01-16 05:23:14,64.4,97.9,1,1,13.8,side
2024-01-16 05:23:16,62.5,97.5,1,1,13.4,side
2024-01-16 05:23:18,61.9,97.2,0.999,0.963,14,side
2024-01-16 05:23:20,65.3,97.3,0.982,1,13,side
2024-01-16 05:23:22,61.6,97.5,0.971,0.958,14,side
2024-01-16 05:23:24,63.3,98,1,0.985,14.7,side
2024-01-16 05:23:26,62,97.3,0.977,1,14.1,side
2024-01-16 05:23:28,62.6,97.5,0.973,0.945,14.5,side
2024-01-16 05:23:30,61.9,97.2,1,1,13.9,side
2024-01-16 05:23:32,63.1,97.5,0.99,0.99,14.1,side
2024-01-16 05:23:34,60.7,97.3,0.983,1,13.2,side
2024-01-16 05:23:36,62,97.5,0.953,1,14,side
2024-01-16 05:23:38,63.8,97.6,1,1,13.8,side
2024-01-16 05:23:40,61.2,97.3,0.995,1,13.5,side
2024-01-16 05:23:42,64.1,97.6,1,1,13.5,side
2024-01-16 05:23:44,61.3,97.6,0.989,0.977,13,side
2024-01-16 05:23:46,60.2,97.4,0.987,0.961,14,side
2024-01-16 05:23:48,60.3,97.3,1,0.942,13.9,side
2024-01-16 05:23:50,65.1,97.4,1,0.987,14.1,side
2024-01-16 05:23:52,60.6,97.5,1,0.995,13.4,side
2024-01-16 05:23:54,60.2,97.3,1,1,13.5,side
2024-01-16 05:23:56,64.1,97.8,1,1,13.9,side
2024-01-16 05:23:58,60.7,97.5,1,0.969,14.4,side
2024-01-16 05:24:00,61.6,97.8,0.971,1,13.2,side
2024-01-16 05:24:02,63.6,97.5,1,0.971,13.2,side
2024-01-16 05:24:04,63.5,97.1,1,0.967,14.2,side
2024-01-16 05:24:06,61.2,97.3,1,1,14.3,side
2024-01-16 05:24:08,62.2,97.8,0.995,1,14.2,side
2024-01-16 05:24:10,63.5,97.7,1,1,14.1,side
2024-01-16 05:24:12,62.8,97.3,0.983,1,14.3,side
2024-01-16 05:24:14,61.2,97.6,1,0.999,14.9,side
2024-01-16 05:24:16,63.6,97.3,0.992,0.96,13.7,side
2024-01-16 05:24:18,61.4,97.7,0.954,0.993,13.5,side
2024-01-16 05:24:20,61.9,97.4,1,1,14.3,side
2024-01-16 05:24:22,59.3,97.8,1,0.948,14.2,side
2024-01-16 05:24:24,64.5,97.6,0.965,1,14.4,side
2024-01-16 05:24:26,62.3,97.8,1,1,13.5,side
2024-01-16 05:24:28,61.9,97.6,1,1,13.7,side
2024-01-16 05:24:30,62.8,97.8,0.981,1,14.4,side
2024-01-16 05:24:32,60.2,97.6,1,0.991,13.8,side
2024-01-16 05:24:34,58.3,97.7,0.949,0.967,14.2,side
2024-01-16 05:24:36,59.9,97.6,0.975,0.986,14.7,side
2024-01-16 05:24:38,60.2,97.3,0.966,0.973,13.5,side
2024-01-16 05:24:40,62.9,97.9,0.983,0.97,13.4,side
2024-01-16 05:24:42,59.7,97.3,1,0.992,13.3,side
2024-01-16 05:24:44,62.2,97.3,0.955,0.951,13.9,side
2024-01-16 05:24:46,63.1,97.2,0.98,0.97,14.5,side
2024-01-16 05:24:48,63.1,97.9,1,0.955,13.8,side
2024-01-16 05:24:50,61.1,97.5,1,0.972,14.4,side
2024-01-16 05:24:52,64.2,97.5,0.94,1,13.1,side
2024-01-16 05:24:54,57.8,97.6,1,1,13.8,side
2024-01-16 05:24:56,62,97.1,1,0.994,14.1,side
2024-01-16 05:24:58,62.5,97.4,0.98,0.992,14.2,side
2024-01-16 05:25:00,63.3,97.6,0.989,0.978,13.8,side
2024-01-16 05:25:02,63.9,97.8,0.947,0.991,13.5,side
2024-01-16 05:25:04,60.6,97.8,0.999,1,14.7,side
2024-01-16 05:25:06,62.6,97.2,0.977,1,13.7,side
2024-01-16 05:25:08,61.3,97.5,1,1,14.1,side
2024-01-16 05:25:10,63.1,97.5,1,0.968,13.6,side
2024-01-16 05:25:12,62.3,97.5,1,1,13.4,side
2024-01-16 05:25:14,62.1,97.2,1,0.973,14.1,side
2024-01-16 05:25:16,61.8,97.8,0.967,1,13.8,side
2024-01-16 05:25:18,60.6,97.2,1,0.995,13.7,side
2024-01-16 05:25:20,59.9,97.7,0.998,0.966,13.8,side
2024-01-16 05:25:22,61.8,97.1,0.993,1,14.2,side
2024-01-16 05:25:24,63.2,97.2,0.966,1,13.3,side
2024-01-16 05:25:26,63,97.8,1,1,13.2,side
2024-01-16 05:25:28,61.4,97.4,0.986,0.981,13.7,side
2024-01-16 05:25:30,65.3,97.5,0.943,0.993,13.9,side
2024-01-16 05:25:32,59,97.5,1,1,14.5,side
2024-01-16 05:25:34,61.7,97.4,1,1,14.4,side
2024-01-16 05:25:36,62.8,97.8,1,1,14.8,side
2024-01-16 05:25:38,62,97.3,0.952,1,13.4,side
2024-01-16 05:25:40,63.8,97.8,1,1,14.9,side
2024-01-16 05:25:42,59.6,97.5,0.967,1,14.8,side
2024-01-16 05:25:44,62.7,97.6,0.953,0.997,13.8,side
2024-01-16 05:25:46,62.1,96.9,1,0.991,14.2,side
2024-01-16 05:25:48,60.2,97.8,0.983,0.997,13.9,side
2024-01-16 05:25:50,59.7,97.7,1,0.986,14,side
2024-01-16 05:25:52,60.6,97.5,1,1,14.5,side
2024-01-16 05:25:54,61.3,97.7,0.972,1,13.2,side
2024-01-16 05:25:56,62.7,97.9,0.958,0.99,13.7,side
2024-01-16 05:25:58,63,97.3,0.965,1,14.4,side
2024-01-16 05:26:00,62.4,97.9,1,1,13.7,side
2024-01-16 05:26:02,64.5,97.4,1,0.987,14.1,side
2024-01-16 05:26:04,63.6,97.4,1,0.974,13.9,side
2024-01-16 05:26:06,62.8,97.1,0.991,0.954,14.9,side
2024-01-16 05:26:08,62.9,97.5,1,0.978,13.7,side
2024-01-16 05:26:10,63.9,97.2,1,0.986,14,side
2024-01-16 05:26:12,62.8,97.2,1,0.973,14.5,side
2024-01-16 05:26:14,61.9,97.8,0.985,1,13.7,side
2024-01-16 05:26:16,62.4,97.4,1,0.998,14,side
2024-01-16 05:26:18,61.6,97.7,0.941,0.995,14.7,side
2024-01-16 05:26:20,61.4,96.7,1,1,14,side
2024-01-16 05:26:22,59.7,97.3,0.982,0.971,13.6,side
2024-01-16 05:26:24,63,97.8,1,1,15.2,side
2024-01-16 05:26:26,63.9,97.1,0.957,0.973,13.7,side
2024-01-16 05:26:28,61.6,97.5,1,1,14.2,side
2024-01-16 05:26:30,63.9,97.8,0.984,0.997,13.6,side
2024-01-16 05:26:32,63.1,97.7,1,1,13.7,side
2024-01-16 05:26:34,60.8,97.8,0.97,0.969,13.7,side
2024-01-16 05:26:36,63.5,97.1,0.988,0.953,14.7,side
2024-01-16 05:26:38,61.8,97,1,1,12.7,side
2024-01-16 05:26:40,60.9,98,1,1,14.5,side
2024-01-16 05:26:42,62.6,97.1,1,1,13.7,side
2024-01-16 05:26:44,62,97.8,1,1,13.8,side
2024-01-16 05:26:46,64.1,97.6,1,1,13.7,side
2024-01-16 05:26:48,61.5,97.6,0.979,1,14,side
2024-01-16 05:26:50,62.2,97.1,1,0.994,13.5,side
2024-01-16 05:26:52,65,97.7,1,0.973,13.7,side
2024-01-16 05:26:54,63.3,97.6,0.997,1,13.8,side
2024-01-16 05:26:56,63,97.1,0.934,0.986,15.6,side
2024-01-16 05:26:58,62.4,97.4,0.959,0.969,14.1,side
2024-01-16 05:27:00,63.6,97.5,0.994,1,15,side
2024-01-16 05:27:02,61.8,97.4,1,1,14.2,side
2024-01-16 05:27:04,60.8,97.7,0.966,1,15.4,side
2024-01-16 05:27:06,59.4,97.8,0.977,0.958,14.1,side
2024-01-16 05:27:08,60.4,97.2,0.996,1,14.1,side
2024-01-16 05:27:10,64.7,97.9,1,1,13.8,side
2024-01-16 05:27:12,60.9,97.3,1,0.977,13.6,side
2024-01-16 05:27:14,64.8,97.7,0.968,0.938,13.8,side
2024-01-16 05:27:16,60.6,97.1,0.999,0.997,14.1,side
2024-01-16 05:27:18,63.4,96.9,1,0.979,13.5,side
2024-01-16 05:27:20,60.4,97.8,1,1,13.9,side
2024-01-16 05:27:22,60.9,97.7,0.944,0.984,13.3,side
2024-01-16 05:27:24,60.1,97.7,1,1,13.9,side
2024-01-16 05:27:26,61.8,97.2,0.984,1,14.2,side
2024-01-16 05:27:28,62.6,97.4,1,1,13.6,side
2024-01-16 05:27:30,60.7,97.3,0.948,0.98,14.3,side
2024-01-16 05:27:32,64,97.1,0.977,0.947,14.6,side
2024-01-16 05:27:34,62.8,97.4,1,0.974,14.1,side
2024-01-16 05:27:36,63.2,97.8,0.997,1,13.8,side
2024-01-16 05:27:38,60.8,96.9,1,1,15.1,side
2024-01-16 05:27:40,64.9,97.8,1,1,13.7,side
2024-01-16 05:27:42,62.7,98,0.958,0.943,13,side
2024-01-16 05:27:44,60,97.6,0.979,1,13.8,side
2024-01-16 05:27:46,62.7,97.2,1,0.979,13.7,side
2024-01-16 05:27:48,59.4,97.6,0.958,0.994,13.6,side
2024-01-16 05:27:50,61.5,97.6,0.984,1,13,side
2024-01-16 05:27:52,60.6,97.4,1,0.996,13.6,side
2024-01-16 05:27:54,60.1,97.2,0.986,1,12.9,side
2024-01-16 05:27:56,61.4,97.7,0.961,1,14.3,side
2024-01-16 05:27:58,64.5,97.6,0.997,1,14.4,side
2024-01-16 05:28:00,58.6,97.6,0.96,0.97,13.7,side
2024-01-16 05:28:02,63.8,97.2,0.96,1,14,side
2024-01-16 05:28:04,64.3,97.6,0.998,0.989,14.3,side
2024-01-16 05:28:06,59.2,97.6,0.994,1,14.2,side
2024-01-16 05:28:08,62.4,97.7,0.966,1,13.8,side
2024-01-16 05:28:10,64.7,97.1,0.931,1,15.1,side
2024-01-16 05:28:12,62.7,97.4,1,1,13.7,side
2024-01-16 05:28:14,61.7,97.7,1,1,13.4,side
2024-01-16 05:28:16,62.1,97.6,1,1,14,side
2024-01-16 05:28:18,60.2,97.5,1,1,14.6,side
2024-01-16 05:28:20,63.5,98,1,1,14.6,side
2024-01-16 05:28:22,64,96.7,0.933,0.988,14.7,side
2024-01-16 05:28:24,60.8,97.9,0.993,0.996,14.6,side
2024-01-16 05:28:26,61.9,97.3,0.996,1,13.9,side
2024-01-16 05:28:28,60.7,97.4,1,1,15,side
2024-01-16 05:28:30,61.6,97.3,1,1,14.5,side
2024-01-16 05:28:32,60.6,97.7,1,0.987,14,side
2024-01-16 05:28:34,62.3,97.7,0.964,1,13.9,side
2024-01-16 05:28:36,62.5,97.8,1,1,13.9,side
2024-01-16 05:28:38,62.7,97.8,1,1,13.2,side
2024-01-16 05:28:40,63.9,97.7,0.985,0.99,14.1,side
2024-01-16 05:28:42,63.1,97.5,1,1,13.7,side
2024-01-16 05:28:44,60.3,97.7,1,0.97,14.6,side
2024-01-16 05:28:46,59.9,97.9,0.984,0.98,14.5,side
2024-01-16 05:28:48,64.9,97.4,1,1,15.1,side
2024-01-16 05:28:50,65.1,97.6,0.974,1,13.8,side
2024-01-16 05:28:52,62.2,97.5,0.997,0.954,13.3,side
2024-01-16 05:28:54,62,97.8,1,1,14,side
2024-01-16 05:28:56,60.7,97.7,0.984,0.987,14,side
2024-01-16 05:28:58,60.4,97.7,0.952,0.995,14.4,side
2024-01-16 05:29:00,62.6,97.6,1,1,14.4,side
2024-01-16 05:29:02,63.4,97.1,1,0.968,14.1,side
2024-01-16 05:29:04,61.1,97.3,1,0.964,14.1,side
2024-01-16 05:29:06,60.8,97,1,1,13.6,side
2024-01-16 05:29:08,61.1,97.5,0.999,1,14.4,side
2024-01-16 05:29:10,64.7,97.4,1,0.98,14,side
2024-01-16 05:29:12,63.9,97.6,1,0.946,13.8,side
2024-01-16 05:29:14,64.4,97.2,0.981,1,14.1,side
2024-01-16 05:29:16,64.1,97.5,0.947,1,13.5,side
2024-01-16 05:29:18,60,97.6,1,0.973,13.6,side
2024-01-16 05:29:20,62.5,97.6,0.984,0.95,13.7,side
2024-01-16 05:29:22,62.9,97.4,0.953,0.972,13.4,side
2024-01-16 05:29:24,63.7,96.9,0.953,1,14.1,side
2024-01-16 05:29:26,62.2,97.7,1,0.992,13.6,side
2024-01-16 05:29:28,59.2,97.3,0.968,1,14.5,side
2024-01-16 05:29:30,64,96.9,1,1,14.8,side
2024-01-16 05:29:32,63,97.4,1,1,13.6,side
2024-01-16 05:29:34,62.4,97.8,0.972,1,14.3,side
2024-01-16 05:29:36,62.8,97.9,1,1,13.8,side
2024-01-16 05:29:38,62.8,97.7,0.976,0.994,14.3,side
2024-01-16 05:29:40,60.9,97.9,0.959,0.988,13.9,side
2024-01-16 05:29:42,63.2,97.1,0.96,0.969,13.5,side
2024-01-16 05:29:44,63.7,97.3,1,1,14.5,side
2024-01-16 05:29:46,60.8,97.2,1,1,13.1,side
2024-01-16 05:29:48,63,97.6,1,1,14,side
2024-01-16 05:29:50,64.4,98.1,1,0.992,13.7,side
2024-01-16 05:29:52,61.1,97,1,1,14.5,side
2024-01-16 05:29:54,60.9,97.5,1,0.979,13.7,side
2024-01-16 05:29:56,62.5,97.6,1,1,13.8,side
2024-01-16 05:29:58,64.3,97.2,1,1,14,side
2024-01-16 05:30:00,59.5,97.5,0.044,0.697,0,side
2024-01-16 05:30:02,59.6,97.3,0.03,0.784,0,side
2024-01-16 05:30:04,57.5,97.7,0.05,0.787,0,side
2024-01-16 05:30:06,59.8,97.5,0.04,0.74,0,side
2024-01-16 05:30:08,58.7,97.8,0.066,0.638,0,side
2024-01-16 05:30:10,60.1,96.9,0.061,0.641,0,side
2024-01-16 05:30:12,65.7,96.7,1,0.976,14.8,side
2024-01-16 05:30:14,67.1,96.9,1,1,14.1,side
2024-01-16 05:30:16,67.1,96,1,0.962,14.4,side
2024-01-16 05:30:18,66.5,96.3,0.985,0.987,13.3,side
2024-01-16 05:30:20,70,96.3,1,1,14.1,side
2024-01-16 05:30:22,60.9,95.9,0.979,0.949,13.7,side
2024-01-16 05:30:24,62.5,96,1,1,14.3,side
2024-01-16 05:30:26,64.7,95.3,0.975,0.974,13.5,side
2024-01-16 05:30:28,62.4,97.5,1,1,13.2,side
2024-01-16 05:30:30,63.8,97.5,1,1,14.4,side
2024-01-16 05:30:32,62.8,97.5,0.998,1,13.6,side
2024-01-16 05:30:34,61.3,97.4,1,1,13.7,side
2024-01-16 05:30:36,62.4,97.4,1,0.916,14.6,side
2024-01-16 05:30:38,64.8,97.5,0.995,1,13.9,side
2024-01-16 05:30:40,63.7,97.2,1,1,13.8,side
2024-01-16 05:30:42,63.4,97.6,1,0.977,13.4,side
2024-01-16 05:30:44,65.2,97.4,1,1,13.2,side
2024-01-16 05:30:46,61,97.3,1,0.995,14.6,side
2024-01-16 05:30:48,62.5,97.3,0.997,1,14.1,side
2024-01-16 05:30:50,62.7,97.9,1,1,14.5,side
2024-01-16 05:30:52,61.8,97.3,0.979,1,12.5,side
2024-01-16 05:30:54,61.1,97.6,1,0.994,14.3,side
2024-01-16 05:30:56,62.3,97.8,1,1,13.5,side
2024-01-16 05:30:58,62.1,97.5,1,0.987,14.5,side
2024-01-16 05:31:00,60.7,97.2,1,0.996,13.9,side
2024-01-16 05:31:02,63.7,97.3,0.995,0.997,14.3,side
2024-01-16 05:31:04,61.9,97.3,0.944,1,13,side
2024-01-16 05:31:06,61.9,97.9,1,1,13.4,side
2024-01-16 05:31:08,63.5,97.2,0.963,0.997,14.1,side
2024-01-16 05:31:10,63.4,97.8,0.93,1,14.4,side
2024-01-16 05:31:12,60.3,97.9,1,0.983,13.8,side
2024-01-16 05:31:14,61.2,97.5,0.978,0.996,13.9,side
2024-01-16 05:31:16,62.2,97.9,1,0.985,14.1,side
2024-01-16 05:31:18,61.2,97.4,1,0.961,14.1,side
2024-01-16 05:31:20,61.9,97.7,1,0.967,14.1,side
2024-01-16 05:31:22,63.8,97.6,1,1,14,side
2024-01-16 05:31:24,62.5,97.4,1,0.974,13.9,side
2024-01-16 05:31:26,64.6,97.9,1,1,13.6,side
2024-01-16 05:31:28,60.9,97.6,1,0.998,13.7,side
2024-01-16 05:31:30,61.9,96.9,0.988,0.937,14.4,side
2024-01-16 05:31:32,62.7,97.8,0.974,0.985,13.7,side
2024-01-16 05:31:34,63.7,97.6,1,1,14.3,side
2024-01-16 05:31:36,59.7,97.5,1,0.988,13.3,side
2024-01-16 05:31:38,62.6,98,0.964,0.966,14.2,side
2024-01-16 05:31:40,62,97.1,1,1,13.4,side
2024-01-16 05:31:42,61.8,97,0.983,1,14.4,side
2024-01-16 05:31:44,63.6,97.8,1,1,14.2,side
2024-01-16 05:31:46,61.6,97.4,0.996,0.985,13.2,side
2024-01-16 05:31:48,61.6,98,0.921,0.974,14.6,side
2024-01-16 05:31:50,61.7,97.8,0.983,1,14.6,side
2024-01-16 05:31:52,62.1,97.7,1,0.994,14.3,side
2024-01-16 05:31:54,61.8,97.5,0.946,1,13.6,side
2024-01-16 05:31:56,63.8,97.2,1,0.956,13.9,side
2024-01-16 05:31:58,62,97.7,1,1,13.7,side
2024-01-16 05:32:00,63.3,97.4,0.984,0.948,14.6,side
2024-01-16 05:32:02,59.9,98,1,1,12.9,side
2024-01-16 05:32:04,62.6,97.6,1,1,13.3,side
2024-01-16 05:32:06,64,97.1,0.994,1,13.3,side
2024-01-16 05:32:08,61.3,97.2,1,1,14.6,side
2024-01-16 05:32:10,60,97,0.974,1,14.2,side
2024-01-16 05:32:12,62.5,97.7,0.966,0.99,15,side
2024-01-16 05:32:14,60.6,97.6,0.956,0.994,14.1,side
2024-01-16 05:32:16,59.3,97.4,1,1,13.5,side
2024-01-16 05:32:18,60.9,97.6,0.977,1,14.5,side
2024-01-16 05:32:20,62.6,97.6,1,1,13.9,side
2024-01-16 05:32:22,61,97.2,1,1,14,side
2024-01-16 05:32:24,59.9,97.3,1,1,13.1,side
2024-01-16 05:32:26,61,97.3,1,0.999,13.5,side
2024-01-16 05:32:28,62.6,97.5,1,1,14.6,side
2024-01-16 05:32:30,61.3,97.7,1,1,13.6,side
2024-01-16 05:32:32,59.4,97.5,0.983,0.969,14.8,side
2024-01-16 05:32:34,61.7,97.4,1,1,13.7,side
2024-01-16 05:32:36,61,97.8,1,1,14,side
2024-01-16 05:32:38,61.7,97.6,1,0.977,13.4,side
2024-01-16 05:32:40,60.1,97.4,1,1,13.7,side
2024-01-16 05:32:42,61.6,97.3,0.973,1,14,side
2024-01-16 05:32:44,61.7,97.7,1,1,14.1,side
2024-01-16 05:32:46,61.2,97.5,0.985,1,13.2,side
2024-01-16 05:32:48,60.7,97.4,0.997,1,13.2,side
2024-01-16 05:32:50,60.8,97,0.954,0.995,13.9,side
2024-01-16 05:32:52,60.9,97.3,0.964,0.981,14.7,side
2024-01-16 05:32:54,62,97.6,1,0.977,14,side
2024-01-16 05:32:56,61.3,97.6,0.977,0.985,14,side
2024-01-16 05:32:58,60.9,97.6,0.963,0.982,13.5,side
2024-01-16 05:33:00,65.1,97.7,0.998,1,14.2,side
2024-01-16 05:33:02,62.6,97.1,1,0.964,13.6,side
2024-01-16 05:33:04,63,97.7,1,1,14,side
2024-01-16 05:33:06,62.3,97.5,1,0.975,13.6,side
2024-01-16 05:33:08,61.3,97.4,1,1,14.4,side
2024-01-16 05:33:10,61.9,97,0.978,0.986,13.4,side
2024-01-16 05:33:12,61.1,97.6,1,0.996,13.7,side
2024-01-16 05:33:14,62.1,97.7,0.978,0.964,14.1,side
2024-01-16 05:33:16,64.2,97.9,0.975,0.998,14.7,side
2024-01-16 05:33:18,62.3,97.7,1,0.972,14.3,side
2024-01-16 05:33:20,60.8,97.4,0.985,1,14.1,side
2024-01-16 05:33:22,63.3,97.3,1,0.987,13.4,side
2024-01-16 05:33:24,64.8,97,1,0.936,15,side
2024-01-16 05:33:26,60.9,97,1,1,14,side
2024-01-16 05:33:28,61.5,97.3,0.979,0.977,14.4,side
2024-01-16 05:33:30,61.3,97.6,0.996,1,13,side
2024-01-16 05:33:32,60.8,97.9,1,0.997,15.2,side
2024-01-16 05:33:34,60.7,96.8,0.986,0.988,13.9,side
2024-01-16 05:33:36,63.3,96.9,1,0.996,14,side
2024-01-16 05:33:38,60,97.6,1,0.999,14.5,side
2024-01-16 05:33:40,61.3,97.6,1,1,14.2,side
2024-01-16 05:33:42,59.5,97,0.935,1,14,side
2024-01-16 05:33:44,59,97.6,1,0.971,14,side
2024-01-16 05:33:46,62.4,97.3,0.988,1,13.9,side
2024-01-16 05:33:48,60.9,97.1,0.963,0.979,13.9,side
2024-01-16 05:33:50,62.6,97.6,1,1,13.3,side
2024-01-16 05:33:52,63,97.4,1,0.984,13.4,side
2024-01-16 05:33:54,62.8,97.6,1,1,13.6,side
2024-01-16 05:33:56,62.3,97.3,1,0.961,13.7,side
2024-01-16 05:33:58,61.4,97.5,0.992,1,14.2,side
2024-01-16 05:34:00,62.4,97.2,0.962,0.983,14.4,side
2024-01-16 05:34:02,62.4,98.4,0.981,1,14.4,side
2024-01-16 05:34:04,61.9,97.7,0.978,0.968,14.1,side
2024-01-16 05:34:06,61.7,97.7,0.969,1,13.4,side
2024-01-16 05:34:08,63.7,97.7,1,1,14.1,side
2024-01-16 05:34:10,63.3,97.6,1,1,13.9,side
2024-01-16 05:34:12,62.9,98.1,1,0.976,14.9,side
2024-01-16 05:34:14,62,97.6,1,0.968,14.2,side
2024-01-16 05:34:16,61.3,97.5,1,1,14.1,side
2024-01-16 05:34:18,63.2,97.4,1,1,13.8,side
2024-01-16 05:34:20,61.7,97.6,0.994,0.977,13.6,side
2024-01-16 05:34:22,63.7,97.2,0.954,0.983,14,side
2024-01-16 05:34:24,60.1,97.3,1,1,14.6,side
2024-01-16 05:34:26,62.5,97.8,1,1,13.5,side
2024-01-16 05:34:28,63,97.4,1,1,13.8,side
2024-01-16 05:34:30,61.2,97.7,1,1,14.3,side
2024-01-16 05:34:32,62.7,96.8,0.947,0.98,13.8,side
2024-01-16 05:34:34,62.5,97.7,0.971,1,13.4,side
2024-01-16 05:34:36,60.9,97.7,0.963,0.981,14.4,side
2024-01-16 05:34:38,59.5,97.4,1,1,13.5,side
2024-01-16 05:34:40,64.3,97.9,0.974,0.98,14.7,side
2024-01-16 05:34:42,59.8,97.3,0.971,0.964,14.4,side
2024-01-16 05:34:44,61.1,97.5,0.985,1,14.1,side
2024-01-16 05:34:46,64.5,97.8,1,1,14.2,side
2024-01-16 05:34:48,61.5,97.5,1,0.972,14.7,side
2024-01-16 05:34:50,60.3,97.4,0.977,0.965,13.5,side
2024-01-16 05:34:52,63.4,97.6,1,0.969,13.2,side
2024-01-16 05:34:54,63.7,98,1,0.963,13.7,side
2024-01-16 05:34:56,60.1,96.8,0.989,0.986,14.5,side
2024-01-16 05:34:58,61.9,97.4,1,1,14,side
2024-01-16 05:35:00,64.7,97.6,1,0.966,14,side
2024-01-16 05:35:02,61.8,97.3,1,1,13.8,side
2024-01-16 05:35:04,63,97.8,1,1,14.6,side
2024-01-16 05:35:06,60.6,97.4,1,0.995,14.3,side
2024-01-16 05:35:08,60.9,97.6,1,1,14.1,side
2024-01-16 05:35:10,62.1,97.6,1,1,14.2,side
2024-01-16 05:35:12,60.7,97.6,1,1,14.7,side
2024-01-16 05:35:14,58.9,97.4,1,1,14.8,side
2024-01-16 05:35:16,63.8,97.3,1,1,13.5,side
2024-01-16 05:35:18,62.7,98,0.958,1,13.6,side
2024-01-16 05:35:20,63.2,97.9,0.975,0.975,13.7,side
2024-01-16 05:35:22,62.6,97.6,0.96,0.996,13.7,side
2024-01-16 05:35:24,64,97.5,1,0.962,14.8,side
2024-01-16 05:35:26,60.9,98.1,0.997,0.991,13.9,side
2024-01-16 05:35:28,61.4,97.5,0.965,0.957,13.2,side
2024-01-16 05:35:30,61.4,97.4,1,1,13.3,side
2024-01-16 05:35:32,62.3,97.3,1,0.981,14.4,side
2024-01-16 05:35:34,63.6,97.9,1,0.975,13.9,side
2024-01-16 05:35:36,59,97.4,0.986,1,14.2,side
2024-01-16 05:35:38,59.6,97.9,0.979,0.98,14.5,side
2024-01-16 05:35:40,59.5,97.3,1,1,13.5,side
2024-01-16 05:35:42,61.5,97.3,0.998,1,14.3,side
2024-01-16 05:35:44,60.4,97.6,1,0.994,14.3,side
2024-01-16 05:35:46,62.9,97,1,1,14,side
2024-01-16 05:35:48,63.2,96.8,1,0.972,14.3,side
2024-01-16 05:35:50,63.3,97.7,0.971,1,13.8,side
2024-01-16 05:35:52,62.5,97.5,0.991,1,14.4,side
2024-01-16 05:35:54,60.6,97.4,1,0.996,14,side
2024-01-16 05:35:56,60.8,97.5,0.933,1,14.1,side
2024-01-16 05:35:58,61.9,97.2,1,1,13.8,side
2024-01-16 05:36:00,60.1,97.6,0.998,1,13.6,side
2024-01-16 05:36:02,61.1,97.1,1,1,14.3,side
2024-01-16 05:36:04,60.3,97.3,0.983,0.969,14.5,side
2024-01-16 05:36:06,61.3,97.2,1,1,13.9,side
2024-01-16 05:36:08,60,97.9,0.972,1,13.6,side
2024-01-16 05:36:10,61.7,97.5,0.964,0.982,13.8,side
2024-01-16 05:36:12,62.4,97.4,1,1,14.2,side
2024-01-16 05:36:14,60.9,97.8,1,1,13.3,side
2024-01-16 05:36:16,61.3,97.3,0.964,0.954,14.1,side
2024-01-16 05:36:18,61.8,97.9,1,1,13,side
2024-01-16 05:36:20,61.7,97.8,0.975,0.998,14.9,side
2024-01-16 05:36:22,62,97.4,0.942,1,14.1,side
2024-01-16 05:36:24,60.8,97.4,1,0.977,13.2,side
2024-01-16 05:36:26,60.5,97.5,1,1,13.6,side
2024-01-16 05:36:28,61.8,97.3,1,1,15.2,side
2024-01-16 05:36:30,60.4,97.3,0.992,1,14.2,side
2024-01-16 05:36:32,60.5,97.5,0.992,1,14,side
2024-01-16 05:36:34,61.4,97.3,1,1,13.6,side
2024-01-16 05:36:36,62.8,97.3,0.985,0.988,13.6,side
2024-01-16 05:36:38,59.6,97.4,1,0.98,13.6,side
2024-01-16 05:36:40,61.7,97.8,1,0.998,13.8,side
2024-01-16 05:36:42,62,97,0.976,1,13.6,side
2024-01-16 05:36:44,62.8,97.2,1,0.981,13.7,side
2024-01-16 05:36:46,61.2,97.9,1,0.959,14,side
2024-01-16 05:36:48,58.7,97.9,1,0.983,14,side
2024-01-16 05:36:50,59.4,97,1,1,14.3,side
2024-01-16 05:36:52,62.8,97.1,0.996,1,13.8,side
2024-01-16 05:36:54,59.9,97.7,0.935,0.984,14.1,side
2024-01-16 05:36:56,60,97.4,1,1,13.9,side
2024-01-16 05:36:58,61.7,97.2,1,0.994,14,side
2024-01-16 05:37:00,62.9,97.5,0.994,1,14.1,side
2024-01-16 05:37:02,60.3,97.9,1,1,13.2,side
2024-01-16 05:37:04,63.3,97.6,1,1,14.8,side
2024-01-16 05:37:06,63.7,97.3,1,0.958,14.2,side
2024-01-16 05:37:08,64.7,97.2,0.958,1,14.1,side
2024-01-16 05:37:10,62.3,97.9,0.986,0.998,13.5,side
2024-01-16 05:37:12,61.8,97.5,1,1,13.2,side
2024-01-16 05:37:14,62.4,97.3,1,0.988,13.4,side
2024-01-16 05:37:16,63.4,97.9,1,1,14.2,side
2024-01-16 05:37:18,62.8,97.5,1,0.999,13.2,side
2024-01-16 05:37:20,61.2,97.5,0.975,1,13.9,side
2024-01-16 05:37:22,64.1,98,1,0.959,15.2,side
2024-01-16 05:37:24,61.1,97.6,0.966,0.991,14.1,side
2024-01-16 05:37:26,60.7,97.5,0.988,1,14.4,side
2024-01-16 05:37:28,62.7,97.2,1,1,13.8,side
2024-01-16 05:37:30,59,97.7,1,1,13.7,side
2024-01-16 05:37:32,62.7,97.3,0.982,0.975,14.5,side
2024-01-16 05:37:34,62.5,97.3,1,0.945,13.7,side
2024-01-16 05:37:36,62,98,1,0.992,14.4,side
2024-01-16 05:37:38,61,97.4,1,0.991,13.7,side
2024-01-16 05:37:40,60.2,97.3,0.992,1,14.2,side
2024-01-16 05:37:42,61.8,97.9,0.99,1,14.7,side
2024-01-16 05:37:44,61.5,97,0.987,1,14.1,side
2024-01-16 05:37:46,62.6,97.4,1,1,14.4,side
2024-01-16 05:37:48,60.6,97,0.989,1,14.5,side
2024-01-16 05:37:50,63,97.5,0.924,0.975,14.8,side
2024-01-16 05:37:52,62.5,97.8,1,0.998,14.8,side
2024-01-16 05:37:54,59.6,97.3,0.994,1,13.5,side
2024-01-16 05:37:56,62.9,97.4,1,0.984,13.9,side
2024-01-16 05:37:58,61.8,97.3,1,0.99,13.5,side
2024-01-16 05:38:00,60.8,97.3,0.952,0.996,13.2,side
2024-01-16 05:38:02,60.5,97.2,0.972,0.97,14.1,side
2024-01-16 05:38:04,60.9,97.6,1,1,14.5,side
2024-01-16 05:38:06,62,97.7,1,0.948,13.7,side
2024-01-16 05:38:08,61.1,97.7,1,0.996,14.6,side
2024-01-16 05:38:10,62.4,97.5,1,0.963,14,side
2024-01-16 05:38:12,63.5,97.3,0.984,0.981,12.8,side
2024-01-16 05:38:14,61.6,97.7,0.949,0.976,14.2,side
2024-01-16 05:38:16,62.1,97.1,1,0.933,13.1,side
2024-01-16 05:38:18,61.2,97.6,0.942,1,14.2,side
2024-01-16 05:38:20,61.2,97.4,0.982,0.987,14,side
2024-01-16 05:38:22,63.3,97.4,1,1,14.2,side
2024-01-16 05:38:24,63.9,97.1,1,0.965,13.7,side
2024-01-16 05:38:26,60,97.6,0.973,0.973,13.6,side
2024-01-16 05:38:28,63.8,97.4,1,1,14.1,side
2024-01-16 05:38:30,60.2,97.5,1,1,14.1,side
2024-01-16 05:38:32,61.4,97.1,1,1,14,side
2024-01-16 05:38:34,61,97.3,0.952,0.979,14,side
2024-01-16 05:38:36,61.2,97.3,1,0.948,13.7,side
2024-01-16 05:38:38,59.9,97.4,0.976,0.97,14.3,side
2024-01-16 05:38:40,63.8,97.5,0.963,0.984,13.8,side
2024-01-16 05:38:42,62.3,97.1,1,1,13.9,side
2024-01-16 05:38:44,62,97.5,0.993,1,13.2,side
2024-01-16 05:38:46,60.7,97.4,0.972,0.947,13,side
2024-01-16 05:38:48,63.2,97.5,0.997,0.984,13.2,side
2024-01-16 05:38:50,62.5,97.3,1,1,14.1,side
2024-01-16 05:38:52,62.7,97.8,0.99,1,14.5,side
2024-01-16 05:38:54,61.3,97.6,1,1,13.8,side
2024-01-16 05:38:56,59.9,97.5,1,0.96,13.4,side
2024-01-16 05:38:58,61.5,98,0.939,0.967,14,side
2024-01-16 05:39:00,59.9,97.9,0.954,0.978,14.7,side
2024-01-16 05:39:02,62.3,97.5,0.929,0.999,13.2,side
2024-01-16 05:39:04,65.4,97.3,0.965,0.999,13.6,side
2024-01-16 05:39:06,63.5,97.7,0.98,0.997,14.4,side
2024-01-16 05:39:08,63.2,97.6,0.992,0.945,13.8,side
2024-01-16 05:39:10,59.2,97.4,1,1,13.5,side
2024-01-16 05:39:12,62.5,97.9,1,1,14.6,side
2024-01-16 05:39:14,64.9,97.4,1,0.96,14.6,side
2024-01-16 05:39:16,63,97.2,1,0.997,13.8,side
2024-01-16 05:39:18,63,97.4,0.95,1,13.6,side
2024-01-16 05:39:20,62.4,98,0.98,0.994,14.8,side
2024-01-16 05:39:22,60.7,97.6,1,0.953,14,side
2024-01-16 05:39:24,61.2,98,1,1,13.9,side
2024-01-16 05:39:26,60.7,97.1,0.99,0.999,15,side
2024-01-16 05:39:28,60.7,97.6,0.971,0.974,14.1,side
2024-01-16 05:39:30,62.9,97.5,0.988,1,13.5,side
2024-01-16 05:39:32,63,97,0.984,1,14.9,side
2024-01-16 05:39:34,61.6,97.5,0.973,0.99,14.2,side
2024-01-16 05:39:36,62.1,97.4,1,0.926,14,side
2024-01-16 05:39:38,64.7,97.8,0.925,0.993,13.8,side
2024-01-16 05:39:40,63,97.7,1,1,13.7,side
2024-01-16 05:39:42,60.5,96.9,0.981,1,12.8,side
2024-01-16 05:39:44,60,97.2,1,1,13.6,side
2024-01-16 05:39:46,62.9,97.4,0.967,1,13.8,side
2024-01-16 05:39:48,63.1,97.5,0.988,0.933,13.8,side
2024-01-16 05:39:50,64.8,97.1,0.982,1,14.4,side
2024-01-16 05:39:52,63.7,97.5,1,0.978,13.4,side
2024-01-16 05:39:54,62.5,97.3,1,0.999,14.1,side
2024-01-16 05:39:56,63,97,1,1,14.6,side
2024-01-16 05:39:58,62.3,97.9,0.997,1,14,side
2024-01-16 05:40:00,61,97.9,0.945,1,14.5,side
2024-01-16 05:40:02,64.1,98,1,0.997,14.2,side
2024-01-16 05:40:04,60.6,97.2,0.997,0.998,13.5,side
2024-01-16 05:40:06,63.7,97.3,0.997,1,13.8,side
2024-01-16 05:40:08,63,98,1,0.982,14.2,side
2024-01-16 05:40:10,61.6,97.1,1,0.977,13.6,side
2024-01-16 05:40:12,62.4,97.4,0.98,1,14.1,side
2024-01-16 05:40:14,62.5,97.9,0.965,1,14,side
2024-01-16 05:40:16,61.5,97.5,1,1,14.1,side
2024-01-16 05:40:18,62.3,97.8,1,0.969,13.9,side
2024-01-16 05:40:20,63,97.2,0.979,1,14.1,side
2024-01-16 05:40:22,64,97.3,0.991,1,14.2,side
2024-01-16 05:40:24,60.6,97.4,1,0.971,13.5,side
2024-01-16 05:40:26,62.3,97.3,0.934,0.992,13.8,side
2024-01-16 05:40:28,63.7,97.2,0.968,0.981,14.3,side
2024-01-16 05:40:30,59.3,97.4,1,0.965,13.1,side
2024-01-16 05:40:32,62.4,96.8,1,1,13.7,side
2024-01-16 05:40:34,62.1,97.9,1,0.994,13.4,side
2024-01-16 05:40:36,60.2,97,0.963,1,14.1,side
2024-01-16 05:40:38,62,97.6,0.971,0.987,14.5,side
2024-01-16 05:40:40,63.4,97.8,0.972,0.985,13.8,side
2024-01-16 05:40:42,61.6,97.7,0.972,0.992,13.8,side
2024-01-16 05:40:44,63.1,97.3,0.977,1,14.1,side
2024-01-16 05:40:46,59.1,97.8,0.953,1,14.9,side
2024-01-16 05:40:48,60.8,97,0.988,1,14.5,side
2024-01-16 05:40:50,64.2,97.8,1,1,14.4,side
2024-01-16 05:40:52,62,97.2,0.967,0.997,14.7,side
2024-01-16 05:40:54,62.8,97.1,0.998,0.991,13.4,side
2024-01-16 05:40:56,61.9,97.6,1,1,13.7,side
2024-01-16 05:40:58,62.4,97.8,0.99,1,15,side
2024-01-16 05:41:00,65.9,97.7,0.968,1,13.8,side
2024-01-16 05:41:02,63.5,97.5,1,0.945,13.9,side
2024-01-16 05:41:04,62.7,97.8,1,0.989,13.9,side
2024-01-16 05:41:06,64.5,97.1,0.962,0.987,14.6,side
2024-01-16 05:41:08,61,97.9,0.989,1,14,side
2024-01-16 05:41:10,61.4,97.6,0.964,0.993,14.7,side
2024-01-16 05:41:12,59.7,98.1,0.936,0.966,14.5,side
2024-01-16 05:41:14,61.2,98.1,1,0.936,13,side
2024-01-16 05:41:16,61.7,97.4,1,0.93,14.3,side
2024-01-16 05:41:18,64.1,98.1,1,0.996,14.3,side
2024-01-16 05:41:20,61.4,97.7,1,1,13.3,side
2024-01-16 05:41:22,58.8,97.4,1,1,13.4,side
2024-01-16 05:41:24,63,97.4,0.988,1,13.3,side
2024-01-16 05:41:26,61.9,97.9,0.951,0.99,13.9,side
2024-01-16 05:41:28,63,97.1,1,0.978,14.4,side
2024-01-16 05:41:30,58.7,97.9,0.989,1,14.1,side
2024-01-16 05:41:32,60.5,97.3,1,1,13.6,side
2024-01-16 05:41:34,60.3,97.8,1,0.979,14.4,side
2024-01-16 05:41:36,62.6,97.8,0.982,1,13.8,side
2024-01-16 05:41:38,62,97.6,1,0.943,14.8,side
2024-01-16 05:41:40,61.6,97,1,0.969,13.8,side
2024-01-16 05:41:42,60.2,97.2,0.976,0.978,14.8,side
2024-01-16 05:41:44,62.3,97.6,0.966,1,14.4,side
2024-01-16 05:41:46,61.5,97.7,1,1,13.4,side
2024-01-16 05:41:48,61.4,97.9,1,1,14.2,side
2024-01-16 05:41:50,62.5,97.3,0.99,0.982,13,side
2024-01-16 05:41:52,62.3,98,0.978,1,14.5,side
2024-01-16 05:41:54,64.4,97.8,0.965,1,13.5,side
2024-01-16 05:41:56,62,97.8,0.997,0.946,13.7,side
2024-01-16 05:41:58,63.3,97.7,1,1,13.3,side
2024-01-16 05:42:00,61.6,97,1,0.976,13.9,side
2024-01-16 05:42:02,60.6,97.2,0.994,1,13.4,side
2024-01-16 05:42:04,64,97.8,1,0.967,14.6,side
2024-01-16 05:42:06,61.1,97.4,1,0.996,13.5,side
2024-01-16 05:42:08,64.3,97,1,0.957,13.4,side
2024-01-16 05:42:10,63.2,97.8,0.913,0.953,14.6,side
2024-01-16 05:42:12,61.8,97.3,1,0.998,14.1,side
2024-01-16 05:42:14,64.2,97.6,1,1,14.5,side
2024-01-16 05:42:16,62.9,97.7,0.971,1,14.6,side
2024-01-16 05:42:18,63,97.5,1,0.964,13.6,side
2024-01-16 05:42:20,61.9,97.3,1,0.995,14.3,side
2024-01-16 05:42:22,63.2,97.4,0.936,0.999,13.7,side
2024-01-16 05:42:24,62.8,97.4,1,1,13.9,side
2024-01-16 05:42:26,61.3,97.3,1,1,13.8,side
2024-01-16 05:42:28,63.2,97.2,0.991,1,14.6,side
2024-01-16 05:42:30,62,98.2,1,1,13.7,side
2024-01-16 05:42:32,63.8,97.7,0.934,0.99,14,side
2024-01-16 05:42:34,61.6,97.6,0.97,1,14.1,side
2024-01-16 05:42:36,63.3,97.6,1,0.989,13.9,side
2024-01-16 05:42:38,61.2,97.1,0.981,0.985,13.8,side
2024-01-16 05:42:40,62.3,97.3,1,0.98,14.6,side
2024-01-16 05:42:42,62.7,97.3,1,1,15,side
2024-01-16 05:42:44,60.5,97.4,1,1,14.7,side
2024-01-16 05:42:46,61.6,98.2,0.947,1,14,side
2024-01-16 05:42:48,62.9,97.5,0.968,1,13.9,side
2024-01-16 05:42:50,59.8,97.3,0.986,1,13.4,side
2024-01-16 05:42:52,60.3,97.4,1,1,14,side
2024-01-16 05:42:54,61.8,97.6,0.986,1,13.5,side
2024-01-16 05:42:56,64.5,97.6,0.98,0.998,13.5,side
2024-01-16 05:42:58,59.5,97.4,0.948,0.997,13.3,side
2024-01-16 05:43:00,61.8,97.2,1,1,14.1,side
2024-01-16 05:43:02,63.4,97.2,1,1,13.9,side
2024-01-16 05:43:04,62.4,97.7,0.959,1,14.4,side
2024-01-16 05:43:06,63.4,97.5,0.995,0.979,13.9,side
2024-01-16 05:43:08,61.6,97.6,1,0.993,14.3,side
2024-01-16 05:43:10,63.5,97.8,1,0.953,13.6,side
2024-01-16 05:43:12,60.2,97.2,0.959,0.985,14.5,side
2024-01-16 05:43:14,61.4,97.7,0.999,1,14.4,side
2024-01-16 05:43:16,62.2,97.8,0.955,1,14.5,side
2024-01-16 05:43:18,59.6,96.6,1,0.988,14.6,side
2024-01-16 05:43:20,60.5,97.9,0.98,0.986,14.2,side
2024-01-16 05:43:22,60,97,1,0.965,14,side
2024-01-16 05:43:24,60.9,97.3,0.983,0.977,14.2,side
2024-01-16 05:43:26,62.9,97,1,0.985,13.5,side
2024-01-16 05:43:28,61.6,97.8,0.951,0.956,14.2,side
2024-01-16 05:43:30,60.7,96.9,1,0.993,14,side
2024-01-16 05:43:32,63.1,97.8,0.993,0.987,14,side
2024-01-16 05:43:34,61.9,97.3,1,1,14.5,side
2024-01-16 05:43:36,62.9,97.2,1,1,14.1,side
2024-01-16 05:43:38,62,97.8,1,0.97,13.2,side
2024-01-16 05:43:40,59.1,97.6,1,1,13.2,side
2024-01-16 05:43:42,61.9,97.7,1,1,14.2,side
2024-01-16 05:43:44,62.3,97.4,0.984,0.957,13.7,side
2024-01-16 05:43:46,60.4,97.9,0.993,1,14.4,side
2024-01-16 05:43:48,62.1,97.2,1,1,13.8,side
2024-01-16 05:43:50,60.7,97.3,0.943,0.985,14.4,side
2024-01-16 05:43:52,62.3,98,1,0.989,15,side
2024-01-16 05:43:54,61,97.6,1,0.977,14.9,side
2024-01-16 05:43:56,62.3,97.4,0.964,0.993,14.3,side
2024-01-16 05:43:58,59.1,97.2,1,0.981,14.8,side
2024-01-16 05:44:00,60.2,97.4,1,0.953,15,side
2024-01-16 05:44:02,64.3,97.7,0.999,1,14,side
2024-01-16 05:44:04,61.1,97.5,0.987,0.981,14.4,side
2024-01-16 05:44:06,59.8,97.2,0.971,1,14.3,side
2024-01-16 05:44:08,64.2,98.1,1,1,14.2,side
2024-01-16 05:44:10,61.2,97.8,1,0.934,13.2,side
2024-01-16 05:44:12,61,97.5,0.991,1,13.4,side
2024-01-16 05:44:14,62.1,97.7,0.975,0.955,12.9,side
2024-01-16 05:44:16,62,97.2,0.975,0.997,14.4,side
2024-01-16 05:44:18,62.9,96.9,0.983,1,14.8,side
2024-01-16 05:44:20,60.6,97.7,0.961,0.993,13.7,side
2024-01-16 05:44:22,63,97.5,0.966,0.997,13.9,side
2024-01-16 05:44:24,62.8,97.6,1,1,13.5,side
2024-01-16 05:44:26,59.7,97.7,1,0.995,12.9,side
2024-01-16 05:44:28,62.8,97.8,0.965,1,13,side
2024-01-16 05:44:30,61.8,97.9,0.984,1,14.3,side
2024-01-16 05:44:32,65.7,97.3,1,1,14.2,side
2024-01-16 05:44:34,63.3,97.7,0.983,0.997,14.1,side
2024-01-16 05:44:36,60.7,97.5,0.986,1,13.4,side
2024-01-16 05:44:38,59.9,97.7,0.972,0.961,13.5,side
2024-01-16 05:44:40,61.9,97.6,0.976,0.992,14.5,side
2024-01-16 05:44:42,62.8,97.6,0.981,1,14.6,side
2024-01-16 05:44:44,59.8,97.5,0.97,0.951,13.6,side
2024-01-16 05:44:46,65.3,97.4,0.992,0.976,14.2,side
2024-01-16 05:44:48,62.7,97.8,1,1,14,side
2024-01-16 05:44:50,61.5,97.2,1,0.991,13.9,side
2024-01-16 05:44:52,62.8,97.6,0.955,0.943,14.3,side
2024-01-16 05:44:54,60,97.6,1,1,13.4,side
2024-01-16 05:44:56,62.8,97.6,0.983,1,14.2,side
2024-01-16 05:44:58,62.7,97.5,1,0.997,14,side
2024-01-16 05:45:00,60.8,97.8,0.993,1,13.5,side
2024-01-16 05:45:02,62.8,97.7,0.987,1,13.8,side
2024-01-16 05:45:04,62.8,97.2,1,1,14.4,side
2024-01-16 05:45:06,64.4,97.9,0.987,0.975,15.3,side
2024-01-16 05:45:08,61.8,97.8,1,1,13.6,side
2024-01-16 05:45:10,61.7,97.6,1,1,14,side
2024-01-16 05:45:12,63.1,97.3,0.981,1,13.9,side
2024-01-16 05:45:14,62.8,97,1,0.998,14.3,side
2024-01-16 05:45:16,61.3,97.1,0.973,0.992,14.4,side
2024-01-16 05:45:18,63.5,98,1,0.974,13.9,side
2024-01-16 05:45:20,60.4,97.2,1,1,13,side
2024-01-16 05:45:22,63,97.8,0.994,0.957,13.4,side
2024-01-16 05:45:24,62.8,97.3,1,1,14.1,side
2024-01-16 05:45:26,58.4,97.8,1,1,14.5,side
2024-01-16 05:45:28,62.4,97.9,0.967,0.915,13.7,side
2024-01-16 05:45:30,66.3,97.8,0.982,0.985,14.8,side
2024-01-16 05:45:32,62.2,97.6,1,1,14.1,side
2024-01-16 05:45:34,61.3,97.7,0.99,1,14,side
2024-01-16 05:45:36,62.5,97.7,1,0.998,13.4,side
2024-01-16 05:45:38,61.1,97.5,0.984,0.975,13.5,side
2024-01-16 05:45:40,61.2,97.5,0.989,1,14.3,side
2024-01-16 05:45:42,61.3,97.4,0.989,0.979,14.3,side
2024-01-16 05:45:44,61.7,98.1,0.969,0.973,15.1,side
2024-01-16 05:45:46,60.5,97.5,0.978,0.95,13.4,side
2024-01-16 05:45:48,61,97.9,1,0.991,13.9,side
2024-01-16 05:45:50,61.8,97.4,0.995,1,13.6,side
2024-01-16 05:45:52,59.8,98,0.989,1,13.2,side
2024-01-16 05:45:54,63.2,97.6,0.997,1,14,side
2024-01-16 05:45:56,61.3,98.2,1,1,14.6,side
2024-01-16 05:45:58,60.2,97.2,1,1,13.5,side
2024-01-16 05:46:00,60.7,97.3,0.981,0.994,13.9,side
2024-01-16 05:46:02,59.2,98,1,0.985,13.9,side
2024-01-16 05:46:04,63.7,97.5,0.979,1,13.6,side
2024-01-16 05:46:06,59.6,97.9,1,1,14.5,side
2024-01-16 05:46:08,59.5,97.6,0.97,0.962,13.5,side
2024-01-16 05:46:10,62.3,97.6,1,0.996,14.1,side
2024-01-16 05:46:12,62.8,97.4,0.98,1,14.8,side
2024-01-16 05:46:14,59.1,97.6,1,0.988,14,side
2024-01-16 05:46:16,62.1,97.4,1,1,13.7,side
2024-01-16 05:46:18,59.6,97.2,1,1,12.9,side
2024-01-16 05:46:20,63.8,97.2,1,1,13.9,side
2024-01-16 05:46:22,61,97.5,0.984,0.969,14,side
2024-01-16 05:46:24,63.1,97.7,1,1,15.2,side
2024-01-16 05:46:26,61.4,97.5,1,0.964,13.6,side
2024-01-16 05:46:28,63.3,97.2,0.99,0.981,14.5,side
2024-01-16 05:46:30,62.1,97.4,0.961,1,14.4,side
2024-01-16 05:46:32,63,97,0.925,1,14.4,side
2024-01-16 05:46:34,62.6,97.2,1,0.983,14.2,side
2024-01-16 05:46:36,64,97.5,0.994,0.953,13.4,side
2024-01-16 05:46:38,61,97.7,1,1,15,side
2024-01-16 05:46:40,60.7,97.6,1,1,14.1,side
2024-01-16 05:46:42,64.4,97.2,1,1,14.3,side
2024-01-16 05:46:44,64.3,97.1,0.983,0.943,14.4,side
2024-01-16 05:46:46,63.1,97.4,1,0.953,14,side
2024-01-16 05:46:48,62,97,0.965,0.94,14.5,side
2024-01-16 05:46:50,63.4,97.5,1,1,13.9,side
2024-01-16 05:46:52,60.9,97.4,1,0.982,14,side
2024-01-16 05:46:54,61.7,97.7,0.938,0.977,13.2,side
2024-01-16 05:46:56,60.5,97.1,1,0.995,14.3,side
2024-01-16 05:46:58,61.1,97,0.994,0.999,14.5,side
2024-01-16 05:47:00,63.6,97,1,1,14.9,side
2024-01-16 05:47:02,62.9,97.8,0.985,0.984,13.9,side
2024-01-16 05:47:04,58.3,98,1,1,13.7,side
2024-01-16 05:47:06,59.3,97.9,0.984,0.987,14.3,side
2024-01-16 05:47:08,58.9,97.4,1,0.998,13.6,side
2024-01-16 05:47:10,62.8,97.5,0.992,1,13.7,side
2024-01-16 05:47:12,63.4,97.2,1,0.957,13.1,side
2024-01-16 05:47:14,62.6,97.7,0.999,0.973,14.3,side
2024-01-16 05:47:16,61.5,97.8,1,0.94,13.7,side
2024-01-16 05:47:18,62,97.4,1,0.978,13.3,side
2024-01-16 05:47:20,61,97.6,1,0.998,14,side
2024-01-16 05:47:22,61.5,97.7,0.964,0.974,13.5,side
2024-01-16 05:47:24,60.9,97.2,0.963,0.994,14.4,side
2024-01-16 05:47:26,60.2,97.9,1,1,14.3,side
2024-01-16 05:47:28,63.7,97.4,1,1,13.8,side
2024-01-16 05:47:30,63.8,98,0.983,0.992,14.4,side
2024-01-16 05:47:32,63.2,97.2,1,1,13.9,side
2024-01-16 05:47:34,61.6,98.1,1,0.967,13,side
2024-01-16 05:47:36,61.1,97.4,1,1,13.8,side
2024-01-16 05:47:38,61.3,97.6,0.988,1,13.6,side
2024-01-16 05:47:40,63.3,97.6,0.987,1,13.7,side
2024-01-16 05:47:42,62.3,97.1,1,0.989,15.3,side
2024-01-16 05:47:44,62.1,97.1,1,0.981,13.8,side
2024-01-16 05:47:46,61.5,97.7,0.973,1,13.9,side
2024-01-16 05:47:48,63.1,97.3,1,1,15,side
2024-01-16 05:47:50,61.3,97.7,1,1,13.8,side
2024-01-16 05:47:52,62.6,97.6,1,0.969,13.7,side
2024-01-16 05:47:54,59.9,97.7,1,0.971,13.8,side
2024-01-16 05:47:56,63.7,97.3,0.985,0.96,14.2,side
2024-01-16 05:47:58,61.7,97.9,1,1,14.2,side
2024-01-16 05:48:00,62.6,97.6,1,1,14.1,side
2024-01-16 05:48:02,61.8,97,1,1,14.4,side
2024-01-16 05:48:04,63.1,97.6,1,1,14.3,side
2024-01-16 05:48:06,62.3,97.6,1,0.96,14.1,side
2024-01-16 05:48:08,62.9,97.7,0.943,0.985,14,side
2024-01-16 05:48:10,64.6,97.3,1,1,13.9,side
2024-01-16 05:48:12,59.4,97.3,0.982,1,13.7,side
2024-01-16 05:48:14,58.9,97.4,1,0.974,14.5,side
2024-01-16 05:48:16,62.8,98,0.992,1,13.9,side
2024-01-16 05:48:18,60.4,97.9,0.988,0.975,14.4,side
2024-01-16 05:48:20,62.1,97.5,1,1,14.5,side
2024-01-16 05:48:22,62.9,97,1,1,13.2,side
2024-01-16 05:48:24,65.9,97.7,0.999,1,14.5,side
2024-01-16 05:48:26,61.2,97.9,1,1,14.2,side
2024-01-16 05:48:28,61.9,97.1,1,0.972,14.6,side
2024-01-16 05:48:30,63.6,97.5,0.996,0.983,13.9,side
2024-01-16 05:48:32,62.4,97.1,1,1,13.6,side
2024-01-16 05:48:34,62.7,97.7,0.965,1,14.4,side
2024-01-16 05:48:36,64.9,98.1,1,0.972,13.6,side
2024-01-16 05:48:38,64.1,97.4,1,1,14.7,side
2024-01-16 05:48:40,60,97.8,0.993,0.987,13.4,side
2024-01-16 05:48:42,62.4,97.4,0.996,0.979,14,side
2024-01-16 05:48:44,60,97.9,0.99,1,13.7,side
2024-01-16 05:48:46,62.7,97.7,1,0.993,14.2,side
2024-01-16 05:48:48,61.8,97.4,1,0.954,13.5,side
2024-01-16 05:48:50,62.2,97.9,0.946,1,14.4,side
2024-01-16 05:48:52,62.2,97.4,0.98,0.989,13.8,side
2024-01-16 05:48:54,62.8,97.8,0.994,1,14.2,side
2024-01-16 05:48:56,61.9,97.1,0.973,1,13.9,side
2024-01-16 05:48:58,59.1,97.5,1,0.997,14.5,side
2024-01-16 05:49:00,63.4,97.8,0.96,1,13.9,side
2024-01-16 05:49:02,61.1,98,0.945,1,14.3,side
2024-01-16 05:49:04,61.4,97.3,0.995,1,14.1,side
2024-01-16 05:49:06,61.9,97.2,1,1,15.2,side
2024-01-16 05:49:08,60.9,97.7,0.986,1,13.4,side
2024-01-16 05:49:10,63.7,97.1,1,0.994,14.1,side
2024-01-16 05:49:12,63.4,97.3,0.975,0.952,14.4,side
2024-01-16 05:49:14,63.1,97.3,1,0.984,13.5,side
2024-01-16 05:49:16,61.9,97.4,1,0.979,14,side
2024-01-16 05:49:18,63.8,97.8,0.984,0.993,14.9,side
2024-01-16 05:49:20,62.7,98.1,0.977,0.954,13.9,side
2024-01-16 05:49:22,64.4,97.2,0.999,1,13.7,side
2024-01-16 05:49:24,62.1,97.6,1,0.949,13.7,side
2024-01-16 05:49:26,63.5,97.3,1,1,14.9,side
2024-01-16 05:49:28,59.3,97.6,1,0.919,13.9,side
2024-01-16 05:49:30,63.8,97.6,1,0.958,13.3,side
2024-01-16 05:49:32,61.8,97.8,1,0.997,14.4,side
2024-01-16 05:49:34,62.8,98.1,0.943,0.982,14,side
2024-01-16 05:49:36,62.8,97.2,1,0.929,14.2,side
2024-01-16 05:49:38,63.5,97.2,0.945,1,13.5,side
2024-01-16 05:49:40,63.2,97.7,0.98,1,13.8,side
2024-01-16 05:49:42,64.9,97.4,0.948,0.966,14.6,side
2024-01-16 05:49:44,62.4,97.6,1,1,13.8,side
2024-01-16 05:49:46,61.9,97.3,0.949,0.964,13.9,side
2024-01-16 05:49:48,60.8,98.1,0.996,0.967,13,side
2024-01-16 05:49:50,61.8,97.3,1,0.987,13.5,side
2024-01-16 05:49:52,59.4,98.2,1,0.936,14.6,side
2024-01-16 05:49:54,61.4,97.3,1,0.977,13.3,side
2024-01-16 05:49:56,63.6,97,0.987,0.991,13.5,side
2024-01-16 05:49:58,63,97.5,1,0.958,14.5,side
2024-01-16 05:50:00,61.5,97.3,0.944,0.981,14.2,side
2024-01-16 05:50:02,62.7,97.6,1,0.93,14,side
2024-01-16 05:50:04,61.9,97.7,1,1,14.4,side
2024-01-16 05:50:06,64.6,97.5,0.963,0.971,12.9,side
2024-01-16 05:50:08,60.5,97.6,0.976,0.995,14.2,side
2024-01-16 05:50:10,59.8,96.8,1,0.961,14.1,side
2024-01-16 05:50:12,63.2,97.4,1,1,14.1,side
2024-01-16 05:50:14,62.6,97.4,0.979,0.981,14,side
2024-01-16 05:50:16,61.9,97.3,0.998,0.999,13.9,side
2024-01-16 05:50:18,61.2,97.4,0.984,0.988,13.7,side
2024-01-16 05:50:20,60.4,97.3,0.985,1,14.8,side
2024-01-16 05:50:22,63.8,97.1,1,0.97,13.5,side
2024-01-16 05:50:24,63.9,97.8,1,1,13.6,side
2024-01-16 05:50:26,62.6,97.6,1,1,13.6,side
2024-01-16 05:50:28,62.9,97.7,1,0.949,13.9,side
2024-01-16 05:50:30,60,97.6,0.985,1,14.5,side
2024-01-16 05:50:32,63.7,97.5,1,1,13.6,side
2024-01-16 05:50:34,61.2,97.3,1,1,15.4,side
2024-01-16 05:50:36,62.1,97.2,1,1,14.6,side
2024-01-16 05:50:38,59.8,97.6,0.99,0.975,13.8,side
2024-01-16 05:50:40,60.9,97.7,1,0.992,13.7,side
2024-01-16 05:50:42,61.8,97.3,1,1,14,side
2024-01-16 05:50:44,59.4,97.3,1,0.958,14.2,side
2024-01-16 05:50:46,60.8,96.8,1,1,14.7,side
2024-01-16 05:50:48,61.5,97.8,1,1,13.8,side
2024-01-16 05:50:50,61.8,97.6,0.99,1,13.6,side
2024-01-16 05:50:52,60.8,97.5,0.927,1,13.4,side
2024-01-16 05:50:54,60,97.4,1,1,14.7,side
2024-01-16 05:50:56,61.8,97.2,0.99,0.994,14.2,side
2024-01-16 05:50:58,63.3,97.4,0.969,0.987,14.1,side
2024-01-16 05:51:00,61.4,97.2,1,0.99,12.9,side
2024-01-16 05:51:02,60.5,97.5,1,0.956,14.5,side
2024-01-16 05:51:04,62.3,97.6,1,0.982,13.6,side
2024-01-16 05:51:06,63.8,97.4,0.959,0.988,14.2,side
2024-01-16 05:51:08,62.7,97.6,0.984,1,14.5,side
2024-01-16 05:51:10,60.8,97.4,1,1,13.3,side
2024-01-16 05:51:12,61,97.5,1,1,13.7,side
2024-01-16 05:51:14,60.8,97.6,0.985,0.918,14.5,side
2024-01-16 05:51:16,61.1,97.5,1,1,14.3,side
2024-01-16 05:51:18,61.7,97.8,0.986,0.942,13.9,side
2024-01-16 05:51:20,61.1,97.5,0.983,0.952,14.6,side
2024-01-16 05:51:22,62.6,98,0.988,0.994,14.5,side
2024-01-16 05:51:24,63.6,97.1,0.963,1,13.8,side
2024-01-16 05:51:26,62.9,97.1,1,1,14.1,side
2024-01-16 05:51:28,57.5,97.9,0.984,0.977,13.9,side
2024-01-16 05:51:30,61.4,97.3,0.937,0.974,14.1,side
2024-01-16 05:51:32,59.2,97.5,1,1,13.2,side
2024-01-16 05:51:34,59.8,97.8,1,0.995,13.3,side
2024-01-16 05:51:36,63.4,97.9,1,1,14.4,side
2024-01-16 05:51:38,63.8,97.3,1,0.964,13.7,side
2024-01-16 05:51:40,62.9,96.8,1,0.984,14.8,side
2024-01-16 05:51:42,63.5,97.6,1,0.991,13.5,side
2024-01-16 05:51:44,62.7,96.9,0.998,0.979,13.4,side
2024-01-16 05:51:46,59.9,97,0.933,1,13.6,side
2024-01-16 05:51:48,63.7,97.7,0.961,1,14,side
2024-01-16 05:51:50,59.7,98,0.997,0.966,14,side
2024-01-16 05:51:52,63.9,97.6,1,0.982,14.2,side
2024-01-16 05:51:54,60.1,97.5,0.979,1,14.2,side
2024-01-16 05:51:56,61.1,97.5,0.972,1,14.6,side
2024-01-16 05:51:58,61.8,97.6,0.94,1,13.6,side
2024-01-16 05:52:00,59.6,97.3,0.995,1,13.9,side
2024-01-16 05:52:02,64,97.2,1,0.963,14.6,side
2024-01-16 05:52:04,61.8,97.4,1,0.975,14.6,side
2024-01-16 05:52:06,60.3,97.4,0.97,0.945,14.7,side
2024-01-16 05:52:08,62.4,97.7,1,0.977,13.6,side
2024-01-16 05:52:10,61.1,97.9,1,1,15,side
2024-01-16 05:52:12,60.6,96.8,0.985,1,13.7,side
2024-01-16 05:52:14,63.2,98,1,1,14.3,side
2024-01-16 05:52:16,60.2,97.2,1,0.998,13.6,side
2024-01-16 05:52:18,61,98.1,1,1,14.3,side
2024-01-16 05:52:20,61.8,97.2,0.993,1,14.1,side
2024-01-16 05:52:22,61.7,97.5,0.995,1,14.9,side
2024-01-16 05:52:24,62.4,98.1,0.987,0.981,13.5,side
2024-01-16 05:52:26,61.1,97,0.982,1,12.8,side
2024-01-16 05:52:28,61.4,97.2,0.978,0.986,14.2,side
2024-01-16 05:52:30,63.5,97.2,1,0.963,13.1,side
2024-01-16 05:52:32,62.2,98.1,1,1,13.8,side
2024-01-16 05:52:34,63.4,98,1,1,13.7,side
2024-01-16 05:52:36,63,97.8,0.997,1,14.7,side
2024-01-16 05:52:38,60.4,98,1,0.983,14.7,side
2024-01-16 05:52:40,60.7,97.7,1,0.936,15.1,side
2024-01-16 05:52:42,62.1,97.5,1,0.941,13.7,side
2024-01-16 05:52:44,63.5,97.4,0.996,1,13.5,side
2024-01-16 05:52:46,62,97.6,0.988,1,13.3,side
2024-01-16 05:52:48,61.5,97.6,1,1,14.4,side
2024-01-16 05:52:50,63.8,97.9,0.989,0.987,14.3,side
2024-01-16 05:52:52,62,97.6,0.971,1,14.2,side
2024-01-16 05:52:54,63,97.5,0.967,0.986,13.6,side
2024-01-16 05:52:56,62.7,97.9,1,1,14.8,side
2024-01-16 05:52:58,61.4,97.6,0.948,0.964,14.4,side
2024-01-16 05:53:00,62.3,97.4,1,1,14,side
2024-01-16 05:53:02,62,97.8,1,0.955,14,side
2024-01-16 05:53:04,62.2,97.8,1,0.954,13.5,side
2024-01-16 05:53:06,60.3,97.9,0.98,0.956,13.5,side
2024-01-16 05:53:08,62.4,97.1,1,1,13.6,side
2024-01-16 05:53:10,63.4,97.5,0.994,0.997,14,side
2024-01-16 05:53:12,60.7,97.2,1,0.998,13.8,side
2024-01-16 05:53:14,61.5,97.4,0.965,1,14.5,side
2024-01-16 05:53:16,62,96.8,0.939,0.98,14,side
2024-01-16 05:53:18,62.3,97.6,0.952,0.948,14.4,side
2024-01-16 05:53:20,62.4,97.2,1,1,13.9,side
2024-01-16 05:53:22,61.3,97.3,1,0.994,14.2,side
2024-01-16 05:53:24,59.6,97.5,0.996,1,14.6,side
2024-01-16 05:53:26,62,97.3,1,0.998,13.5,side
2024-01-16 05:53:28,64,97.3,0.987,1,13.5,side
2024-01-16 05:53:30,63.6,97.7,0.997,0.986,13.7,side
2024-01-16 05:53:32,59.7,97.4,0.971,1,13.4,side
2024-01-16 05:53:34,61.1,97.4,0.975,0.952,14.2,side
2024-01-16 05:53:36,62,97.8,0.954,0.968,14.3,side
2024-01-16 05:53:38,59.8,97.5,1,0.992,13.9,side
2024-01-16 05:53:40,58.4,97.4,0.99,1,14.2,side
2024-01-16 05:53:42,62.3,97.5,0.94,1,14.1,side
2024-01-16 05:53:44,63.5,97.6,0.988,0.988,14.1,side
2024-01-16 05:53:46,60.5,98,0.972,1,13.6,side
2024-01-16 05:53:48,63.5,97.9,1,0.982,13.7,side
2024-01-16 05:53:50,59.9,97.6,0.969,0.939,14.7,side
2024-01-16 05:53:52,60.7,97.4,1,1,13.9,side
2024-01-16 05:53:54,62.9,97.2,0.996,0.982,14.5,side
2024-01-16 05:53:56,62.2,97.7,1,1,14.2,side
2024-01-16 05:53:58,60.9,97.5,1,1,14.1,side
2024-01-16 05:54:00,62.1,97.6,1,1,14.4,side
2024-01-16 05:54:02,62.3,97.5,1,0.991,13.5,side
2024-01-16 05:54:04,59,97.3,0.937,1,13.7,side
2024-01-16 05:54:06,64.5,97.9,0.998,1,15,side
2024-01-16 05:54:08,64,97.5,0.969,1,14.2,side
2024-01-16 05:54:10,61.2,97.3,0.987,0.942,14.9,side
2024-01-16 05:54:12,60.4,97.1,0.967,0.976,13.8,side
2024-01-16 05:54:14,62.8,97.2,0.978,1,14,side
2024-01-16 05:54:16,62.8,97.5,1,0.976,14.5,side
2024-01-16 05:54:18,63.4,97.7,1,1,13.4,side
2024-01-16 05:54:20,60.4,97.7,0.981,0.987,14.8,side
2024-01-16 05:54:22,59.5,97.2,1,0.909,15,side
2024-01-16 05:54:24,62.9,97.6,1,1,13.8,side
2024-01-16 05:54:26,61.4,97.4,1,1,13.5,side
2024-01-16 05:54:28,62.4,97.2,0.954,1,13.2,side
2024-01-16 05:54:30,60.2,97.3,1,1,14.2,side
2024-01-16 05:54:32,59.5,97.7,0.924,0.964,14.3,side
2024-01-16 05:54:34,61.3,97.8,1,1,13.5,side
2024-01-16 05:54:36,61.2,97.4,1,1,14.1,side
2024-01-16 05:54:38,61.5,97.3,0.983,1,12.6,side
2024-01-16 05:54:40,63.9,97.5,1,1,13.6,side
2024-01-16 05:54:42,64.5,97.9,1,0.992,13.5,side
2024-01-16 05:54:44,61.4,97.1,0.958,1,13.8,side
2024-01-16 05:54:46,61.9,97.2,0.995,0.992,14.5,side
2024-01-16 05:54:48,65.6,97.5,0.966,0.938,13.8,side
2024-01-16 05:54:50,60.9,97.5,1,1,14.4,side
2024-01-16 05:54:52,61.1,97.4,1,1,13.6,side
2024-01-16 05:54:54,63.6,97.4,0.998,0.96,15,side
2024-01-16 05:54:56,62.3,97.6,1,1,14,side
2024-01-16 05:54:58,60.7,97.5,0.95,1,13.7,side
2024-01-16 05:55:00,62.8,97.7,1,1,13.2,side
2024-01-16 05:55:02,64.1,97.1,0.931,1,13.9,side
2024-01-16 05:55:04,62.2,97.4,1,0.968,14,side
2024-01-16 05:55:06,60.1,97.2,0.985,0.966,13.7,side
2024-01-16 05:55:08,63.2,97.5,1,1,14.2,side
2024-01-16 05:55:10,63.2,97.6,1,1,13.5,side
2024-01-16 05:55:12,61.7,97.9,0.962,0.959,14.2,side
2024-01-16 05:55:14,62.4,97.8,1,1,14.5,side
2024-01-16 05:55:16,62.9,97.1,1,0.99,14.4,side
2024-01-16 05:55:18,61.3,97.8,0.95,0.955,13.8,side
2024-01-16 05:55:20,61.5,97.8,1,0.992,13.8,side
2024-01-16 05:55:22,63.1,97.6,1,0.95,13.7,side
2024-01-16 05:55:24,61.9,97.5,1,1,13.3,side
2024-01-16 05:55:26,62,97.4,0.994,0.96,14.2,side
2024-01-16 05:55:28,61.9,97.3,0.955,0.996,14.2,side
2024-01-16 05:55:30,61.9,97.6,0.98,1,14.8,side
2024-01-16 05:55:32,64.1,97.5,1,1,14.1,side
2024-01-16 05:55:34,63.2,97,1,0.986,13.4,side
2024-01-16 05:55:36,64,97.3,1,0.989,14.5,side
2024-01-16 05:55:38,63.6,98,0.981,0.994,13.2,side
2024-01-16 05:55:40,63.7,97.3,0.978,1,13.8,side
2024-01-16 05:55:42,62.4,96.9,0.989,1,14.3,side
2024-01-16 05:55:44,62.4,97.3,1,1,14,side
2024-01-16 05:55:46,61.8,97.9,0.988,1,14.1,side
2024-01-16 05:55:48,64.6,97.1,1,1,14.2,side
2024-01-16 05:55:50,61.1,97.1,0.982,1,14.5,side
2024-01-16 05:55:52,63.6,97.6,1,1,14.4,side
2024-01-16 05:55:54,59.8,97.2,1,0.982,14.5,side
2024-01-16 05:55:56,59.4,97.5,1,0.967,13.7,side
2024-01-16 05:55:58,60.2,97.7,1,0.965,14.3,side
2024-01-16 05:56:00,61.9,96.9,1,0.962,14.3,side
2024-01-16 05:56:02,59.8,97.3,0.979,0.972,14,side
2024-01-16 05:56:04,59.4,97.3,1,1,15,side
2024-01-16 05:56:06,65.1,97,0.978,1,14.1,side
2024-01-16 05:56:08,61.7,97.3,0.935,1,14.3,side
2024-01-16 05:56:10,61.2,97.3,0.994,0.996,13.8,side
2024-01-16 05:56:12,64.6,97.5,1,1,14.7,side
2024-01-16 05:56:14,61.5,97.5,1,0.992,14.2,side
2024-01-16 05:56:16,60.6,97.3,0.995,1,14.2,side
2024-01-16 05:56:18,61.5,97.8,0.967,0.977,13.2,side
2024-01-16 05:56:20,62.9,97.3,0.968,1,14.2,side
2024-01-16 05:56:22,64.6,97.6,0.991,0.994,14.6,side
2024-01-16 05:56:24,64,97.9,0.986,0.98,13.6,side
2024-01-16 05:56:26,64.7,97.9,1,1,14.3,side
2024-01-16 05:56:28,60.8,97.8,0.99,0.997,14.4,side
2024-01-16 05:56:30,61.5,97.6,0.94,1,13.7,side
2024-01-16 05:56:32,61.7,98.2,0.976,1,13.7,side
2024-01-16 05:56:34,62.8,97.8,0.984,0.993,14,side
2024-01-16 05:56:36,61.6,97.6,1,0.966,15,side
2024-01-16 05:56:38,62.9,97.2,1,1,14.1,side
2024-01-16 05:56:40,62.3,97.5,1,0.986,12.9,side
2024-01-16 05:56:42,61.4,97.7,0.992,1,13.9,side
2024-01-16 05:56:44,62.7,97.5,0.971,1,14.1,side
2024-01-16 05:56:46,62.6,97.5,0.946,0.999,14.1,side
2024-01-16 05:56:48,61.1,97.4,1,1,14.3,side
2024-01-16 05:56:50,61.2,97.3,1,0.972,14.9,side
2024-01-16 05:56:52,63.1,97.8,1,1,14.6,side
2024-01-16 05:56:54,62.7,97.8,1,1,13.7,side
2024-01-16 05:56:56,61,97.2,1,1,14.9,side
2024-01-16 05:56:58,63.5,97.1,0.924,0.98,13.2,side
2024-01-16 05:57:00,61.9,97.8,0.944,1,14.2,side
2024-01-16 05:57:02,63.2,97.5,0.994,1,13.7,side
2024-01-16 05:57:04,61.8,97.3,0.997,1,14.6,side
2024-01-16 05:57:06,62.5,97.7,0.991,1,14.6,side
2024-01-16 05:57:08,61.9,97.7,1,0.98,14.2,side
2024-01-16 05:57:10,59.6,97.4,1,1,13,side
2024-01-16 05:57:12,63.1,97.6,1,0.997,14,side
2024-01-16 05:57:14,61,97.2,1,1,13.9,side
2024-01-16 05:57:16,59.4,97,1,1,13.4,side
2024-01-16 05:57:18,63.3,97.2,1,0.997,14,side
2024-01-16 05:57:20,62.6,98.2,0.998,1,13.3,side
2024-01-16 05:57:22,63,97.2,1,1,13,side
2024-01-16 05:57:24,60.2,97.1,1,0.979,13.7,side
2024-01-16 05:57:26,64.8,97.4,1,1,14,side
2024-01-16 05:57:28,62.7,97.3,0.995,0.984,14,side
2024-01-16 05:57:30,62.5,97.4,0.997,0.974,13.8,side
2024-01-16 05:57:32,61.9,97,1,1,14.4,side
2024-01-16 05:57:34,62.3,98,0.958,1,14.5,side
2024-01-16 05:57:36,60.2,97.6,0.997,0.966,13.9,side
2024-01-16 05:57:38,63.2,97,0.991,1,13.9,side
2024-01-16 05:57:40,62.5,97.5,0.962,1,13.6,side
2024-01-16 05:57:42,60.4,97,1,1,13.5,side
2024-01-16 05:57:44,60.5,97.5,0.977,0.973,14.6,side
2024-01-16 05:57:46,63.8,97.7,0.963,0.947,14.4,side
2024-01-16 05:57:48,60.9,96.5,1,1,13.9,side
2024-01-16 05:57:50,63.2,97.4,1,1,13.5,side
2024-01-16 05:57:52,62.6,98,0.993,1,14,side
2024-01-16 05:57:54,61,97.7,1,1,14.8,side
2024-01-16 05:57:56,61.5,97.1,1,0.99,13.3,side
2024-01-16 05:57:58,63.5,97.8,1,0.954,13.5,side
2024-01-16 05:58:00,61.2,97.6,0.96,1,14,side
2024-01-16 05:58:02,60.3,97.7,1,0.974,13.9,side
2024-01-16 05:58:04,62.2,97.4,1,0.989,13.6,side
2024-01-16 05:58:06,61.6,97.6,0.983,1,14.5,side
2024-01-16 05:58:08,60.6,97.5,1,1,13.7,side
2024-01-16 05:58:10,60.5,97.8,1,0.981,13.9,side
2024-01-16 05:58:12,62.9,98,0.95,1,13.6,side
2024-01-16 05:58:14,61.3,97,0.981,0.993,14.2,side
2024-01-16 05:58:16,62.4,97.5,1,0.961,14.5,side
2024-01-16 05:58:18,60.7,97.5,0.972,1,14,side
2024-01-16 05:58:20,62.4,98.2,1,0.985,14.4,side
2024-01-16 05:58:22,61.8,97.2,0.999,0.997,14.2,side
2024-01-16 05:58:24,57.8,97.5,1,0.985,13.9,side
2024-01-16 05:58:26,59.4,97,0.988,0.973,13.2,side
2024-01-16 05:58:28,65.6,97.1,0.978,1,13.9,side
2024-01-16 05:58:30,63.4,97.3,1,0.987,14.7,side
2024-01-16 05:58:32,63.1,97.7,1,1,14.3,side
2024-01-16 05:58:34,63.6,97.7,1,0.986,13.1,side
2024-01-16 05:58:36,61.2,97.4,1,1,13.4,side
2024-01-16 05:58:38,62.5,97.5,0.996,1,13.9,side
2024-01-16 05:58:40,60,98.2,0.99,1,14.1,side
2024-01-16 05:58:42,63.4,97.7,1,1,14.1,side
2024-01-16 05:58:44,64,97.5,0.962,0.973,13.7,side
2024-01-16 05:58:46,62,97.5,0.996,1,14,side
2024-01-16 05:58:48,61,98.2,0.996,0.994,14.6,side
2024-01-16 05:58:50,65,97.3,1,0.997,15.1,side
2024-01-16 05:58:52,61.2,97.5,0.953,0.967,14.3,side
2024-01-16 05:58:54,64,97.5,0.988,0.988,12.6,side
2024-01-16 05:58:56,64.2,96.8,0.951,1,13.9,side
2024-01-16 05:58:58,63.6,97.5,0.974,1,14,side
2024-01-16 05:59:00,60.7,97.6,0.997,1,13.7,side
2024-01-16 05:59:02,64.5,97.4,1,0.984,13.8,side
2024-01-16 05:59:04,60.4,97.7,1,1,14.5,side
2024-01-16 05:59:06,63.4,97.2,0.981,1,14.4,side
2024-01-16 05:59:08,62.3,97.8,0.988,0.998,13.3,side
2024-01-16 05:59:10,63.1,97.8,0.964,1,13.3,side
2024-01-16 05:59:12,63.2,97.8,0.998,1,13.7,side
2024-01-16 05:59:14,60.6,98.1,0.994,1,14.2,side
2024-01-16 05:59:16,59.1,97.6,1,1,14.4,side
2024-01-16 05:59:18,62.5,97.3,1,1,13.7,side
2024-01-16 05:59:20,58.1,98.2,0.959,0.982,14,side
2024-01-16 05:59:22,64,97.5,1,0.959,14.5,side
2024-01-16 05:59:24,61.2,97.2,1,0.967,14.4,side
2024-01-16 05:59:26,61.4,97.3,0.991,1,15,side
2024-01-16 05:59:28,62,97.5,0.978,0.976,14.8,side
2024-01-16 05:59:30,62.4,97.4,1,0.967,14.2,side
2024-01-16 05:59:32,61.7,97.8,1,1,14,side
2024-01-16 05:59:34,61.5,97.4,1,0.964,14.5,side
2024-01-16 05:59:36,62.4,97.4,0.996,0.992,14.2,side
2024-01-16 05:59:38,62.9,98,1,1,13.8,side
2024-01-16 05:59:40,62.2,97.4,0.987,1,14,side
2024-01-16 05:59:42,60.6,96.9,0.982,1,14.4,side
2024-01-16 05:59:44,62.4,97.6,0.995,1,13.9,side
2024-01-16 05:59:46,60.6,97.5,0.976,1,13.2,side
2024-01-16 05:59:48,63.1,97.6,0.974,0.989,14.2,side
2024-01-16 05:59:50,60.4,97.8,1,1,13.6,side
2024-01-16 05:59:52,61.9,97.9,1,1,15,side
2024-01-16 05:59:54,59.6,97.3,0.997,1,14.5,side
2024-01-16 05:59:56,61.4,98,1,1,13.2,side
2024-01-16 05:59:58,60,97.9,0.972,0.989,14.7,side
2024-01-16 06:00:00,58.5,97.7,0.067,0.752,0,side
2024-01-16 06:00:02,58.8,97.6,0.055,0.664,0,side
2024-01-16 06:00:04,59.7,97.2,0.043,0.693,0,side
2024-01-16 06:00:06,59.1,98.2,0.068,0.771,0,side
2024-01-16 06:00:08,58.1,97.8,0.038,0.602,0,side
2024-01-16 06:00:10,59.4,97.7,0.072,0.662,0,side
2024-01-16 06:00:12,58.6,96.7,0.077,0.673,0,side
2024-01-16 06:00:14,61.1,97,0.033,0.651,0,side
2024-01-16 06:00:16,60,95.9,0.052,0.687,0,side
2024-01-16 06:00:18,66.1,95.2,0.988,0.981,12.9,side
2024-01-16 06:00:20,64.1,95,1,0.993,13.9,side
2024-01-16 06:00:22,69.2,94.4,0.994,1,14.2,side
2024-01-16 06:00:24,65.4,94.2,1,1,13.3,side
2024-01-16 06:00:26,69,94.3,1,1,14,side
2024-01-16 06:00:28,61.1,94.4,0.991,1,14.9,side
2024-01-16 06:00:30,63.7,93.5,0.991,1,13.3,side
2024-01-16 06:00:32,60.9,94.2,1,1,14.3,side
2024-01-16 06:00:34,62.2,97.5,0.983,0.992,13.5,side
2024-01-16 06:00:36,61.7,97.5,0.993,0.938,14,side
2024-01-16 06:00:38,61.8,97.3,0.959,0.992,14,side
2024-01-16 06:00:40,62.8,97.4,1,1,14.5,side
2024-01-16 06:00:42,61.8,97.2,0.97,1,13.3,side
2024-01-16 06:00:44,62.2,97.4,1,1,14.1,side
2024-01-16 06:00:46,60.6,97.9,1,0.942,13.9,side
2024-01-16 06:00:48,60.6,97.5,1,0.997,13.6,side
2024-01-16 06:00:50,63.6,97.3,0.998,0.969,13.8,side
2024-01-16 06:00:52,60.9,97,1,1,12.8,side
2024-01-16 06:00:54,62.8,98,1,0.97,13.6,side
2024-01-16 06:00:56,58.6,97.3,1,0.959,14.2,side
2024-01-16 06:00:58,63.3,96.9,1,0.947,14.4,side
2024-01-16 06:01:00,59.8,97.4,1,0.973,13.4,side
2024-01-16 06:01:02,64.5,97.2,0.975,0.997,14,side
2024-01-16 06:01:04,62.7,97.4,1,1,13.5,side
2024-01-16 06:01:06,61.5,97.8,1,0.975,14.2,side
2024-01-16 06:01:08,63,97.9,0.978,1,14.8,side
2024-01-16 06:01:10,61.7,97.7,0.97,1,14.5,side
2024-01-16 06:01:12,64.6,97.3,0.939,1,13.8,side
2024-01-16 06:01:14,62.2,97.2,0.941,0.966,15.1,side
2024-01-16 06:01:16,60.5,96.7,0.994,0.99,13.7,side
2024-01-16 06:01:18,61.8,97.4,1,1,14.1,side
2024-01-16 06:01:20,61.5,97.1,0.988,1,14.3,side
2024-01-16 06:01:22,62.6,97.9,0.967,1,13.4,side
2024-01-16 06:01:24,60.2,97.7,1,0.997,13.5,side
2024-01-16 06:01:26,61.1,97.5,0.969,1,13.9,side
2024-01-16 06:01:28,63.3,97.4,1,1,13.9,side
2024-01-16 06:01:30,60.5,97,1,1,14,side
2024-01-16 06:01:32,60.7,96.9,0.977,1,14,side
2024-01-16 06:01:34,61.7,97.4,1,0.966,14.2,side
2024-01-16 06:01:36,62.8,97.7,1,1,13.8,side
2024-01-16 06:01:38,62.1,98.3,0.984,0.988,14,side
2024-01-16 06:01:40,60.8,97.5,1,0.998,13.6,side
2024-01-16 06:01:42,60.1,97.2,0.961,0.994,13.3,side
2024-01-16 06:01:44,59.9,97.3,1,0.977,14.2,side
2024-01-16 06:01:46,62.1,97.5,1,1,14.2,side
2024-01-16 06:01:48,61.7,97.5,0.993,1,15,side
2024-01-16 06:01:50,60.5,97.6,0.949,1,14.6,side
2024-01-16 06:01:52,62,97.7,0.973,0.992,13.8,side
2024-01-16 06:01:54,64,97.7,1,0.992,13.8,side
2024-01-16 06:01:56,61.5,97.2,0.999,1,13.8,side
2024-01-16 06:01:58,62.9,96.9,0.952,1,13.6,side
2024-01-16 06:02:00,61.8,97.6,0.983,1,14,side
2024-01-16 06:02:02,63.3,98.2,0.966,1,14.1,side
2024-01-16 06:02:04,62.2,96.8,1,0.976,13.7,side
2024-01-16 06:02:06,60.6,97.8,0.976,0.97,14.4,side
2024-01-16 06:02:08,59.3,97.9,0.925,1,14.1,side
2024-01-16 06:02:10,64.2,97.5,0.989,1,14,side
2024-01-16 06:02:12,61.5,97.7,0.957,1,14,side
2024-01-16 06:02:14,62.7,97.4,0.988,0.953,13.7,side
2024-01-16 06:02:16,62.3,97.2,0.988,0.964,13.9,side
2024-01-16 06:02:18,62.8,97.3,1,1,13.7,side
2024-01-16 06:02:20,61.7,97.2,0.996,0.985,14.2,side
2024-01-16 06:02:22,60.1,97.9,0.983,1,14,side
2024-01-16 06:02:24,64.8,97.6,1,0.985,13.7,side
2024-01-16 06:02:26,61.2,97.3,0.947,0.956,13.5,side
2024-01-16 06:02:28,60.1,98,0.918,1,14.4,side
2024-01-16 06:02:30,62.2,97.4,0.984,0.997,13.9,side
2024-01-16 06:02:32,60.4,97.6,1,0.963,14.5,side
2024-01-16 06:02:34,61.9,97.5,1,0.996,13.8,side
2024-01-16 06:02:36,58.9,97.3,0.982,0.969,14.2,side
2024-01-16 06:02:38,59.6,97.1,0.996,0.999,14.8,side
2024-01-16 06:02:40,63.7,97.3,1,1,13.6,side
2024-01-16 06:02:42,61.6,97.4,1,1,14.3,side
2024-01-16 06:02:44,60.3,97.7,1,0.953,14.3,side
2024-01-16 06:02:46,61.8,97.1,1,1,14.3,side
2024-01-16 06:02:48,61.1,98,0.969,0.935,14.9,side
2024-01-16 06:02:50,61.4,97.8,0.975,0.986,14.3,side
2024-01-16 06:02:52,61.4,97.4,1,1,13.9,side
2024-01-16 06:02:54,61.9,97.3,0.989,0.963,13.7,side
2024-01-16 06:02:56,63.4,97.2,0.983,0.942,13.7,side
2024-01-16 06:02:58,63.4,97.8,1,0.996,14.2,side
2024-01-16 06:03:00,61.2,97.3,1,1,14.3,side
2024-01-16 06:03:02,63,97.3,0.99,0.997,14.1,side
2024-01-16 06:03:04,62.9,97.3,1,1,13.8,side
2024-01-16 06:03:06,62.7,97.7,1,0.981,14.7,side
2024-01-16 06:03:08,59.9,97.8,1,1,14,side
2024-01-16 06:03:10,65.3,97.9,1,0.987,13.6,side
2024-01-16 06:03:12,65.5,97.9,0.996,0.969,14.2,side
2024-01-16 06:03:14,63.1,97.5,0.974,0.999,14.3,side
2024-01-16 06:03:16,62,97.8,0.993,1,14.2,side
2024-01-16 06:03:18,63.3,97.6,0.956,1,14.4,side
2024-01-16 06:03:20,63.6,97.2,0.984,1,13.7,side
2024-01-16 06:03:22,61.8,97.2,1,1,12.9,side
2024-01-16 06:03:24,60.3,97,1,1,13.9,side
2024-01-16 06:03:26,62.1,97.4,1,1,13.8,side
2024-01-16 06:03:28,63.6,97.4,1,1,13.8,side
2024-01-16 06:03:30,63.8,97.4,1,0.986,14,side
2024-01-16 06:03:32,60.4,97.2,1,0.992,14.7,side
2024-01-16 06:03:34,60.5,97.1,1,0.985,14.6,side
2024-01-16 06:03:36,63.2,97.3,1,1,13.5,side
2024-01-16 06:03:38,63.9,97.1,0.968,1,15.1,side
2024-01-16 06:03:40,60.9,97.9,0.992,0.977,14.3,side
2024-01-16 06:03:42,65.4,97.8,0.979,0.981,13.8,side
2024-01-16 06:03:44,59.4,97.4,0.986,1,13.3,side
2024-01-16 06:03:46,63.4,97.2,0.938,1,14.1,side
2024-01-16 06:03:48,61.8,97.5,0.967,1,13.8,side
2024-01-16 06:03:50,61.8,97.2,0.986,0.961,13.6,side
2024-01-16 06:03:52,62.8,97.2,1,0.987,14.3,side
2024-01-16 06:03:54,61.8,97.7,1,1,13.8,side
2024-01-16 06:03:56,63.3,97.6,0.959,1,13.6,side
2024-01-16 06:03:58,57.5,97.5,1,1,14.1,side
2024-01-16 06:04:00,63.4,97.3,0.954,1,14.6,side
2024-01-16 06:04:02,62.4,97.3,0.968,0.999,13.9,side
2024-01-16 06:04:04,62.8,97.5,1,1,14.8,side
2024-01-16 06:04:06,62.1,97,0.995,0.987,13.6,side
2024-01-16 06:04:08,59.7,98.1,1,0.977,13.7,side
2024-01-16 06:04:10,60.2,97.3,1,0.965,13.6,side
2024-01-16 06:04:12,59.6,97.8,1,0.971,14.5,side
2024-01-16 06:04:14,61.1,97.8,1,0.973,14.6,side
2024-01-16 06:04:16,61.1,97.7,1,0.996,13.9,side
2024-01-16 06:04:18,61.7,97.2,1,0.978,13.7,side
2024-01-16 06:04:20,64.2,97.4,1,0.971,13.7,side
2024-01-16 06:04:22,61.5,97,0.993,0.957,13.5,side
2024-01-16 06:04:24,62.7,96.9,1,1,13.5,side
2024-01-16 06:04:26,62.4,97.9,0.976,0.947,13.7,side
2024-01-16 06:04:28,61,97.2,0.964,0.996,13.9,side
2024-01-16 06:04:30,62.1,97.7,0.937,1,14.2,side
2024-01-16 06:04:32,64.2,97.6,1,1,14.6,side
2024-01-16 06:04:34,61,97.4,1,1,14.4,side
2024-01-16 06:04:36,63.9,97.8,0.972,1,14.4,side
2024-01-16 06:04:38,60.5,97.3,0.994,0.965,14.5,side
2024-01-16 06:04:40,62.1,97.5,0.985,0.99,12.9,side
2024-01-16 06:04:42,61.5,97.6,1,0.986,14.2,side
2024-01-16 06:04:44,62.6,97.8,0.999,0.973,13.7,side
2024-01-16 06:04:46,61.3,97.2,0.971,1,14.8,side
2024-01-16 06:04:48,64.9,97.3,0.984,0.966,13.8,side
2024-01-16 06:04:50,62.9,97.3,1,1,13.2,side
2024-01-16 06:04:52,61.6,97.5,0.975,1,14.4,side
2024-01-16 06:04:54,61.2,97.6,0.97,0.993,13.5,side
2024-01-16 06:04:56,62.2,97.4,1,1,13.9,side
2024-01-16 06:04:58,62.3,97.6,0.958,1,13,side
2024-01-16 06:05:00,62.2,97.5,0.948,0.979,14.8,side
2024-01-16 06:05:02,62.9,97.2,1,1,14.2,side
2024-01-16 06:05:04,62.3,97.3,0.999,0.994,13.9,side
2024-01-16 06:05:06,59.3,97.9,0.983,0.948,13.6,side
2024-01-16 06:05:08,61.2,97.8,1,0.963,14.4,side
2024-01-16 06:05:10,62.4,97.4,0.939,0.979,14.4,side
2024-01-16 06:05:12,63,98,0.981,1,13.9,side
2024-01-16 06:05:14,64.3,97.1,0.996,1,13.8,side
2024-01-16 06:05:16,63.5,97.3,0.956,1,14.4,side
2024-01-16 06:05:18,61.8,97.7,0.999,1,13.1,side
2024-01-16 06:05:20,59.5,97.4,0.988,0.984,13.9,side
2024-01-16 06:05:22,60.6,97,1,0.939,14.3,side
2024-01-16 06:05:24,61.6,97.4,0.984,0.972,14.1,side
2024-01-16 06:05:26,64.1,97.2,0.957,1,13.1,side
2024-01-16 06:05:28,60.9,97.7,0.994,1,13.6,side
2024-01-16 06:05:30,62.5,97.9,0.984,0.973,13.9,side
2024-01-16 06:05:32,63.3,97.6,1,0.98,14,side
2024-01-16 06:05:34,62.5,97.5,0.964,1,13.5,side
2024-01-16 06:05:36,59.8,97.1,1,0.934,13.8,side
2024-01-16 06:05:38,62.4,97.7,1,1,14.3,side
2024-01-16 06:05:40,60.6,98.1,1,0.992,14.1,side
2024-01-16 06:05:42,61.6,97.5,1,0.986,14.4,side
2024-01-16 06:05:44,60.8,97.8,0.948,0.955,14.3,side
2024-01-16 06:05:46,64.4,97.2,0.992,1,14,side
2024-01-16 06:05:48,61,97.9,1,0.981,13.9,side
2024-01-16 06:05:50,62.3,97.2,0.986,1,14.1,side
2024-01-16 06:05:52,61,98.1,0.92,1,14.3,side
2024-01-16 06:05:54,63.4,97.5,0.985,1,13.7,side
2024-01-16 06:05:56,61.9,97.9,1,1,14.4,side
2024-01-16 06:05:58,61.7,96.9,1,1,13,side
2024-01-16 06:06:00,60.9,97.9,0.989,1,14.6,side
2024-01-16 06:06:02,66,97.2,1,0.979,14.2,side
2024-01-16 06:06:04,64,97.6,1,0.949,13.7,side
2024-01-16 06:06:06,61.7,96.9,1,0.982,14.7,side
2024-01-16 06:06:08,62.2,98.1,0.986,1,14.1,side
2024-01-16 06:06:10,59.7,96.8,0.996,0.988,13.9,side
2024-01-16 06:06:12,61.4,97.7,1,0.961,14.1,side
2024-01-16 06:06:14,61.6,97.4,1,1,13.8,side
2024-01-16 06:06:16,61.3,97.7,1,0.998,14.2,side
2024-01-16 06:06:18,62.8,97.7,1,0.997,13.5,side
2024-01-16 06:06:20,61.2,97.8,1,1,13.6,side
2024-01-16 06:06:22,64.5,97.3,1,1,13.1,side
2024-01-16 06:06:24,61.5,97.5,0.984,1,14.9,side
2024-01-16 06:06:26,64.4,96.9,1,1,14.8,side
2024-01-16 06:06:28,64.2,97.4,0.968,0.992,13.8,side
2024-01-16 06:06:30,62.1,97.2,0.989,0.96,13.8,side
2024-01-16 06:06:32,63.6,97.7,1,0.969,14,side
2024-01-16 06:06:34,64.1,98,0.977,0.991,13.4,side
2024-01-16 06:06:36,58.4,98.1,1,0.968,13.4,side
2024-01-16 06:06:38,60.1,97.6,0.984,0.989,15.7,side
2024-01-16 06:06:40,63.4,97.7,1,0.972,14.7,side
2024-01-16 06:06:42,62.8,97.5,0.983,1,13.5,side
2024-01-16 06:06:44,61.3,97.7,0.977,1,14.2,side
2024-01-16 06:06:46,63.7,97.1,1,1,13.9,side
2024-01-16 06:06:48,60.3,97.8,1,1,13.9,side
2024-01-16 06:06:50,60.6,97.6,1,1,13.6,side
2024-01-16 06:06:52,62.5,98,1,1,14.5,side
2024-01-16 06:06:54,63.7,97.6,1,0.99,14.6,side
2024-01-16 06:06:56,61.8,97.5,0.991,1,13.4,side
2024-01-16 06:06:58,60.7,97.5,1,0.991,14.4,side
2024-01-16 06:07:00,63.7,97.4,0.982,0.968,13.6,side
2024-01-16 06:07:02,63.8,97.4,1,0.966,14.3,side
2024-01-16 06:07:04,59.7,97.4,1,1,14.2,side
2024-01-16 06:07:06,62.8,97.5,0.944,1,13.8,side
2024-01-16 06:07:08,61.8,97.8,0.987,1,13.6,side
2024-01-16 06:07:10,64,97.6,0.971,1,12.9,side
2024-01-16 06:07:12,60.7,96.9,1,0.999,13.1,side
2024-01-16 06:07:14,60.9,98,1,0.998,13.4,side
2024-01-16 06:07:16,61.4,98.2,0.939,0.98,14.2,side
2024-01-16 06:07:18,60.6,97.7,1,0.993,13.7,side
2024-01-16 06:07:20,61.8,97.8,0.99,1,13.8,side
2024-01-16 06:07:22,60.7,97.5,1,0.979,14.2,side
2024-01-16 06:07:24,62.2,97.1,1,1,14.1,side
2024-01-16 06:07:26,62.8,97.5,1,0.959,14.5,side
2024-01-16 06:07:28,62.5,97.3,0.977,0.978,14.1,side
2024-01-16 06:07:30,58.8,97.2,0.999,0.98,13.6,side
2024-01-16 06:07:32,62.3,97,1,0.959,14.6,side
2024-01-16 06:07:34,61.8,97.2,1,1,13.3,side
2024-01-16 06:07:36,61.7,97.2,0.955,1,14.4,side
2024-01-16 06:07:38,61.4,98.2,1,1,14.3,side
2024-01-16 06:07:40,61.4,97.7,0.949,1,14,side
2024-01-16 06:07:42,62.3,97.7,1,0.986,13.6,side
2024-01-16 06:07:44,59.1,97.1,0.988,0.963,14.4,side
2024-01-16 06:07:46,61.5,97.6,1,0.947,14.8,side
2024-01-16 06:07:48,60.2,97.3,1,0.951,13.4,side
2024-01-16 06:07:50,63.3,97.3,0.994,0.977,13.8,side
2024-01-16 06:07:52,63.7,97.4,1,1,14.6,side
2024-01-16 06:07:54,60.3,97,1,1,13.7,side
2024-01-16 06:07:56,60.6,98.2,0.987,1,14.5,side
2024-01-16 06:07:58,63.1,98.2,0.969,1,13.1,side
2024-01-16 06:08:00,62.9,97.4,1,0.985,13.8,side
2024-01-16 06:08:02,61.1,97.4,1,1,13.8,side
2024-01-16 06:08:04,61.9,96.8,1,0.992,13.5,side
2024-01-16 06:08:06,60.9,98,0.98,0.993,14.6,side
2024-01-16 06:08:08,62.3,97.8,0.953,0.945,13.2,side
2024-01-16 06:08:10,62.6,97.5,0.934,1,14.5,side
2024-01-16 06:08:12,61.1,97.5,1,0.947,14,side
2024-01-16 06:08:14,61,97.6,0.988,1,13.9,side
2024-01-16 06:08:16,61.1,97.1,1,1,13.8,side
2024-01-16 06:08:18,59.8,97.6,1,1,14,side
2024-01-16 06:08:20,62.6,97.4,0.993,0.999,13.7,side
2024-01-16 06:08:22,62.7,97.5,0.957,1,13.5,side
2024-01-16 06:08:24,60,97.6,1,0.975,13.5,side
2024-01-16 06:08:26,60.1,97.6,0.968,1,14.6,side
2024-01-16 06:08:28,62.4,97.4,1,0.991,13.1,side
2024-01-16 06:08:30,60.6,98.3,0.982,1,12.8,side
2024-01-16 06:08:32,61.1,97.5,0.966,0.946,13.9,side
2024-01-16 06:08:34,62,97.1,0.967,1,14.6,side
2024-01-16 06:08:36,65.5,97.6,1,0.962,14.1,side
2024-01-16 06:08:38,61.1,97.3,1,0.977,14.5,side
2024-01-16 06:08:40,62.6,97,0.986,1,13.7,side
2024-01-16 06:08:42,60.2,97.5,0.99,0.986,13.7,side
2024-01-16 06:08:44,60.6,97.4,1,0.99,14.1,side
2024-01-16 06:08:46,62.3,97.5,0.982,0.987,14.2,side
2024-01-16 06:08:48,61.9,97.8,1,0.996,13.5,side
2024-01-16 06:08:50,62.4,97.6,0.946,1,13.7,side
2024-01-16 06:08:52,61.8,97.5,1,1,13.2,side
2024-01-16 06:08:54,62.1,97,1,1,13.3,side
2024-01-16 06:08:56,60.7,97.9,0.999,1,13.9,side
2024-01-16 06:08:58,62.6,97.5,0.943,0.999,13.1,side
2024-01-16 06:09:00,63.8,97.9,1,0.982,14.2,side
2024-01-16 06:09:02,62.8,97.7,1,1,13.6,side
2024-01-16 06:09:04,60.6,98.1,1,1,13.4,side
2024-01-16 06:09:06,62.4,97.6,0.925,1,14.2,side
2024-01-16 06:09:08,63.3,97.9,0.973,1,14.3,side
2024-01-16 06:09:10,62.4,96.9,1,0.978,14.3,side
2024-01-16 06:09:12,61.1,98,1,1,14,side
2024-01-16 06:09:14,61.7,97.6,1,1,14.1,side
2024-01-16 06:09:16,59.3,97.5,1,1,14.2,side
2024-01-16 06:09:18,60.2,97.6,1,1,14.6,side
2024-01-16 06:09:20,62.1,97.8,1,0.988,14.7,side
2024-01-16 06:09:22,64.9,97.5,0.946,0.985,14.1,side
2024-01-16 06:09:24,63.1,97.1,0.977,1,14.5,side
2024-01-16 06:09:26,61.7,97.7,1,1,13.9,side
2024-01-16 06:09:28,64.2,97.1,0.982,1,14.4,side
2024-01-16 06:09:30,64.9,97.4,0.96,0.967,14.1,side
2024-01-16 06:09:32,60.7,97.4,0.989,1,13.4,side
2024-01-16 06:09:34,60.2,97.7,1,1,13.6,side
2024-01-16 06:09:36,61.1,97.6,1,1,13.6,side
2024-01-16 06:09:38,65.7,97.7,1,0.986,13.9,side
2024-01-16 06:09:40,61.1,98.1,0.99,0.957,12.7,side
2024-01-16 06:09:42,60.2,98.2,0.989,0.994,13.9,side
2024-01-16 06:09:44,61.1,97.5,1,0.961,13.6,side
2024-01-16 06:09:46,64.6,97.1,0.975,1,13.6,side
2024-01-16 06:09:48,63.4,97.5,1,1,14.6,side
2024-01-16 06:09:50,62.9,98,0.991,0.987,13.8,side
2024-01-16 06:09:52,62.2,97.5,1,0.975,13.7,side
2024-01-16 06:09:54,59.9,97.1,1,1,14.8,side
2024-01-16 06:09:56,63.7,97,0.989,0.987,13.6,side
2024-01-16 06:09:58,61.7,97.4,0.964,0.987,13.9,side
2024-01-16 06:10:00,62,97.4,1,1,14.3,side
2024-01-16 06:10:02,63.2,97.8,0.996,0.963,14.2,side
2024-01-16 06:10:04,61.1,97.7,1,1,14.5,side
2024-01-16 06:10:06,63.2,97.5,1,1,14.2,side
2024-01-16 06:10:08,61.7,97.1,1,0.964,14.5,side
2024-01-16 06:10:10,63.8,97.6,0.926,0.998,13.7,side
2024-01-16 06:10:12,63.1,97.8,1,0.943,14.3,side
2024-01-16 06:10:14,60.4,97.5,1,1,14.3,side
2024-01-16 06:10:16,62.2,97.4,0.987,0.972,14.5,side
2024-01-16 06:10:18,59.9,97.6,1,1,13.6,side
2024-01-16 06:10:20,61.4,97.6,0.946,0.99,14,side
2024-01-16 06:10:22,61.1,97.8,0.959,1,14,side
2024-01-16 06:10:24,61.8,97.8,0.934,1,13.9,side
2024-01-16 06:10:26,61.3,97.3,0.959,1,13.1,side
2024-01-16 06:10:28,60.7,97.5,0.974,1,13.9,side
2024-01-16 06:10:30,59.1,97.4,1,1,14.5,side
2024-01-16 06:10:32,62.3,98,0.979,1,13.5,side
2024-01-16 06:10:34,62.3,98,0.968,1,13.3,side
2024-01-16 06:10:36,58,97.6,0.958,1,13.3,side
2024-01-16 06:10:38,62.3,98,1,1,13.9,side
2024-01-16 06:10:40,59.1,97.6,1,1,13.2,side
2024-01-16 06:10:42,64.5,97.6,1,0.996,13.6,side
2024-01-16 06:10:44,63.1,97.3,1,0.945,14.8,side
2024-01-16 06:10:46,64.3,97.1,0.946,0.962,13.9,side
2024-01-16 06:10:48,63,97.7,1,1,13.8,side
2024-01-16 06:10:50,59.7,97.8,1,1,14.7,side
2024-01-16 06:10:52,61.2,97.4,1,0.996,14.2,side
2024-01-16 06:10:54,59.9,97.8,1,1,14,side
2024-01-16 06:10:56,61.7,97,1,1,14.2,side
2024-01-16 06:10:58,63,97.5,1,0.985,13.7,side
2024-01-16 06:11:00,64.2,97.6,1,1,13.3,side
2024-01-16 06:11:02,63.6,97.4,0.993,1,14.1,side
2024-01-16 06:11:04,62.2,97.7,1,1,13.9,side
2024-01-16 06:11:06,62.3,97.9,0.961,0.947,14.9,side
2024-01-16 06:11:08,62.6,97.3,0.997,0.975,13.4,side
2024-01-16 06:11:10,62.7,97,1,1,13.9,side
2024-01-16 06:11:12,62.4,97.3,0.975,0.974,13.6,side
2024-01-16 06:11:14,60.3,97.2,0.955,0.976,13.8,side
2024-01-16 06:11:16,62.3,97.4,0.993,0.993,14.1,side
2024-01-16 06:11:18,63.6,97.8,0.948,1,14.8,side
2024-01-16 06:11:20,62.5,97.6,0.946,0.98,14.3,side
2024-01-16 06:11:22,62.1,98.3,0.988,1,14.5,side
2024-01-16 06:11:24,62.7,97.6,0.933,0.994,14,side
2024-01-16 06:11:26,65.2,97.6,0.995,0.998,14.3,side
2024-01-16 06:11:28,64.2,97.6,0.958,1,14.9,side
2024-01-16 06:11:30,63.2,96.9,0.949,0.968,14.4,side
2024-01-16 06:11:32,59.1,97.2,0.956,0.957,13.9,side
2024-01-16 06:11:34,63.1,97.8,1,0.969,13.9,side
2024-01-16 06:11:36,62.6,97.5,0.992,1,14.1,side
2024-01-16 06:11:38,60.4,96.8,0.999,0.973,13.1,side
2024-01-16 06:11:40,61.2,97.4,0.988,0.963,13.3,side
2024-01-16 06:11:42,61,96.5,1,1,14.7,side
2024-01-16 06:11:44,60.6,97.1,0.965,1,13.8,side
2024-01-16 06:11:46,63.6,97.7,0.958,0.98,13.9,side
2024-01-16 06:11:48,61.2,97.4,0.971,0.999,13.7,side
2024-01-16 06:11:50,62.1,98.1,1,1,14.1,side
2024-01-16 06:11:52,63.5,97.4,0.989,1,15,side
2024-01-16 06:11:54,61.1,96.9,1,1,14.3,side
2024-01-16 06:11:56,62,97.4,1,0.949,13.8,side
2024-01-16 06:11:58,59.8,97.6,1,1,15.2,side
2024-01-16 06:12:00,62.5,98,0.984,0.996,13.6,side
2024-01-16 06:12:02,60.9,98,1,0.99,13.6,side
2024-01-16 06:12:04,62.8,97.4,1,1,13.9,side
2024-01-16 06:12:06,60.7,97.4,1,1,13.6,side
2024-01-16 06:12:08,63.9,97.6,1,0.991,14.2,side
2024-01-16 06:12:10,62.2,97.8,1,0.95,13.2,side
2024-01-16 06:12:12,64,97.8,0.991,0.955,13.6,side
2024-01-16 06:12:14,63.3,97.9,1,0.952,13.6,side
2024-01-16 06:12:16,62.1,97.9,1,1,14.4,side
2024-01-16 06:12:18,64.8,96.9,0.938,1,14.4,side
2024-01-16 06:12:20,61.7,97.4,1,1,13.2,side
2024-01-16 06:12:22,60.9,97.5,1,1,14.2,side
2024-01-16 06:12:24,62.7,97.1,1,1,13.8,side
2024-01-16 06:12:26,62.5,97.9,1,0.978,14.4,side
2024-01-16 06:12:28,61.9,97.9,0.995,1,14.3,side
2024-01-16 06:12:30,60.3,97.7,1,1,14.7,side
2024-01-16 06:12:32,59.2,97.8,1,0.952,14.6,side
2024-01-16 06:12:34,63.2,97.6,0.988,0.967,14.2,side
2024-01-16 06:12:36,64.7,97.9,0.989,1,12.8,side
2024-01-16 06:12:38,62.8,97.6,0.966,0.996,13.7,side
2024-01-16 06:12:40,61.4,97.5,0.975,1,13.4,side
2024-01-16 06:12:42,60.4,97.2,0.96,0.986,13.7,side
2024-01-16 06:12:44,63.3,97.4,1,1,13.7,side
2024-01-16 06:12:46,60.8,97.1,0.993,1,13.8,side
2024-01-16 06:12:48,59.1,97.8,0.998,0.979,14.8,side
2024-01-16 06:12:50,60.1,97.9,1,1,13.9,side
2024-01-16 06:12:52,62.2,97.3,0.953,1,13.3,side
2024-01-16 06:12:54,61.9,97.1,1,0.995,13.4,side
2024-01-16 06:12:56,63.7,97.5,1,1,13.5,side
2024-01-16 06:12:58,59.8,98,1,0.976,14.5,side
2024-01-16 06:13:00,60.1,97.6,0.983,1,14.8,side
2024-01-16 06:13:02,60.2,98,1,0.99,14.2,side
2024-01-16 06:13:04,63.6,97.6,1,1,13.1,side
2024-01-16 06:13:06,64.8,97.6,1,0.998,14.4,side
2024-01-16 06:13:08,60.5,97.8,1,0.945,13.7,side
2024-01-16 06:13:10,61.2,97.5,1,0.995,13.8,side
2024-01-16 06:13:12,62.2,97.5,1,0.979,14.8,side
2024-01-16 06:13:14,60.9,97.6,1,0.995,14,side
2024-01-16 06:13:16,62.8,97.3,0.981,0.949,13.6,side
2024-01-16 06:13:18,59.6,97.6,0.957,0.995,13.3,side
2024-01-16 06:13:20,61.8,97.7,0.976,1,14.1,side
2024-01-16 06:13:22,61.8,98,0.954,0.999,13.4,side
2024-01-16 06:13:24,62.8,97.7,0.989,0.986,14.2,side
2024-01-16 06:13:26,60.7,97.6,1,0.99,13.7,side
2024-01-16 06:13:28,63.2,97.5,1,0.993,15.1,side
2024-01-16 06:13:30,63.5,97.1,0.961,1,14,side
2024-01-16 06:13:32,63.9,97.7,1,0.991,14.7,side
2024-01-16 06:13:34,62,97.2,1,0.966,14.2,side
2024-01-16 06:13:36,64.4,97.2,1,1,14,side
2024-01-16 06:13:38,62.9,97.6,0.995,1,14.3,side
2024-01-16 06:13:40,63,97.8,1,0.992,13.9,side
2024-01-16 06:13:42,63.9,97.3,0.962,0.976,13.9,side
2024-01-16 06:13:44,64,98.3,0.986,1,13.4,side
2024-01-16 06:13:46,63,97.1,1,0.992,13.7,side
2024-01-16 06:13:48,63.1,97.7,0.979,0.985,14,side
2024-01-16 06:13:50,61.4,97.6,0.988,1,13.8,side
2024-01-16 06:13:52,63,97.4,1,1,14.5,side
2024-01-16 06:13:54,63.7,97.6,1,0.968,13.7,side
2024-01-16 06:13:56,60.2,97.5,1,1,13.4,side
2024-01-16 06:13:58,66,97.3,0.976,1,13.7,side
2024-01-16 06:14:00,62.3,97.5,0.997,1,14.3,side
2024-01-16 06:14:02,63.8,97.5,0.981,0.971,13.8,side
2024-01-16 06:14:04,61,97.6,1,0.996,13.3,side
2024-01-16 06:14:06,61.5,97.2,1,0.98,14.1,side
2024-01-16 06:14:08,63.8,97.8,0.998,1,12.8,side
2024-01-16 06:14:10,63.2,97.5,0.984,1,14,side
2024-01-16 06:14:12,61.1,98,1,1,14.1,side
2024-01-16 06:14:14,64.2,97.2,0.985,0.983,14.6,side
2024-01-16 06:14:16,59.9,97,0.979,1,13.8,side
2024-01-16 06:14:18,62.4,97.3,1,0.971,13.2,side
2024-01-16 06:14:20,60.5,97.4,0.988,1,14.8,side
2024-01-16 06:14:22,60.4,97.7,1,1,13.4,side
2024-01-16 06:14:24,59.1,97.7,0.97,0.97,14.3,side
2024-01-16 06:14:26,62.8,97.3,1,0.955,14.6,side
2024-01-16 06:14:28,63.6,97.7,0.955,1,13.9,side
2024-01-16 06:14:30,60.9,97.2,0.937,1,14.3,side
2024-01-16 06:14:32,63.1,97.7,1,1,14.5,side
2024-01-16 06:14:34,65.2,98,0.993,1,13.5,side
2024-01-16 06:14:36,59.9,97.3,0.983,1,13.9,side
2024-01-16 06:14:38,59.9,97.7,0.984,0.98,13.8,side
2024-01-16 06:14:40,60.5,97.5,0.975,1,13.9,side
2024-01-16 06:14:42,61.4,97.8,0.951,1,13.7,side
2024-01-16 06:14:44,60.2,98,0.989,1,14.8,side
2024-01-16 06:14:46,63.1,97.4,0.975,0.96,14.5,side
2024-01-16 06:14:48,61.7,97.9,1,1,14.4,side
2024-01-16 06:14:50,63,97.8,0.995,1,13.5,side
2024-01-16 06:14:52,62.6,97.2,0.97,1,13.7,side
2024-01-16 06:14:54,63.7,97.5,1,0.995,14.1,side
2024-01-16 06:14:56,62.2,98.2,0.968,1,14,side
2024-01-16 06:14:58,60.5,97.9,1,0.986,15.1,side
2024-01-16 06:15:00,61.4,97.3,0.984,0.994,15.4,side
2024-01-16 06:15:02,63.6,97.3,0.928,1,14.1,side
2024-01-16 06:15:04,62.3,97,1,1,14.4,side
2024-01-16 06:15:06,60.6,97.4,0.994,1,13.5,side
2024-01-16 06:15:08,60.8,97.2,0.977,1,13.6,side
2024-01-16 06:15:10,62,97.1,0.989,1,14.1,side
2024-01-16 06:15:12,63.1,97.5,0.951,0.972,13.9,side
2024-01-16 06:15:14,61.3,97.7,0.999,1,13.7,side
2024-01-16 06:15:16,61.8,97.6,0.978,0.987,14,side
2024-01-16 06:15:18,58.5,96.8,1,0.977,14.7,side
2024-01-16 06:15:20,60.8,97.8,1,0.986,13,side
2024-01-16 06:15:22,64.1,96.9,1,0.965,14.1,side
2024-01-16 06:15:24,61,97.6,0.932,0.974,13.9,side
2024-01-16 06:15:26,60.4,98,1,0.993,14,side
2024-01-16 06:15:28,58.4,97.2,0.956,0.998,13.5,side
2024-01-16 06:15:30,61.7,97.8,0.993,0.994,14.5,side
2024-01-16 06:15:32,60.4,97.7,0.958,1,13.4,side
2024-01-16 06:15:34,62.5,97.6,1,1,13.8,side
2024-01-16 06:15:36,62.4,97.7,1,1,14.3,side
2024-01-16 06:15:38,62.1,97.7,0.991,0.964,13.6,side
2024-01-16 06:15:40,60,97.8,1,0.945,14.2,side
2024-01-16 06:15:42,62.9,97.4,0.993,1,13.6,side
2024-01-16 06:15:44,61.9,97.4,0.937,1,14.6,side
2024-01-16 06:15:46,62.7,97.2,0.955,0.967,13.8,side
2024-01-16 06:15:48,60.3,97.6,1,1,13.6,side
2024-01-16 06:15:50,61.3,97.6,0.951,1,14.3,side
2024-01-16 06:15:52,62.5,97.9,1,1,14.8,side
2024-01-16 06:15:54,64.1,97.4,1,0.984,14.6,side
2024-01-16 06:15:56,60.1,97.6,1,1,13.6,side
2024-01-16 06:15:58,62.2,97.7,0.996,1,14.1,side
2024-01-16 06:16:00,60.4,98.1,1,1,13.9,side
2024-01-16 06:16:02,62.4,97.4,0.948,0.992,13.8,side
2024-01-16 06:16:04,62.2,97.5,0.99,0.986,14.1,side
2024-01-16 06:16:06,62.2,97.6,0.979,0.956,13.8,side
2024-01-16 06:16:08,62.2,97.7,0.979,0.986,14.8,side
2024-01-16 06:16:10,62.2,97.9,0.986,0.987,14.2,side
2024-01-16 06:16:12,62.4,96.7,1,1,13.9,side
2024-01-16 06:16:14,63.2,97.4,0.99,1,13.9,side
2024-01-16 06:16:16,64.6,97.8,0.994,1,14.2,side
2024-01-16 06:16:18,63.3,97.4,1,0.982,13.7,side
2024-01-16 06:16:20,60.6,97.4,0.978,0.986,14.3,side
2024-01-16 06:16:22,62.7,97.4,0.989,1,12.8,side
2024-01-16 06:16:24,62.3,97.4,0.977,1,14.1,side
2024-01-16 06:16:26,61.2,97.6,0.991,1,14.9,side
2024-01-16 06:16:28,61.5,97.4,1,1,13.8,side
2024-01-16 06:16:30,62.4,96.9,1,0.954,14.3,side
2024-01-16 06:16:32,61.6,97.4,0.989,0.984,14.3,side
2024-01-16 06:16:34,63,97.6,0.988,1,14.3,side
2024-01-16 06:16:36,63.1,97.5,0.993,0.966,14.3,side
2024-01-16 06:16:38,61.7,97.7,1,0.999,14,side
2024-01-16 06:16:40,64.2,97.6,1,0.993,14.3,side
2024-01-16 06:16:42,59.7,97.6,0.948,1,13.5,side
2024-01-16 06:16:44,62.5,98.2,1,1,14.3,side
2024-01-16 06:16:46,61.5,98,0.956,0.954,13.3,side
2024-01-16 06:16:48,61,97.2,0.997,1,14.9,side
2024-01-16 06:16:50,60.8,97.5,0.994,1,13.7,side
2024-01-16 06:16:52,61.9,98.1,1,0.974,13.8,side
2024-01-16 06:16:54,64.4,97.3,0.983,1,15.2,side
2024-01-16 06:16:56,61.3,97,1,1,14.3,side
2024-01-16 06:16:58,62.5,97.5,1,0.998,14.2,side
2024-01-16 06:17:00,63.8,97.6,0.977,0.987,13.7,side
2024-01-16 06:17:02,62.8,97.2,0.988,1,13.6,side
2024-01-16 06:17:04,61,97.7,0.965,1,14.3,side
2024-01-16 06:17:06,63.3,97.6,1,1,13.3,side
2024-01-16 06:17:08,62.1,98.2,0.991,0.972,13.8,side
2024-01-16 06:17:10,63.7,97,0.977,1,13.8,side
2024-01-16 06:17:12,61.4,97.2,1,0.994,14.5,side
2024-01-16 06:17:14,64.1,97.1,1,1,13.8,side
2024-01-16 06:17:16,62.9,97.1,0.975,1,14.7,side
2024-01-16 06:17:18,64.7,97.5,1,1,14.5,side
2024-01-16 06:17:20,63.9,97.3,1,1,13.1,side
2024-01-16 06:17:22,60.1,97.4,1,0.991,14.1,side
2024-01-16 06:17:24,62.4,98.1,1,1,15,side
2024-01-16 06:17:26,63.1,97.7,1,0.963,13.6,side
2024-01-16 06:17:28,58.9,97.5,1,1,14.1,side
2024-01-16 06:17:30,60.7,97,1,0.993,13.9,side
2024-01-16 06:17:32,64.3,97.7,1,0.976,13.7,side
2024-01-16 06:17:34,61.1,97.1,0.998,1,13.3,side
2024-01-16 06:17:36,61.2,97.6,1,0.995,13.2,side
2024-01-16 06:17:38,61.1,97.1,0.941,0.999,14.1,side
2024-01-16 06:17:40,62.1,97.8,1,1,13.9,side
2024-01-16 06:17:42,61,97.4,0.985,0.99,14.1,side
2024-01-16 06:17:44,61.3,97.3,1,1,14.2,side
2024-01-16 06:17:46,62.8,97.8,0.995,1,14.3,side
2024-01-16 06:17:48,63.4,97.5,1,1,13.8,side
2024-01-16 06:17:50,63.5,97.5,1,0.98,13.9,side
2024-01-16 06:17:52,63,97.5,1,1,14.8,side
2024-01-16 06:17:54,60.1,97.4,1,1,13.3,side
2024-01-16 06:17:56,63.7,97.4,0.962,1,13.5,side
2024-01-16 06:17:58,61.1,97.5,1,0.987,14.3,side
2024-01-16 06:18:00,63.6,97.4,1,1,14.6,side
2024-01-16 06:18:02,62.7,97.6,1,1,13.8,side
2024-01-16 06:18:04,62.3,97.8,1,0.976,14.1,side
2024-01-16 06:18:06,62.3,97.6,0.958,1,14.1,side
2024-01-16 06:18:08,63.1,97.9,1,0.98,15.1,side
2024-01-16 06:18:10,60.7,97.6,1,1,13.9,side
2024-01-16 06:18:12,62.4,97.7,0.993,1,14.7,side
2024-01-16 06:18:14,61.8,97.7,0.993,0.983,13,side
2024-01-16 06:18:16,61.9,96.9,1,1,12.9,side
2024-01-16 06:18:18,61.3,97.5,0.992,1,14.3,side
2024-01-16 06:18:20,62.9,97.5,0.929,1,14.1,side
2024-01-16 06:18:22,65.3,97.6,0.995,1,13.5,side
2024-01-16 06:18:24,62,97.6,1,1,14.8,side
2024-01-16 06:18:26,61.3,97.2,0.981,1,14.2,side
2024-01-16 06:18:28,63.3,97.7,0.944,0.987,13,side
2024-01-16 06:18:30,61.3,97.6,1,1,14.1,side
2024-01-16 06:18:32,61.1,98,1,1,14.4,side
2024-01-16 06:18:34,64.5,97.2,0.941,1,13.7,side
2024-01-16 06:18:36,62.5,98,1,0.975,14.3,side
2024-01-16 06:18:38,61.5,97.9,1,0.982,14,side
2024-01-16 06:18:40,65.3,97,1,1,14.4,side
2024-01-16 06:18:42,63.7,97.3,1,0.993,14.2,side
2024-01-16 06:18:44,63.2,97.2,1,0.985,14,side
2024-01-16 06:18:46,60.9,97.9,0.989,0.945,14.7,side
2024-01-16 06:18:48,62.6,97.3,0.979,0.95,14.2,side
2024-01-16 06:18:50,61.8,97.3,1,1,14,side
2024-01-16 06:18:52,63.5,97.4,0.977,1,13.8,side
2024-01-16 06:18:54,62.5,97.2,0.964,1,14.3,side
2024-01-16 06:18:56,64.4,97.4,0.936,0.959,13.9,side
2024-01-16 06:18:58,62.7,97.5,1,0.992,14,side
2024-01-16 06:19:00,61.2,97.2,1,1,13.8,side
2024-01-16 06:19:02,62.4,97.6,0.971,0.976,14.7,side
2024-01-16 06:19:04,62.2,97.5,0.947,0.996,14.3,side
2024-01-16 06:19:06,61.8,96.9,1,1,14.3,side
2024-01-16 06:19:08,62.3,97.8,1,0.986,14.4,side
2024-01-16 06:19:10,63.1,97.4,1,1,14.6,side
2024-01-16 06:19:12,62.3,97.6,1,0.996,14,side
2024-01-16 06:19:14,60.4,97.4,0.98,0.974,13.4,side
2024-01-16 06:19:16,63.8,98.1,1,0.996,14.2,side
2024-01-16 06:19:18,60.8,97.7,1,1,14.1,side
2024-01-16 06:19:20,61.5,96.7,1,0.947,13.8,side
2024-01-16 06:19:22,61.4,97.2,0.96,1,14.1,side
2024-01-16 06:19:24,61.2,97.1,1,0.983,13.7,side
2024-01-16 06:19:26,59.7,97.8,0.986,0.981,14.5,side
2024-01-16 06:19:28,62.6,97.5,1,1,14.4,side
2024-01-16 06:19:30,62.4,97.5,1,1,13.8,side
2024-01-16 06:19:32,63.4,97.6,0.995,1,14.1,side
2024-01-16 06:19:34,60.8,97.2,0.994,1,13.9,side
2024-01-16 06:19:36,63.3,97.5,0.926,0.985,13.6,side
2024-01-16 06:19:38,61.6,97.3,1,0.994,13.6,side
2024-01-16 06:19:40,59.7,97.2,0.972,1,14,side
2024-01-16 06:19:42,60.5,97.7,1,0.983,14,side
2024-01-16 06:19:44,63.6,97.5,0.978,1,14.8,side
2024-01-16 06:19:46,62.5,97.5,1,0.974,13.4,side
2024-01-16 06:19:48,61.6,97.3,1,0.999,13.9,side
2024-01-16 06:19:50,62.3,97.9,1,1,13.4,side
2024-01-16 06:19:52,63.5,97.8,1,0.972,14.4,side
2024-01-16 06:19:54,60.6,98,1,0.963,14.4,side
2024-01-16 06:19:56,62.1,97.6,0.978,0.993,14,side
2024-01-16 06:19:58,62.4,97.4,0.997,0.991,14.4,side
2024-01-16 06:20:00,61.5,97.7,0.345,0.577,6.1,side
2024-01-16 06:20:02,64.3,97.5,0.392,0.709,6.8,side
2024-01-16 06:20:04,62.1,97.3,0.181,0.57,8.5,side
2024-01-16 06:20:06,63.2,97.3,0.513,0.738,7.7,side
2024-01-16 06:20:08,60.9,97.6,0.544,0.578,9.5,side
2024-01-16 06:20:10,62.4,97.7,0.226,0.624,9.6,side
2024-01-16 06:20:12,62.3,96.7,1,1,13.7,side
2024-01-16 06:20:14,64.1,96.9,1,0.979,13.6,side
2024-01-16 06:20:16,62.2,97.3,0.988,1,13.5,side
2024-01-16 06:20:18,63,96,1,0.991,13.8,side
2024-01-16 06:20:20,61.3,96,1,1,15.2,side
2024-01-16 06:20:22,62.7,96,0.999,1,14.5,side
2024-01-16 06:20:24,61.7,97.5,0.997,0.948,14.5,side
2024-01-16 06:20:26,60.1,97.5,1,1,13.6,side
2024-01-16 06:20:28,61.1,97.3,0.984,1,14.6,side
2024-01-16 06:20:30,64.5,97.7,0.999,1,13.7,side
2024-01-16 06:20:32,63.1,98,1,0.982,14,side
2024-01-16 06:20:34,61.2,97.4,1,1,14.6,side
2024-01-16 06:20:36,63.1,97.4,1,0.981,14.8,side
2024-01-16 06:20:38,61.5,97.6,1,0.989,14.3,side
2024-01-16 06:20:40,61.7,97.4,0.975,0.97,13.8,side
2024-01-16 06:20:42,61.3,97.6,1,1,14.3,side
2024-01-16 06:20:44,59.7,97.8,0.982,1,14.3,side
2024-01-16 06:20:46,61.4,97.4,0.968,1,13.8,side
2024-01-16 06:20:48,62,97.2,1,1,15.2,side
2024-01-16 06:20:50,61.4,97.4,1,0.992,14.7,side
2024-01-16 06:20:52,63,96.9,1,0.961,13.7,side
2024-01-16 06:20:54,61.6,97.3,1,1,14,side
2024-01-16 06:20:56,61.7,97.4,1,0.98,13.2,side
2024-01-16 06:20:58,64.9,97.2,0.93,1,14.5,side
2024-01-16 06:21:00,59.9,97.5,0.949,1,14.4,side
2024-01-16 06:21:02,61.1,97.3,0.988,0.98,14.2,side
2024-01-16 06:21:04,65,97.1,0.985,1,14.6,side
2024-01-16 06:21:06,62.5,97.2,0.993,1,13.7,side
2024-01-16 06:21:08,61.5,97.4,0.967,1,13.6,side
2024-01-16 06:21:10,62.5,97.4,1,1,13.2,side
2024-01-16 06:21:12,61,97.2,1,1,14.3,side
2024-01-16 06:21:14,64.6,97.5,1,0.96,14.9,side
2024-01-16 06:21:16,64.9,97.1,0.996,0.956,13.9,side
2024-01-16 06:21:18,64.1,97.4,0.994,0.981,13.4,side
2024-01-16 06:21:20,63.8,97.6,0.996,1,14.3,side
2024-01-16 06:21:22,61,97.8,0.942,1,14.7,side
2024-01-16 06:21:24,62.4,97.5,1,1,13.7,side
2024-01-16 06:21:26,58.2,97.4,0.951,1,13.5,side
2024-01-16 06:21:28,60.2,97.5,1,1,13.5,side
2024-01-16 06:21:30,61.7,97.4,1,0.983,14,side
2024-01-16 06:21:32,66,96.9,1,0.983,14.6,side
2024-01-16 06:21:34,63.6,97.5,1,0.951,14.5,side
2024-01-16 06:21:36,63.2,97.4,0.998,0.956,13.5,side
2024-01-16 06:21:38,60.7,97.8,1,1,15,side
2024-01-16 06:21:40,58.9,97.8,0.967,1,13.8,side
2024-01-16 06:21:42,58.7,97.3,1,1,13.4,side
2024-01-16 06:21:44,63.3,97.3,1,1,13.4,side
2024-01-16 06:21:46,63.4,97.5,0.967,1,14.6,side
2024-01-16 06:21:48,61.8,97.4,0.974,1,14.7,side
2024-01-16 06:21:50,62.3,97.1,0.98,0.988,13.5,side
2024-01-16 06:21:52,61.1,97.2,1,0.964,12.8,side
2024-01-16 06:21:54,63.6,98,0.995,1,13.8,side
2024-01-16 06:21:56,62.1,97.3,1,1,14.5,side
2024-01-16 06:21:58,62.7,97.7,1,1,14.6,side
2024-01-16 06:22:00,61.5,97.9,1,0.964,14.4,side
2024-01-16 06:22:02,65.6,97.4,1,1,13.8,side
2024-01-16 06:22:04,62.2,97.2,1,1,14.9,side
2024-01-16 06:22:06,60,97.6,0.994,1,14.6,side
2024-01-16 06:22:08,62.2,97.7,0.947,0.962,14.5,side
2024-01-16 06:22:10,60.2,98.5,0.991,1,14.2,side
2024-01-16 06:22:12,62.1,97.9,1,0.964,14.5,side
2024-01-16 06:22:14,60.4,97.7,0.915,1,14.2,side
2024-01-16 06:22:16,62.8,97.3,0.999,1,14.4,side
2024-01-16 06:22:18,61.2,97.6,0.986,1,14.2,side
2024-01-16 06:22:20,61.7,97.4,0.947,1,13.8,side
2024-01-16 06:22:22,63.6,97.8,0.97,1,14.3,side
2024-01-16 06:22:24,61.8,98.2,1,0.98,13.2,side
2024-01-16 06:22:26,60.9,97.4,1,0.989,14,side
2024-01-16 06:22:28,59.7,97.3,1,0.994,13.5,side
2024-01-16 06:22:30,62,97.9,1,1,13.7,side
2024-01-16 06:22:32,59.8,96.8,1,1,15.2,side
2024-01-16 06:22:34,59.5,97.5,0.972,0.998,14.3,side
2024-01-16 06:22:36,61,97.3,0.987,1,14.2,side
2024-01-16 06:22:38,63.3,97.4,0.982,0.988,14.1,side
2024-01-16 06:22:40,62.7,97,0.992,0.977,14.3,side
2024-01-16 06:22:42,63.9,97.2,1,1,14.6,side
2024-01-16 06:22:44,63.4,97.6,0.989,1,13.4,side
2024-01-16 06:22:46,61.4,97.9,0.901,0.984,14.8,side
2024-01-16 06:22:48,62.9,97.6,0.999,1,13.8,side
2024-01-16 06:22:50,62.8,97.4,0.966,1,13.9,side
2024-01-16 06:22:52,63.5,98,0.982,1,12.8,side
2024-01-16 06:22:54,60.9,98.1,1,0.987,13.4,side
2024-01-16 06:22:56,60.3,97.6,1,1,14.2,side
2024-01-16 06:22:58,64.6,97.9,1,1,14.8,side
2024-01-16 06:23:00,63.7,97.8,0.96,0.974,14.4,side
2024-01-16 06:23:02,63.6,97.5,0.999,1,13.9,side
2024-01-16 06:23:04,62.8,97.9,1,1,13.8,side
2024-01-16 06:23:06,63.6,97.7,0.998,0.975,14,side
2024-01-16 06:23:08,62.6,97.2,1,1,14.5,side
2024-01-16 06:23:10,59,97,1,0.946,15,side
2024-01-16 06:23:12,59.3,97.3,1,1,13.6,side
2024-01-16 06:23:14,62.8,97.7,0.97,0.996,14,side
2024-01-16 06:23:16,62.3,97.2,0.974,1,13.7,side
2024-01-16 06:23:18,63.7,97.7,1,0.988,14.8,side
2024-01-16 06:23:20,62.1,97.4,1,0.972,13,side
2024-01-16 06:23:22,60.5,97.5,1,1,14.1,side
2024-01-16 06:23:24,62.6,97.5,0.978,1,14.7,side
2024-01-16 06:23:26,63,97.5,1,1,13.5,side
2024-01-16 06:23:28,61.8,97.8,1,0.993,14.4,side
2024-01-16 06:23:30,62.8,97.7,0.996,0.968,14.4,side
2024-01-16 06:23:32,62.1,97,0.987,1,13.9,side
2024-01-16 06:23:34,63,98,0.995,1,13.3,side
2024-01-16 06:23:36,59.9,97.7,0.991,1,14.9,side
2024-01-16 06:23:38,61.6,97.3,1,1,13.7,side
2024-01-16 06:23:40,63.7,97.6,0.979,0.969,14.2,side
2024-01-16 06:23:42,62.1,97.3,1,1,13.8,side
2024-01-16 06:23:44,62.6,98,1,1,14.4,side
2024-01-16 06:23:46,61.1,97,1,1,14.2,side
2024-01-16 06:23:48,65.9,97.6,0.983,0.989,13.3,side
2024-01-16 06:23:50,61,97.4,1,0.98,14.3,side
2024-01-16 06:23:52,61.9,97.7,1,1,14.3,side
2024-01-16 06:23:54,62.7,97.7,1,1,14.6,side
2024-01-16 06:23:56,64.4,97.2,0.952,0.931,14.1,side
2024-01-16 06:23:58,61.6,97.5,0.988,0.991,13.8,side
2024-01-16 06:24:00,63.4,97.5,0.968,1,14.2,side
2024-01-16 06:24:02,65.2,97.9,0.926,1,14.5,side
2024-01-16 06:24:04,62.7,97.6,1,0.98,14.5,side
2024-01-16 06:24:06,61.8,98.3,0.958,1,14.5,side
2024-01-16 06:24:08,60.8,97.4,1,1,13.6,side
2024-01-16 06:24:10,60.5,97.2,1,0.987,14.2,side
2024-01-16 06:24:12,61.2,97.1,0.984,1,14.5,side
2024-01-16 06:24:14,60.8,97.4,0.998,0.938,14.1,side
2024-01-16 06:24:16,63.6,97.8,1,1,14.2,side
2024-01-16 06:24:18,60.4,97.2,0.993,0.992,13.1,side
2024-01-16 06:24:20,64.6,97.8,0.989,0.954,14.6,side
2024-01-16 06:24:22,61.8,97.7,0.968,1,14.7,side
2024-01-16 06:24:24,60.2,97.3,0.991,0.972,14.5,side
2024-01-16 06:24:26,60,97.5,0.989,1,14.2,side
2024-01-16 06:24:28,62.2,98.2,1,1,13.5,side
2024-01-16 06:24:30,60.9,97.5,0.998,1,13.6,side
2024-01-16 06:24:32,64.3,97.2,0.987,0.991,13.8,side
2024-01-16 06:24:34,62.6,97.6,1,0.939,14.8,side
2024-01-16 06:24:36,64.6,97.1,0.998,0.964,13.5,side
2024-01-16 06:24:38,61.4,97.3,0.996,0.983,13.6,side
2024-01-16 06:24:40,62,97.6,0.997,0.999,13.6,side
2024-01-16 06:24:42,62.1,97.7,0.952,1,14.5,side
2024-01-16 06:24:44,57.5,97.4,0.964,0.994,13.2,side
2024-01-16 06:24:46,61.2,97.4,0.987,1,13.1,side
2024-01-16 06:24:48,62.9,97.2,0.986,1,13.3,side
2024-01-16 06:24:50,62.7,97.3,1,0.97,15.1,side
2024-01-16 06:24:52,63.4,98,0.972,1,13.2,side
2024-01-16 06:24:54,58.5,97.6,0.987,1,14.5,side
2024-01-16 06:24:56,60.7,98.2,1,1,14.3,side
2024-01-16 06:24:58,62.8,97.4,1,1,14,side
2024-01-16 06:25:00,63.6,97.6,0.952,1,13.3,side
2024-01-16 06:25:02,62.2,97,1,1,13.8,side
2024-01-16 06:25:04,62.2,97.4,1,1,14.2,side
2024-01-16 06:25:06,62.9,97.9,1,1,14.2,side
2024-01-16 06:25:08,64,97.1,0.978,0.973,13.5,side
2024-01-16 06:25:10,63.8,97.3,1,0.992,14.1,side
2024-01-16 06:25:12,61.9,97.5,1,1,13.9,side
2024-01-16 06:25:14,60.2,97.3,1,0.981,14.2,side
2024-01-16 06:25:16,61.3,97.6,1,0.987,14.4,side
2024-01-16 06:25:18,62.4,97.7,1,1,14.2,side
2024-01-16 06:25:20,59.4,97.3,0.972,0.966,14.6,side
2024-01-16 06:25:22,61.3,98.2,1,1,13.4,side
2024-01-16 06:25:24,63.6,97.9,1,0.979,13.4,side
2024-01-16 06:25:26,63.1,97.8,1,1,13.9,side
2024-01-16 06:25:28,61.5,96.9,1,0.991,14.1,side
2024-01-16 06:25:30,62.4,97.6,1,1,14.4,side
2024-01-16 06:25:32,63.4,97.6,0.988,1,14.1,side
2024-01-16 06:25:34,61.6,97.4,1,0.971,13.7,side
2024-01-16 06:25:36,60.6,97.8,0.985,1,13.7,side
2024-01-16 06:25:38,63.7,97.4,0.977,1,14.2,side
2024-01-16 06:25:40,63.2,97.3,0.987,0.995,14,side
2024-01-16 06:25:42,63.5,97.6,1,0.974,13.6,side
2024-01-16 06:25:44,62.5,97.7,1,1,14.4,side
2024-01-16 06:25:46,60.2,97.3,0.999,0.974,14.2,side
2024-01-16 06:25:48,60.9,97.2,0.981,1,13.4,side
2024-01-16 06:25:50,64.1,97.4,0.964,1,13.8,side
2024-01-16 06:25:52,63.4,97.9,1,1,13.8,side
2024-01-16 06:25:54,64.6,97.2,1,1,14.3,side
2024-01-16 06:25:56,61.5,98.1,1,0.997,13.7,side
2024-01-16 06:25:58,64.9,97.8,1,1,13.5,side
2024-01-16 06:26:00,61.3,97.4,1,1,13.4,side
2024-01-16 06:26:02,63.5,97.3,1,1,14.2,side
2024-01-16 06:26:04,62.3,97.1,0.99,1,14,side
2024-01-16 06:26:06,62.9,97.2,0.998,1,14.1,side
2024-01-16 06:26:08,60.1,97.3,1,0.995,14,side
2024-01-16 06:26:10,62.8,97.5,0.956,1,14,side
2024-01-16 06:26:12,61.4,98.3,1,0.902,14.3,side
2024-01-16 06:26:14,62.1,97.5,1,1,14.1,side
2024-01-16 06:26:16,62.3,97.6,0.99,0.955,14.3,side
2024-01-16 06:26:18,63.6,97.5,0.95,1,14.1,side
2024-01-16 06:26:20,63.5,97.8,0.991,1,14.4,side
2024-01-16 06:26:22,61.8,97.8,0.992,1,13.1,side
2024-01-16 06:26:24,62.7,97.6,0.983,0.96,14.7,side
2024-01-16 06:26:26,61.4,97.4,1,1,14.4,side
2024-01-16 06:26:28,61.3,97.9,1,1,14.4,side
2024-01-16 06:26:30,64,97.3,0.984,1,14.1,side
2024-01-16 06:26:32,65,98,1,0.964,14.8,side
2024-01-16 06:26:34,62.3,97.2,0.995,0.988,13.8,side
2024-01-16 06:26:36,61.9,96.8,0.999,1,13.4,side
2024-01-16 06:26:38,59.4,97.5,1,1,15.2,side
2024-01-16 06:26:40,59.9,98,0.951,1,13.9,side
2024-01-16 06:26:42,63.1,97.2,1,0.99,13.5,side
2024-01-16 06:26:44,63,97.6,0.994,0.975,13.7,side
2024-01-16 06:26:46,63.7,97.9,1,1,14.6,side
2024-01-16 06:26:48,59.1,97.8,1,0.96,13.4,side
2024-01-16 06:26:50,58.7,97.4,1,1,13.9,side
2024-01-16 06:26:52,60.7,97.5,1,0.996,13.9,side
2024-01-16 06:26:54,61.2,97.7,1,0.991,14.3,side
2024-01-16 06:26:56,59.9,97.6,0.992,1,13.8,side
2024-01-16 06:26:58,61,97.3,1,0.966,14.2,side
2024-01-16 06:27:00,61.5,97.9,1,1,15.3,side
2024-01-16 06:27:02,60.7,97.6,0.958,0.953,13.7,side
2024-01-16 06:27:04,61.3,98,1,0.998,13.9,side
2024-01-16 06:27:06,62.7,97.3,1,0.972,13.3,side
2024-01-16 06:27:08,62.8,97.9,1,1,13.4,side
2024-01-16 06:27:10,60.3,97.7,1,1,13.8,side
2024-01-16 06:27:12,61.6,97.7,1,0.929,14.4,side
2024-01-16 06:27:14,60.5,97.6,1,1,13.7,side
2024-01-16 06:27:16,65,97.4,0.973,0.951,13.4,side
2024-01-16 06:27:18,63,97.3,0.949,0.952,14.4,side
2024-01-16 06:27:20,62.1,97.2,0.987,1,14.1,side
2024-01-16 06:27:22,60.3,97.6,1,1,14,side
2024-01-16 06:27:24,62.6,96.7,1,1,14.1,side
2024-01-16 06:27:26,63.4,97.3,1,1,13.2,side
2024-01-16 06:27:28,60.8,97.4,1,0.991,14.3,side
2024-01-16 06:27:30,63.1,97.5,0.932,0.961,14.3,side
2024-01-16 06:27:32,65.4,97.6,0.969,0.963,14.6,side
2024-01-16 06:27:34,63,97.7,0.981,0.998,13.9,side
2024-01-16 06:27:36,63.6,97.4,1,0.985,14,side
2024-01-16 06:27:38,61.1,97.2,1,1,14,side
2024-01-16 06:27:40,60.7,97.5,0.965,0.978,14.2,side
2024-01-16 06:27:42,62.2,97.7,1,1,13.1,side
2024-01-16 06:27:44,62,97.6,1,1,14.8,side
2024-01-16 06:27:46,62.1,97.4,1,1,14.8,side
2024-01-16 06:27:48,62.5,97.6,1,0.991,13.6,side
2024-01-16 06:27:50,61.5,97.7,1,0.995,13.8,side
2024-01-16 06:27:52,60.4,97.5,0.997,0.954,14.5,side
2024-01-16 06:27:54,61,97.6,0.988,0.984,13.5,side
2024-01-16 06:27:56,62.2,97.4,1,1,13.9,side
2024-01-16 06:27:58,63,97.1,0.996,1,14.1,side
2024-01-16 06:28:00,61.6,97.3,0.995,1,14.5,side
2024-01-16 06:28:02,60.8,97,1,1,12.8,side
2024-01-16 06:28:04,62.2,97.7,0.97,0.933,13.5,side
2024-01-16 06:28:06,61.3,97.7,0.976,1,14.4,side
2024-01-16 06:28:08,63.6,97.4,1,1,14.5,side
2024-01-16 06:28:10,61.9,97.5,1,1,13.8,side
2024-01-16 06:28:12,59,97.2,1,1,13.4,side
2024-01-16 06:28:14,63,97.3,1,0.994,13.1,side
2024-01-16 06:28:16,60.7,97.3,0.973,1,13.2,side
2024-01-16 06:28:18,62.9,97.7,1,1,14.1,side
2024-01-16 06:28:20,63,97,0.934,0.964,13.7,side
2024-01-16 06:28:22,60.6,97.1,1,0.978,14.6,side
2024-01-16 06:28:24,63.2,97.7,0.959,1,14,side
2024-01-16 06:28:26,64.2,97.4,1,1,14.9,side
2024-01-16 06:28:28,62,97.7,1,1,13.1,side
2024-01-16 06:28:30,63.8,97.4,1,1,13.3,side
2024-01-16 06:28:32,60.3,97.6,1,0.981,14,side
2024-01-16 06:28:34,66.7,97.1,0.996,1,14.5,side
2024-01-16 06:28:36,61.8,97.4,0.974,1,14.7,side
2024-01-16 06:28:38,63.5,97.3,0.942,1,13.7,side
2024-01-16 06:28:40,63.7,97.4,0.988,0.974,14.7,side
2024-01-16 06:28:42,60.9,97.4,0.957,1,14,side
2024-01-16 06:28:44,62,97.1,1,1,13.7,side
2024-01-16 06:28:46,60,97,1,0.981,13.9,side
2024-01-16 06:28:48,62,96.8,0.995,1,14.3,side
2024-01-16 06:28:50,61.5,97.5,0.948,0.993,14.5,side
2024-01-16 06:28:52,61.3,97.1,0.989,0.982,14.5,side
2024-01-16 06:28:54,65.8,97,0.965,1,14,side
2024-01-16 06:28:56,62.7,97.9,0.951,1,13.9,side
2024-01-16 06:28:58,62.2,97.5,0.985,0.986,13.8,side
2024-01-16 06:29:00,62.7,97.3,0.979,1,14.4,side
2024-01-16 06:29:02,64,96.9,1,0.961,14,side
2024-01-16 06:29:04,61.4,97.6,0.966,0.992,13.7,side
2024-01-16 06:29:06,61.8,97.8,1,0.994,13.6,side
2024-01-16 06:29:08,62.3,97.6,0.999,0.989,13.3,side
2024-01-16 06:29:10,62.7,97.5,1,0.93,13.5,side
2024-01-16 06:29:12,62.9,97.5,1,1,13.4,side
2024-01-16 06:29:14,60.1,97.3,0.989,1,14.5,side
2024-01-16 06:29:16,60.1,97,0.978,1,13.6,side
2024-01-16 06:29:18,60.2,97.4,0.954,0.966,15.1,side
2024-01-16 06:29:20,59.3,97.4,0.995,0.973,12.9,side
2024-01-16 06:29:22,59.8,97.9,0.969,1,14.5,side
2024-01-16 06:29:24,61.3,97.6,0.978,1,14.2,side
2024-01-16 06:29:26,64.8,97.7,0.978,0.981,14.5,side
2024-01-16 06:29:28,61.8,97.5,1,1,14.2,side
2024-01-16 06:29:30,60.5,97.7,1,0.986,13.9,side
2024-01-16 06:29:32,61.4,97.6,0.977,1,13.7,side
2024-01-16 06:29:34,61.8,97.2,0.96,1,13.2,side
2024-01-16 06:29:36,64,97.7,0.97,0.989,14.1,side
2024-01-16 06:29:38,61.7,97.8,1,1,14.7,side
2024-01-16 06:29:40,64.3,96.9,1,1,14.6,side
2024-01-16 06:29:42,61.7,97.5,1,0.989,14.5,side
2024-01-16 06:29:44,61.9,97.4,1,1,14.7,side
2024-01-16 06:29:46,61.6,97.4,1,0.969,14.2,side
2024-01-16 06:29:48,61.7,97.6,1,1,14.5,side
2024-01-16 06:29:50,62.7,97.6,0.987,0.997,15.4,side
2024-01-16 06:29:52,61.9,97.8,1,0.907,13.9,side
2024-01-16 06:29:54,60.4,97.5,1,0.944,14.3,side
2024-01-16 06:29:56,62.2,97.9,1,1,14.3,side
2024-01-16 06:29:58,62.2,97.5,0.96,1,14.2,side
2024-01-16 06:30:00,60.8,97.7,1,0.991,14,side
2024-01-16 06:30:02,63.2,97.8,0.992,1,14.7,side
2024-01-16 06:30:04,62.2,97.6,0.919,0.97,14.5,side
2024-01-16 06:30:06,62.7,97.9,0.986,1,14.8,side
2024-01-16 06:30:08,63.3,97.5,1,1,14.5,side
2024-01-16 06:30:10,61.6,97.3,1,1,13.5,side
2024-01-16 06:30:12,63.3,97.7,0.989,0.987,14.8,side
2024-01-16 06:30:14,61,97.5,1,1,14.3,side
2024-01-16 06:30:16,63.2,97.3,1,1,13.6,side
2024-01-16 06:30:18,61.5,97.4,0.978,1,14.1,side
2024-01-16 06:30:20,61.7,97.9,0.987,1,14.5,side
2024-01-16 06:30:22,63.6,97.5,0.959,1,14.5,side
2024-01-16 06:30:24,61.3,97.9,0.989,1,13.9,side
2024-01-16 06:30:26,63.4,97.9,0.982,0.988,14.1,side
2024-01-16 06:30:28,61.9,97.6,0.992,0.981,13.5,side
2024-01-16 06:30:30,62.4,97.5,0.977,0.994,14.3,side
2024-01-16 06:30:32,63.6,97.4,1,0.943,14.4,side
2024-01-16 06:30:34,60.4,97,1,0.958,13.7,side
2024-01-16 06:30:36,61.7,97.8,0.948,1,13.6,side
2024-01-16 06:30:38,61.6,97.9,1,0.971,13.5,side
2024-01-16 06:30:40,61.1,97.4,0.998,1,13.6,side
2024-01-16 06:30:42,62.7,97.1,1,0.986,13.4,side
2024-01-16 06:30:44,61.7,97.3,0.995,1,13.8,side
2024-01-16 06:30:46,59.7,97.3,0.99,1,14.1,side
2024-01-16 06:30:48,59.8,97.5,0.994,0.994,13.8,side
2024-01-16 06:30:50,62,97.3,1,1,14.5,side
2024-01-16 06:30:52,61.4,97.6,0.974,0.963,13.3,side
2024-01-16 06:30:54,59.8,97.7,1,0.973,13.9,side
2024-01-16 06:30:56,60.4,97.4,0.992,1,14.2,side
2024-01-16 06:30:58,63.8,97.7,0.992,0.995,14.6,side
2024-01-16 06:31:00,61.1,97.2,0.945,0.949,14.4,side
2024-01-16 06:31:02,60.3,97.8,0.98,1,13.5,side
2024-01-16 06:31:04,59.5,97.9,1,0.957,13.3,side
2024-01-16 06:31:06,64.4,97.9,0.994,1,13.1,side
2024-01-16 06:31:08,57.6,97.4,0.997,1,14.2,side
2024-01-16 06:31:10,59.6,98.3,0.966,1,15.1,side
2024-01-16 06:31:12,61.9,97.4,1,0.999,13.3,side
2024-01-16 06:31:14,61.9,97.6,0.967,0.997,13.9,side
2024-01-16 06:31:16,59.8,96.9,1,1,14.8,side
2024-01-16 06:31:18,63.5,97.7,0.949,1,14.7,side
2024-01-16 06:31:20,61.6,97,1,1,13.8,side
2024-01-16 06:31:22,62.8,97.7,1,1,13.7,side
2024-01-16 06:31:24,61.3,97.1,0.974,1,14.3,side
2024-01-16 06:31:26,60.8,97.1,0.943,0.941,12.8,side
2024-01-16 06:31:28,63.5,98.2,0.988,1,13.5,side
2024-01-16 06:31:30,61.2,96.9,1,1,13.4,side
2024-01-16 06:31:32,62.9,97.6,1,0.971,13,side
2024-01-16 06:31:34,63.3,97.8,0.96,1,14.4,side
2024-01-16 06:31:36,65.3,97.4,0.979,0.999,13.1,side
2024-01-16 06:31:38,57.4,97.7,1,0.972,14.1,side
2024-01-16 06:31:40,61.3,97.6,0.981,1,14.3,side
2024-01-16 06:31:42,61.3,97.5,0.954,1,14.5,side
2024-01-16 06:31:44,62.8,97.4,0.981,1,12.9,side
2024-01-16 06:31:46,61.8,97.5,0.989,1,14,side
2024-01-16 06:31:48,62.3,97.2,1,0.954,14.2,side
2024-01-16 06:31:50,62.1,96.9,1,0.969,14.3,side
2024-01-16 06:31:52,61.8,97.5,0.998,0.958,13.7,side
2024-01-16 06:31:54,61.5,97.6,1,1,13.3,side
2024-01-16 06:31:56,63.5,97.9,0.977,1,14.1,side
2024-01-16 06:31:58,59,97.3,1,1,14.3,side
2024-01-16 06:32:00,62.7,97.4,0.99,1,14.1,side
2024-01-16 06:32:02,62,97.9,1,0.98,13.9,side
2024-01-16 06:32:04,60.6,97.3,1,0.947,13.7,side
2024-01-16 06:32:06,65.1,97.9,1,1,13.8,side
2024-01-16 06:32:08,62.3,97.4,0.98,0.993,14,side
2024-01-16 06:32:10,63.3,97.1,1,0.962,13.2,side
2024-01-16 06:32:12,62.2,97.5,1,1,13.6,side
2024-01-16 06:32:14,60.7,97.4,0.997,1,14.5,side
2024-01-16 06:32:16,63,97.5,0.996,0.989,13.9,side
2024-01-16 06:32:18,59.6,96.8,0.967,1,13.7,side
2024-01-16 06:32:20,57.6,97.5,1,1,14.1,side
2024-01-16 06:32:22,64.6,97.4,0.954,0.99,14.3,side
2024-01-16 06:32:24,62.7,97.8,1,0.975,13.9,side
2024-01-16 06:32:26,59.1,98.1,0.985,1,14.1,side
2024-01-16 06:32:28,61.6,97.5,1,0.959,14,side
2024-01-16 06:32:30,61.5,97.3,1,1,13.9,side
2024-01-16 06:32:32,61.2,97.5,0.974,1,13.4,side
2024-01-16 06:32:34,63.1,97.4,0.99,1,13.3,side
2024-01-16 06:32:36,60.7,97.5,1,1,13.5,side
2024-01-16 06:32:38,62.1,97.5,1,0.971,13.3,side
2024-01-16 06:32:40,61.5,97.6,0.984,1,14.3,side
2024-01-16 06:32:42,60.4,97.7,1,0.961,14,side
2024-01-16 06:32:44,61.5,97.8,0.928,1,13.7,side
2024-01-16 06:32:46,60.3,97.1,1,0.941,14.1,side
2024-01-16 06:32:48,61.7,97.6,0.982,1,14,side
2024-01-16 06:32:50,63.1,97.5,1,0.982,13.8,side
2024-01-16 06:32:52,63.1,97.4,1,1,13.5,side
2024-01-16 06:32:54,61.8,97.2,1,0.993,13.5,side
2024-01-16 06:32:56,63.1,97.6,0.968,1,14.2,side
2024-01-16 06:32:58,62,98.2,1,0.951,14.2,side
2024-01-16 06:33:00,61.7,97.8,1,0.979,14.8,side
2024-01-16 06:33:02,60.8,97.6,1,0.993,14.4,side
2024-01-16 06:33:04,64.1,97.4,0.989,0.992,13.8,side
2024-01-16 06:33:06,61.8,97.8,1,1,14.2,side
2024-01-16 06:33:08,63.6,97.5,0.987,1,14.4,side
2024-01-16 06:33:10,62.2,97.5,0.955,1,14.3,side
2024-01-16 06:33:12,60.3,98,0.981,1,14.2,side
2024-01-16 06:33:14,59.3,97.6,0.998,0.985,13.4,side
2024-01-16 06:33:16,58.9,97.9,1,0.961,14,side
2024-01-16 06:33:18,62.6,97.3,0.974,1,14.6,side
2024-01-16 06:33:20,63.7,97.7,1,0.944,14.5,side
2024-01-16 06:33:22,60.8,97.7,0.971,1,13.6,side
2024-01-16 06:33:24,63.2,97.6,1,1,13.3,side
2024-01-16 06:33:26,62,97.1,1,0.94,13.4,side
2024-01-16 06:33:28,64.1,97.6,1,0.935,13.6,side
2024-01-16 06:33:30,62.6,97.6,0.956,0.977,13.9,side
2024-01-16 06:33:32,64.5,97.6,0.974,1,13.9,side
2024-01-16 06:33:34,62.1,97.1,1,0.975,13.8,side
2024-01-16 06:33:36,63.8,97,0.995,1,13.2,side
2024-01-16 06:33:38,63.1,97.3,1,0.995,13.9,side
2024-01-16 06:33:40,61.7,97.1,0.942,0.988,13.6,side
2024-01-16 06:33:42,62.5,97.5,1,1,14,side
2024-01-16 06:33:44,60.5,97.4,1,0.972,13.7,side
2024-01-16 06:33:46,63.4,97.4,1,0.985,12.9,side
2024-01-16 06:33:48,59.3,97,1,0.983,13.5,side
2024-01-16 06:33:50,62.7,97.9,0.994,1,13.8,side
2024-01-16 06:33:52,63.5,97.3,0.979,1,14.2,side
2024-01-16 06:33:54,60.5,97.1,1,1,13.6,side
2024-01-16 06:33:56,62.5,97.3,1,1,14.2,side
2024-01-16 06:33:58,62.2,97.2,0.986,0.985,14.6,side
2024-01-16 06:34:00,60.4,97.5,0.986,1,14.2,side
2024-01-16 06:34:02,61.5,97.5,0.977,0.99,13.8,side
2024-01-16 06:34:04,63.6,97.5,1,1,13.9,side
2024-01-16 06:34:06,61.4,97.2,0.951,0.994,14.8,side
2024-01-16 06:34:08,62.5,97.5,0.995,0.985,14.4,side
2024-01-16 06:34:10,59.8,97.1,1,0.966,13.8,side
2024-01-16 06:34:12,63.3,97,1,0.998,14,side
2024-01-16 06:34:14,61.9,97.5,0.963,0.989,13.7,side
2024-01-16 06:34:16,61,97.1,1,0.995,14.4,side
2024-01-16 06:34:18,64.1,97.7,1,1,14.2,side
2024-01-16 06:34:20,60.8,96.9,0.968,1,14.1,side
2024-01-16 06:34:22,60.4,97.2,0.985,0.994,12.9,side
2024-01-16 06:34:24,64.3,97.5,0.989,1,13.6,side
2024-01-16 06:34:26,61.1,97.8,0.961,1,13.9,side
2024-01-16 06:34:28,62.5,97.5,1,1,14.5,side
2024-01-16 06:34:30,60.6,97.7,0.98,0.958,13.9,side
2024-01-16 06:34:32,59.9,98.5,1,0.984,13.6,side
2024-01-16 06:34:34,61.1,97.6,1,1,13.9,side
2024-01-16 06:34:36,61.5,97.5,1,0.972,14.5,side
2024-01-16 06:34:38,64.1,98.2,0.954,0.967,14.6,side
2024-01-16 06:34:40,61.1,96.8,0.957,0.923,13.5,side
2024-01-16 06:34:42,61.9,97.8,0.991,1,14.4,side
2024-01-16 06:34:44,62.4,98.2,1,1,13.9,side
2024-01-16 06:34:46,63.6,97.3,1,1,13,side
2024-01-16 06:34:48,59.4,97.4,0.972,1,13.9,side
2024-01-16 06:34:50,62.3,97.6,1,0.999,14.5,side
2024-01-16 06:34:52,63.6,97.2,1,0.996,13.5,side
2024-01-16 06:34:54,60.9,97.2,0.991,0.985,14.3,side
2024-01-16 06:34:56,60.3,97.7,0.983,1,14.5,side
2024-01-16 06:34:58,62.9,98,0.988,0.992,13.3,side
2024-01-16 06:35:00,63.1,97.4,1,1,14,side
2024-01-16 06:35:02,63.2,97.7,0.998,1,14.5,side
2024-01-16 06:35:04,58.9,97.7,1,1,13.5,side
2024-01-16 06:35:06,63.4,97.7,1,1,13.6,side
2024-01-16 06:35:08,62.1,97.4,0.96,1,13.4,side
2024-01-16 06:35:10,62.7,97.8,1,1,15.2,side
2024-01-16 06:35:12,62.9,97.1,1,1,13.8,side
2024-01-16 06:35:14,59.8,97,0.988,0.957,13.7,side
2024-01-16 06:35:16,62.4,97.3,1,1,13.7,side
2024-01-16 06:35:18,64.1,97.5,0.978,1,13.8,side
2024-01-16 06:35:20,59.9,97.7,0.993,0.977,13.9,side
2024-01-16 06:35:22,61.2,97.5,1,1,13.5,side
2024-01-16 06:35:24,62.4,97.9,0.982,0.959,13,side
2024-01-16 06:35:26,63.7,97.7,1,0.997,14.2,side
2024-01-16 06:35:28,62.9,97.5,0.993,0.953,14.6,side
2024-01-16 06:35:30,63.4,97.8,0.995,1,14.3,side
2024-01-16 06:35:32,60.9,97.8,0.964,0.998,13.5,side
2024-01-16 06:35:34,62.5,97.4,0.969,1,14.2,side
2024-01-16 06:35:36,61.4,97.4,1,1,14.3,side
2024-01-16 06:35:38,65,97.3,0.976,0.976,13.7,side
2024-01-16 06:35:40,62.2,97.2,0.965,0.978,13.4,side
2024-01-16 06:35:42,60.2,97.2,1,1,15.3,side
2024-01-16 06:35:44,61.1,98.2,0.941,0.984,14,side
2024-01-16 06:35:46,61.5,96.9,0.955,1,14.4,side
2024-01-16 06:35:48,58.3,97.1,0.998,0.987,14.4,side
2024-01-16 06:35:50,61.6,97.7,0.959,0.999,14.2,side
2024-01-16 06:35:52,62.9,96.8,0.921,1,14.8,side
2024-01-16 06:35:54,60.5,97.8,0.96,0.99,14.1,side
2024-01-16 06:35:56,63.2,97.1,1,1,13.3,side
2024-01-16 06:35:58,60.1,97.3,1,0.98,13.8,side
2024-01-16 06:36:00,62,97.2,1,0.987,14.6,side
2024-01-16 06:36:02,63.3,97.6,1,0.996,14.8,side
2024-01-16 06:36:04,63,97.7,1,1,13,side
2024-01-16 06:36:06,62.2,97.3,0.97,0.971,14.2,side
2024-01-16 06:36:08,64.2,97.6,1,1,14.3,side
2024-01-16 06:36:10,61,97.7,0.989,0.995,12.8,side
2024-01-16 06:36:12,62.8,97.1,0.974,1,14.2,side
2024-01-16 06:36:14,61.5,97,1,1,13.8,side
2024-01-16 06:36:16,63.8,97.2,0.972,1,14,side
2024-01-16 06:36:18,63.1,97.4,0.984,0.956,14.4,side
2024-01-16 06:36:20,62.5,96.9,1,0.945,13.9,side
2024-01-16 06:36:22,61.5,97.2,0.967,1,13.6,side
2024-01-16 06:36:24,60,97.4,0.999,0.914,13.3,side
2024-01-16 06:36:26,61.5,97.7,1,0.966,13.1,side
2024-01-16 06:36:28,64,97.1,1,0.997,13.7,side
2024-01-16 06:36:30,63.2,97.8,1,0.952,14.7,side
2024-01-16 06:36:32,62,97.5,0.984,1,14.2,side
2024-01-16 06:36:34,58.6,97.4,0.994,1,13.4,side
2024-01-16 06:36:36,60.4,97.4,1,1,13.3,side
2024-01-16 06:36:38,60.2,97.2,1,1,13.8,side
2024-01-16 06:36:40,60.9,97.9,1,0.943,13.8,side
2024-01-16 06:36:42,61.7,97,0.958,0.986,13.6,side
2024-01-16 06:36:44,61.5,97.3,1,1,14.1,side
2024-01-16 06:36:46,61.4,97.6,1,0.998,13.8,side
2024-01-16 06:36:48,63.5,97,0.994,0.991,14.8,side
2024-01-16 06:36:50,61.4,98.1,1,0.998,13.4,side
2024-01-16 06:36:52,62.5,97.4,1,0.987,13.4,side
2024-01-16 06:36:54,63.1,97.7,1,1,14.4,side
2024-01-16 06:36:56,62.3,97,1,1,14,side
2024-01-16 06:36:58,61.4,97.6,1,0.998,13.7,side
2024-01-16 06:37:00,60.2,97.5,1,1,13.8,side
2024-01-16 06:37:02,63.3,97.8,0.966,0.992,14.2,side
2024-01-16 06:37:04,61.4,97.3,0.996,0.996,13.8,side
2024-01-16 06:37:06,64.9,97.4,1,0.999,14.6,side
2024-01-16 06:37:08,63,97.9,0.928,0.997,15,side
2024-01-16 06:37:10,60.1,97.4,1,0.994,13.2,side
2024-01-16 06:37:12,60.5,97.2,0.96,0.984,13.6,side
2024-01-16 06:37:14,62.9,97.6,0.986,1,14.6,side
2024-01-16 06:37:16,62,97.2,1,1,14,side
2024-01-16 06:37:18,61.2,97.2,1,1,13.5,side
2024-01-16 06:37:20,61,97.5,0.947,0.978,13.4,side
2024-01-16 06:37:22,63.1,97.5,1,1,13.8,side
2024-01-16 06:37:24,59.3,97,1,1,13.9,side
2024-01-16 06:37:26,61.7,97.9,1,0.981,14,side
2024-01-16 06:37:28,63,97.5,0.983,1,14.3,side
2024-01-16 06:37:30,62.7,97.6,0.971,1,14.3,side
2024-01-16 06:37:32,63.5,97.2,0.985,0.995,13.3,side
2024-01-16 06:37:34,58.9,97.7,0.984,0.944,14.3,side
2024-01-16 06:37:36,61.8,97.4,0.97,1,13.7,side
2024-01-16 06:37:38,65.2,97.7,1,0.971,14.7,side
2024-01-16 06:37:40,65.2,98.1,1,0.972,13.9,side
2024-01-16 06:37:42,62.7,97.5,1,1,15.2,side
2024-01-16 06:37:44,63.8,97.7,1,0.995,13.5,side
2024-01-16 06:37:46,63.2,96.9,1,0.999,13.6,side
2024-01-16 06:37:48,61.6,97.9,1,1,14.3,side
2024-01-16 06:37:50,62.1,97.8,0.97,0.996,14,side
2024-01-16 06:37:52,63.7,97.6,1,1,13.2,side
2024-01-16 06:37:54,59.4,97.7,1,0.966,14.2,side
2024-01-16 06:37:56,63.5,98.1,0.912,0.974,13.6,side
2024-01-16 06:37:58,62.6,97.7,0.985,1,14,side
2024-01-16 06:38:00,63.2,97.7,1,1,13.2,side
2024-01-16 06:38:02,66.1,97.5,0.984,0.985,14.3,side
2024-01-16 06:38:04,61.5,97.6,1,1,13.6,side
2024-01-16 06:38:06,66.7,97.7,1,1,14.8,side
2024-01-16 06:38:08,61.9,98,1,1,14.3,side
2024-01-16 06:38:10,62,97.1,1,1,13.5,side
2024-01-16 06:38:12,62.7,97.4,1,1,14.1,side
2024-01-16 06:38:14,64.2,97.7,0.967,1,13.8,side
2024-01-16 06:38:16,62.1,97.2,0.95,1,14.4,side
2024-01-16 06:38:18,58.8,97.3,0.983,1,13.5,side
2024-01-16 06:38:20,61,97.7,0.961,0.964,14,side
2024-01-16 06:38:22,61.9,97.2,1,0.967,13.7,side
2024-01-16 06:38:24,61.4,96.8,1,0.994,13.6,side
2024-01-16 06:38:26,60.9,97.5,0.994,1,14.6,side
2024-01-16 06:38:28,59.3,97.7,0.976,0.993,13.3,side
2024-01-16 06:38:30,62.4,96.8,1,1,13.4,side
2024-01-16 06:38:32,62.3,97.6,1,0.974,14.8,side
2024-01-16 06:38:34,62.3,97.8,1,1,14.1,side
2024-01-16 06:38:36,61.5,98.1,1,1,13.7,side
2024-01-16 06:38:38,63.1,97.7,1,0.997,14.1,side
2024-01-16 06:38:40,63.2,97.8,1,0.959,14.4,side
2024-01-16 06:38:42,60.8,97,1,0.985,14.3,side
2024-01-16 06:38:44,60.7,97.4,0.999,0.988,13.8,side
2024-01-16 06:38:46,63.9,97.7,0.951,1,13.9,side
2024-01-16 06:38:48,63.7,97.5,1,0.967,14,side
2024-01-16 06:38:50,63.3,97.2,0.999,0.998,15,side
2024-01-16 06:38:52,62.3,97.3,0.976,0.957,14.5,side
2024-01-16 06:38:54,64.6,97.2,0.981,1,13.7,side
2024-01-16 06:38:56,61.5,97.3,1,0.979,14.6,side
2024-01-16 06:38:58,63,97.8,1,0.989,14.2,side
2024-01-16 06:39:00,63,97.6,0.995,0.979,14.1,side
2024-01-16 06:39:02,59.9,98.2,1,0.982,13.7,side
2024-01-16 06:39:04,60.7,97.7,0.988,1,14.7,side
2024-01-16 06:39:06,60.5,97.2,1,0.98,13.2,side
2024-01-16 06:39:08,62.9,97.6,1,0.98,13.2,side
2024-01-16 06:39:10,60.3,97.5,1,1,13.2,side
2024-01-16 06:39:12,61.5,97.5,1,1,14.5,side
2024-01-16 06:39:14,60.6,97.5,1,0.979,13.7,side
2024-01-16 06:39:16,62.9,97.3,0.941,0.997,13.9,side
2024-01-16 06:39:18,64.1,97.6,1,1,14.3,side
2024-01-16 06:39:20,62.2,97.4,0.997,1,13.6,side
2024-01-16 06:39:22,61.6,97.5,0.987,0.969,13,side
2024-01-16 06:39:24,59.3,97.8,1,0.974,13.8,side
2024-01-16 06:39:26,62.3,97.5,1,0.998,13.3,side
2024-01-16 06:39:28,57.8,98.2,1,1,14.6,side
2024-01-16 06:39:30,60.7,97.4,1,0.958,13.5,side
2024-01-16 06:39:32,62.9,97.9,0.953,0.981,14.6,side
2024-01-16 06:39:34,61.4,97.4,1,1,14.4,side
2024-01-16 06:39:36,60.6,97.6,0.96,1,13.8,side
2024-01-16 06:39:38,61.1,97.2,0.98,1,13.9,side
2024-01-16 06:39:40,64.2,98.1,1,0.975,14.3,side
2024-01-16 06:39:42,59.8,97.7,1,0.984,13.9,side
2024-01-16 06:39:44,62.3,98.2,0.996,1,14,side
2024-01-16 06:39:46,62.5,97.3,1,1,13.8,side
2024-01-16 06:39:48,62.4,97.5,0.999,0.982,14.6,side
2024-01-16 06:39:50,60.8,97.5,1,1,13.3,side
2024-01-16 06:39:52,63.7,97.6,0.966,0.975,14.3,side
2024-01-16 06:39:54,61.9,97.7,1,1,14,side
2024-01-16 06:39:56,64.2,97.4,1,1,13.2,side
2024-01-16 06:39:58,63,97.5,1,0.962,14.1,side
2024-01-16 06:40:00,64.3,96.9,1,0.98,14.6,side
2024-01-16 06:40:02,60.6,97.5,0.997,0.94,14,side
2024-01-16 06:40:04,63.5,97.7,0.992,1,13.6,side
2024-01-16 06:40:06,61.2,98,1,1,14,side
2024-01-16 06:40:08,62.6,97.9,0.968,1,13.3,side
2024-01-16 06:40:10,60.3,97.4,1,1,14.1,side
2024-01-16 06:40:12,59.9,97.3,1,0.998,14.5,side
2024-01-16 06:40:14,63.1,97.8,1,0.974,14.4,side
2024-01-16 06:40:16,61.6,97.2,1,0.977,14.4,side
2024-01-16 06:40:18,64.6,97.4,1,1,14.1,side
2024-01-16 06:40:20,61.9,97.4,1,1,14.2,side
2024-01-16 06:40:22,61.5,97.7,1,0.977,14.3,side
2024-01-16 06:40:24,63.2,97.2,0.943,1,14.1,side
2024-01-16 06:40:26,61.8,97.9,1,0.986,14.1,side
2024-01-16 06:40:28,62.3,97.7,0.996,1,14,side
2024-01-16 06:40:30,63.5,97.7,1,1,15,side
2024-01-16 06:40:32,62.8,97.6,0.971,1,13.8,side
2024-01-16 06:40:34,61.9,96.9,0.97,0.972,14.5,side
2024-01-16 06:40:36,60.3,97.3,0.967,1,14.6,side
2024-01-16 06:40:38,63.7,97.6,1,0.99,14.7,side
2024-01-16 06:40:40,61.8,98,0.976,0.985,13.7,side
2024-01-16 06:40:42,60.9,98.1,1,1,14.2,side
2024-01-16 06:40:44,60.7,97.4,1,0.953,14,side
2024-01-16 06:40:46,59.6,97.6,1,1,13.8,side
2024-01-16 06:40:48,62.4,97.5,0.985,1,14.2,side
2024-01-16 06:40:50,61,97.1,0.986,1,14.1,side
2024-01-16 06:40:52,62.9,97.4,0.96,0.962,13.9,side
2024-01-16 06:40:54,60.4,97.3,1,1,14.2,side
2024-01-16 06:40:56,61.4,97.9,0.974,0.977,14.3,side
2024-01-16 06:40:58,64.9,97.3,0.981,0.999,14.1,side
2024-01-16 06:41:00,61.3,97.7,1,0.978,13.8,side
2024-01-16 06:41:02,60.8,97.8,1,0.969,13.3,side
2024-01-16 06:41:04,60.8,97.3,1,1,13.8,side
2024-01-16 06:41:06,60.3,96.6,0.943,0.989,14,side
2024-01-16 06:41:08,60.1,97.1,0.998,1,14.7,side
2024-01-16 06:41:10,61.8,97.7,1,0.986,14.6,side
2024-01-16 06:41:12,62.8,97.4,1,1,13.8,side
2024-01-16 06:41:14,61.3,97.1,1,1,14.6,side
2024-01-16 06:41:16,64.8,98.1,0.955,1,14.2,side
2024-01-16 06:41:18,64.8,97.5,0.983,1,14.2,side
2024-01-16 06:41:20,61.9,97.4,1,1,14.2,side
2024-01-16 06:41:22,62.3,97.9,0.972,0.971,13.9,side
2024-01-16 06:41:24,61.9,97.8,1,1,14.3,side
2024-01-16 06:41:26,58.9,97.2,0.972,0.988,13.8,side
2024-01-16 06:41:28,61.9,97.6,1,0.977,15,side
2024-01-16 06:41:30,62.7,97.7,0.984,1,13.2,side
2024-01-16 06:41:32,62.8,97.1,1,0.999,13.7,side
2024-01-16 06:41:34,63.5,97.3,0.996,1,13.5,side
2024-01-16 06:41:36,61.4,97.2,0.999,0.987,13.5,side
2024-01-16 06:41:38,60.9,97.2,0.961,0.991,14.2,side
2024-01-16 06:41:40,61.7,97.1,0.993,1,13.5,side
2024-01-16 06:41:42,60.3,97.2,0.986,1,13.6,side
2024-01-16 06:41:44,61.3,97.5,0.971,1,13.5,side
2024-01-16 06:41:46,63.2,97.2,1,0.923,13.9,side
2024-01-16 06:41:48,63.4,97.2,1,1,14.3,side
2024-01-16 06:41:50,61.9,97.6,1,1,14,side
2024-01-16 06:41:52,60.2,97.9,0.969,1,14.1,side
2024-01-16 06:41:54,59.8,97.5,1,0.957,14.2,side
2024-01-16 06:41:56,61.4,97.4,1,1,14,side
2024-01-16 06:41:58,64.6,97.3,0.989,0.991,14.3,side
2024-01-16 06:42:00,60.9,97.3,0.972,0.988,14.2,side
2024-01-16 06:42:02,61.7,97.1,1,1,14.7,side
2024-01-16 06:42:04,59.5,97.5,1,1,13.9,side
2024-01-16 06:42:06,60.3,97.6,1,0.981,13.3,side
2024-01-16 06:42:08,63.5,98.1,0.997,0.999,13.7,side
2024-01-16 06:42:10,62.5,97.5,0.994,1,13,side
2024-01-16 06:42:12,62.3,97.6,1,1,14.7,side
2024-01-16 06:42:14,61.1,97.4,1,0.985,14.3,side
2024-01-16 06:42:16,61.8,97.5,0.976,0.982,14.3,side
2024-01-16 06:42:18,63.3,96.9,0.948,1,14.1,side
2024-01-16 06:42:20,59.4,97.8,1,0.984,13,side
2024-01-16 06:42:22,61.8,97.5,0.988,0.988,14.5,side
2024-01-16 06:42:24,59.7,97.2,0.959,0.984,14.2,side
2024-01-16 06:42:26,61.9,97.5,0.992,0.981,14.5,side
2024-01-16 06:42:28,61.1,97.6,1,0.999,13.2,side
2024-01-16 06:42:30,64.7,97.8,0.964,0.994,14.1,side
2024-01-16 06:42:32,61.8,98,1,1,14.5,side
2024-01-16 06:42:34,60,97.4,0.968,1,14.3,side
2024-01-16 06:42:36,61,97.7,0.969,1,13.4,side
2024-01-16 06:42:38,62.7,97.1,0.981,0.974,14.6,side
2024-01-16 06:42:40,60,97.2,0.964,1,14,side
2024-01-16 06:42:42,63.3,97.5,0.979,1,14.2,side
2024-01-16 06:42:44,62.9,97.7,1,0.943,14,side
2024-01-16 06:42:46,60.9,97.8,1,1,14.8,side
2024-01-16 06:42:48,62.6,97.3,0.97,1,14.4,side
2024-01-16 06:42:50,63.2,97.7,0.971,0.979,14.2,side
2024-01-16 06:42:52,62.8,97.6,1,1,15.1,side
2024-01-16 06:42:54,62.2,97.2,0.983,0.971,12.9,side
2024-01-16 06:42:56,60.2,97.8,1,1,13.5,side
2024-01-16 06:42:58,62.4,97.4,1,0.982,14,side
2024-01-16 06:43:00,60.1,97.8,1,1,13.6,side
2024-01-16 06:43:02,63.1,97.8,1,1,14.2,side
2024-01-16 06:43:04,63.3,97.6,1,1,13,side
2024-01-16 06:43:06,62.8,97.6,0.961,0.956,14.7,side
2024-01-16 06:43:08,62.2,97.6,1,1,13.3,side
2024-01-16 06:43:10,66.1,97.6,0.991,0.986,13.2,side
2024-01-16 06:43:12,62.8,97.8,0.986,0.991,14,side
2024-01-16 06:43:14,62,97.7,0.931,0.963,14.3,side
2024-01-16 06:43:16,63.5,97.8,0.989,1,13.7,side
2024-01-16 06:43:18,61.5,97.2,0.989,0.985,13.4,side
2024-01-16 06:43:20,63.1,97.2,0.965,1,14.2,side
2024-01-16 06:43:22,60.9,97.2,1,0.996,14.4,side
2024-01-16 06:43:24,63,97.6,1,1,14.7,side
2024-01-16 06:43:26,62.4,97.6,1,1,13.8,side
2024-01-16 06:43:28,62.8,97.5,0.983,0.996,14.5,side
2024-01-16 06:43:30,60.1,97,0.99,1,14.8,side
2024-01-16 06:43:32,63.8,97.4,1,0.973,13.7,side
2024-01-16 06:43:34,62.8,98.1,1,0.988,14.4,side
2024-01-16 06:43:36,62.5,97.5,1,1,14.2,side
2024-01-16 06:43:38,63.6,97.6,1,0.99,14.4,side
2024-01-16 06:43:40,60.1,96.6,1,1,14.4,side
2024-01-16 06:43:42,61.4,97.1,1,0.995,13.9,side
2024-01-16 06:43:44,61.1,97.2,1,1,13.5,side
2024-01-16 06:43:46,64.1,96.8,1,0.938,14.8,side
2024-01-16 06:43:48,64.7,97.3,0.981,1,13.1,side
2024-01-16 06:43:50,62.7,97.5,0.964,1,14.4,side
2024-01-16 06:43:52,61.7,97.7,1,0.998,14.3,side
2024-01-16 06:43:54,61.3,98.2,0.999,0.964,13.3,side
2024-01-16 06:43:56,62.1,97.4,0.998,0.988,14.1,side
2024-01-16 06:43:58,63,97,0.941,0.985,13.8,side
2024-01-16 06:44:00,61.9,97.8,0.973,1,14.7,side
2024-01-16 06:44:02,59.5,97.5,0.963,1,13.8,side
2024-01-16 06:44:04,62.3,97.6,1,1,14.9,side
2024-01-16 06:44:06,64,97.5,0.95,0.995,13.2,side
2024-01-16 06:44:08,60.2,97.6,0.972,0.981,14.1,side
2024-01-16 06:44:10,62.9,97.3,1,0.994,14.1,side
2024-01-16 06:44:12,61.9,97.6,0.966,0.983,14.6,side
2024-01-16 06:44:14,61,97.8,1,0.998,14,side
2024-01-16 06:44:16,60.3,97.7,1,0.973,14.2,side
2024-01-16 06:44:18,62.8,98.1,0.985,1,15,side
2024-01-16 06:44:20,60.3,97.5,0.943,1,13.3,side
2024-01-16 06:44:22,62.4,98,1,0.971,13.1,side
2024-01-16 06:44:24,66.4,97.3,0.97,0.965,14.1,side
2024-01-16 06:44:26,62.1,97.2,0.927,1,14.2,side
2024-01-16 06:44:28,60.2,97.8,1,1,13.7,side
2024-01-16 06:44:30,61.9,97.1,1,1,13.6,side
2024-01-16 06:44:32,62.1,97.2,1,0.971,14.4,side
2024-01-16 06:44:34,59.4,98,0.988,0.996,13.5,side
2024-01-16 06:44:36,60.7,97,1,0.972,13.5,side
2024-01-16 06:44:38,63.9,97.6,1,1,13.5,side
2024-01-16 06:44:40,59.4,97.3,1,0.995,14.7,side
2024-01-16 06:44:42,62.4,97.4,0.98,0.984,13.7,side
2024-01-16 06:44:44,63.2,97.7,0.993,1,14,side
2024-01-16 06:44:46,62.3,97.1,1,1,13.5,side
2024-01-16 06:44:48,62.6,96.7,0.974,1,13.7,side
2024-01-16 06:44:50,62.2,97.7,1,1,13.5,side
2024-01-16 06:44:52,61.3,97.3,1,0.997,13,side
2024-01-16 06:44:54,62.1,98,0.991,0.95,13.9,side
2024-01-16 06:44:56,61.3,97.9,1,0.99,14,side
2024-01-16 06:44:58,62.5,97.3,0.997,1,14.4,side
2024-01-16 06:45:00,63.2,97.1,1,1,14.3,side
2024-01-16 06:45:02,63,97.4,1,0.994,14,side
2024-01-16 06:45:04,62.2,97,0.954,1,13.5,side
2024-01-16 06:45:06,60.2,97.3,1,1,13.9,side
2024-01-16 06:45:08,61.2,97.7,0.969,1,13.3,side
2024-01-16 06:45:10,61.1,97.8,0.99,1,13.4,side
2024-01-16 06:45:12,62.2,97.4,0.969,0.954,13.6,side
2024-01-16 06:45:14,61.3,97.6,1,1,14.1,side
2024-01-16 06:45:16,63.5,97.7,0.976,1,14.2,side
2024-01-16 06:45:18,62.9,97.2,1,1,14.1,side
2024-01-16 06:45:20,66.3,97.5,1,1,14.3,side
2024-01-16 06:45:22,62.8,97,1,1,13.4,side
2024-01-16 06:45:24,63.4,97.6,1,0.99,14.6,side
2024-01-16 06:45:26,61.7,97.2,0.999,1,13.4,side
2024-01-16 06:45:28,60.1,97.4,0.964,0.989,13.5,side
2024-01-16 06:45:30,63.5,97.4,1,0.947,14.5,side
2024-01-16 06:45:32,63,97.7,1,1,14.2,side
2024-01-16 06:45:34,61.4,97.6,1,1,14.4,side
2024-01-16 06:45:36,63.2,97.6,1,1,15.5,side
2024-01-16 06:45:38,63.8,97.3,0.951,0.981,14,side
2024-01-16 06:45:40,60.5,97.7,1,0.991,13.9,side
2024-01-16 06:45:42,62.2,97.7,1,1,14.3,side
2024-01-16 06:45:44,63.9,97.4,1,0.992,14,side
2024-01-16 06:45:46,59.9,97.3,1,0.999,13.5,side
2024-01-16 06:45:48,57.9,96.9,1,0.999,14.4,side
2024-01-16 06:45:50,61.6,98.1,1,1,15.2,side
2024-01-16 06:45:52,61.9,97.6,1,0.983,13.2,side
2024-01-16 06:45:54,62,97.3,1,1,13.9,side
2024-01-16 06:45:56,64,97.9,1,1,14,side
2024-01-16 06:45:58,60.6,97.1,0.957,1,14.5,side
2024-01-16 06:46:00,62.8,97.4,0.954,0.962,13.3,side
2024-01-16 06:46:02,63.2,97.4,1,1,13.9,side
2024-01-16 06:46:04,61.7,97.4,1,0.941,13.8,side
2024-01-16 06:46:06,58.4,97.9,0.982,0.966,13.6,side
2024-01-16 06:46:08,63.1,97.5,1,1,14.6,side
2024-01-16 06:46:10,60.1,98.3,0.998,0.953,14,side
2024-01-16 06:46:12,61.6,96.9,0.989,1,13.2,side
2024-01-16 06:46:14,65.3,97,1,1,13.6,side
2024-01-16 06:46:16,63.3,97.8,1,1,14.5,side
2024-01-16 06:46:18,62.2,97,0.987,1,13.8,side
2024-01-16 06:46:20,60.1,97.6,0.996,1,14.9,side
2024-01-16 06:46:22,62.6,97.7,0.984,1,13.7,side
2024-01-16 06:46:24,61.9,97.7,1,1,14.4,side
2024-01-16 06:46:26,62.4,97.8,1,0.955,14,side
2024-01-16 06:46:28,60,97.6,0.986,0.996,13.8,side
2024-01-16 06:46:30,62.8,97.5,1,0.985,13.7,side
2024-01-16 06:46:32,62.3,97.8,0.972,0.977,13.8,side
2024-01-16 06:46:34,62.2,97.2,1,0.972,13.5,side
2024-01-16 06:46:36,60.2,97.3,0.972,0.982,15,side
2024-01-16 06:46:38,59.4,97.6,1,0.979,13.7,side
2024-01-16 06:46:40,64.6,97.4,0.975,0.992,14.4,side
2024-01-16 06:46:42,63,97,0.973,0.999,14.2,side
2024-01-16 06:46:44,64.7,97.4,0.977,0.989,14.8,side
2024-01-16 06:46:46,60.7,97.7,1,0.982,14.5,side
2024-01-16 06:46:48,63.9,97.4,0.968,0.994,14,side
2024-01-16 06:46:50,60.1,97.4,0.951,0.986,14.2,side
2024-01-16 06:46:52,61.8,97.7,0.998,1,14.2,side
2024-01-16 06:46:54,62,97.9,1,1,14,side
2024-01-16 06:46:56,59.8,98,0.999,0.986,14.4,side
2024-01-16 06:46:58,61.1,97.8,0.976,0.974,14.1,side
2024-01-16 06:47:00,61.1,97.9,1,1,14.6,side
2024-01-16 06:47:02,61.1,97.3,0.981,1,14.1,side
2024-01-16 06:47:04,62.4,97.1,0.992,1,14.9,side
2024-01-16 06:47:06,60.8,97.2,0.998,1,14.1,side
2024-01-16 06:47:08,61.3,97.9,0.938,0.972,14.2,side
2024-01-16 06:47:10,64.2,97.1,1,1,14.2,side
2024-01-16 06:47:12,63,97.5,1,1,14.2,side
2024-01-16 06:47:14,61.7,97.4,1,1,14.8,side
2024-01-16 06:47:16,62.5,98,0.994,1,14.6,side
2024-01-16 06:47:18,62,97.3,0.979,1,13.4,side
2024-01-16 06:47:20,63.1,97.4,0.929,0.956,14.8,side
2024-01-16 06:47:22,59.8,97.2,1,0.982,14.2,side
2024-01-16 06:47:24,62.4,97.7,0.993,0.981,14.4,side
2024-01-16 06:47:26,62.6,97.3,1,1,14.6,side
2024-01-16 06:47:28,62.2,97.3,1,1,14.2,side
2024-01-16 06:47:30,64.6,97.6,1,1,14.6,side
2024-01-16 06:47:32,64,97.9,1,1,14.8,side
2024-01-16 06:47:34,63.2,97.9,0.975,0.966,13.3,side
2024-01-16 06:47:36,64.2,98,1,1,14.3,side
2024-01-16 06:47:38,59.9,97.7,0.999,0.951,14.5,side
2024-01-16 06:47:40,64.5,97.4,0.964,0.986,14,side
2024-01-16 06:47:42,62.8,97.9,1,1,14.7,side
2024-01-16 06:47:44,59.5,97.2,1,1,13.2,side
2024-01-16 06:47:46,61.6,97.9,1,1,14.2,side
2024-01-16 06:47:48,61,97.2,0.985,1,14.3,side
2024-01-16 06:47:50,60.2,97.2,0.964,0.951,14.8,side
2024-01-16 06:47:52,60.9,97.1,0.997,1,13.3,side
2024-01-16 06:47:54,63,97.4,0.979,1,13.3,side
2024-01-16 06:47:56,59.4,96.8,0.999,0.991,13.6,side
2024-01-16 06:47:58,61.9,97.5,0.961,1,13.5,side
2024-01-16 06:48:00,61.7,98,1,1,13.5,side
2024-01-16 06:48:02,59.6,98.1,1,0.994,14.3,side
2024-01-16 06:48:04,65.4,97.4,0.957,1,14,side
2024-01-16 06:48:06,63.2,97.6,1,1,14,side
2024-01-16 06:48:08,61.6,97.2,0.984,0.991,15.3,side
2024-01-16 06:48:10,64,97.4,0.96,0.917,13.3,side
2024-01-16 06:48:12,62.8,97.7,1,0.988,13.9,side
2024-01-16 06:48:14,63.2,97.4,0.991,0.983,13,side
2024-01-16 06:48:16,62.1,97.2,0.991,0.962,14.1,side
2024-01-16 06:48:18,61.8,97.6,1,0.985,13.7,side
2024-01-16 06:48:20,61.9,97.4,1,0.985,13.9,side
2024-01-16 06:48:22,58.4,97.5,1,1,13.4,side
2024-01-16 06:48:24,60.2,97.4,0.966,1,14,side
2024-01-16 06:48:26,63,97.2,1,1,13.8,side
2024-01-16 06:48:28,62.8,97.7,0.984,0.996,15.1,side
2024-01-16 06:48:30,61.7,97.9,0.989,0.984,13.6,side
2024-01-16 06:48:32,60.9,97.4,1,1,14,side
2024-01-16 06:48:34,61.7,97.6,0.978,1,15.2,side
2024-01-16 06:48:36,61.5,96.9,0.994,1,13.9,side
2024-01-16 06:48:38,63.2,98.1,1,0.984,13.6,side
2024-01-16 06:48:40,64.1,97.6,0.996,0.959,14,side
2024-01-16 06:48:42,63.3,97.1,0.969,0.975,14.6,side
2024-01-16 06:48:44,62.4,98.1,0.985,1,13.9,side
2024-01-16 06:48:46,62.5,97.4,1,0.962,13.7,side
2024-01-16 06:48:48,59.8,97.8,0.935,0.992,14,side
2024-01-16 06:48:50,61.2,97.5,0.984,1,14.1,side
2024-01-16 06:48:52,63.9,97.2,0.996,1,14.6,side
2024-01-16 06:48:54,60.8,97.8,0.944,0.993,14.6,side
2024-01-16 06:48:56,61.2,98,1,0.991,13.8,side
2024-01-16 06:48:58,60.4,97.8,0.991,1,14,side
2024-01-16 06:49:00,63.1,97.2,1,0.99,13.4,side
2024-01-16 06:49:02,61.8,97.6,0.998,0.956,14.8,side
2024-01-16 06:49:04,61.9,97.3,0.988,1,14.7,side
2024-01-16 06:49:06,62.8,97.9,1,1,13.9,side
2024-01-16 06:49:08,59.6,97.3,0.976,1,14.6,side
2024-01-16 06:49:10,59.7,97.2,1,1,13.7,side
2024-01-16 06:49:12,63.2,97.9,0.959,1,14.3,side
2024-01-16 06:49:14,61.8,97.6,0.981,1,14.2,side
2024-01-16 06:49:16,63.5,97.7,1,0.992,13.3,side
2024-01-16 06:49:18,63.7,97.8,1,0.974,13.7,side
2024-01-16 06:49:20,60.2,97.9,1,0.992,14.8,side
2024-01-16 06:49:22,64.2,97.2,0.985,0.975,13.4,side
2024-01-16 06:49:24,61.7,97.6,0.989,0.984,14.9,side
2024-01-16 06:49:26,63.3,97.3,0.957,0.951,13.9,side
2024-01-16 06:49:28,64.7,97.2,0.972,1,13.6,side
2024-01-16 06:49:30,63.4,97.7,1,0.977,13.9,side
2024-01-16 06:49:32,62.7,96.9,1,1,14.4,side
2024-01-16 06:49:34,61.4,97.6,1,0.993,13.5,side
2024-01-16 06:49:36,62.4,97.5,0.983,1,13.8,side
2024-01-16 06:49:38,62.1,97.6,1,0.961,14,side
2024-01-16 06:49:40,60.6,96.5,1,1,13.7,side
2024-01-16 06:49:42,62.9,97.3,1,0.985,14,side
2024-01-16 06:49:44,65.2,97.8,1,1,14.6,side
2024-01-16 06:49:46,63.2,97.5,0.983,1,14.3,side
2024-01-16 06:49:48,61.1,97.4,1,0.974,14.7,side
2024-01-16 06:49:50,60.4,97.1,0.948,1,14.5,side
2024-01-16 06:49:52,62.3,97.3,0.985,0.985,13.7,side
2024-01-16 06:49:54,63.7,97.3,1,0.972,14.3,side
2024-01-16 06:49:56,60.8,97.7,0.979,1,14.8,side
2024-01-16 06:49:58,60.9,97.9,0.997,1,13.9,side
2024-01-16 06:50:00,59.4,97.3,1,1,13.6,side
2024-01-16 06:50:02,59.1,97.8,1,1,14,side
2024-01-16 06:50:04,63.6,97.4,1,0.994,14.5,side
2024-01-16 06:50:06,61.6,97.4,0.995,0.96,14.7,side
2024-01-16 06:50:08,63.4,97.8,0.964,1,13.9,side
2024-01-16 06:50:10,61.4,97.3,0.976,1,13.4,side
2024-01-16 06:50:12,59.6,97.4,0.969,1,14.4,side
2024-01-16 06:50:14,61.9,97.4,0.979,1,14.7,side
2024-01-16 06:50:16,60.5,97.6,1,1,14.7,side
2024-01-16 06:50:18,62.9,97.6,1,1,14.2,side
2024-01-16 06:50:20,61.5,98.2,0.998,0.973,13.8,side
2024-01-16 06:50:22,60.7,96.7,0.991,0.952,13.7,side
2024-01-16 06:50:24,62,97.3,1,0.982,14.8,side
2024-01-16 06:50:26,62.5,97.3,0.995,1,13.1,side
2024-01-16 06:50:28,60.3,97.2,0.995,0.986,13.5,side
2024-01-16 06:50:30,63.7,97.3,0.991,1,13.4,side
2024-01-16 06:50:32,61.4,97,1,1,14.4,side
2024-01-16 06:50:34,60.2,98.2,0.973,1,14.6,side
2024-01-16 06:50:36,64.5,97.1,1,1,13.7,side
2024-01-16 06:50:38,61.2,97.8,1,0.999,14.4,side
2024-01-16 06:50:40,61.8,97.6,0.954,1,13.5,side
2024-01-16 06:50:42,65.3,97.8,1,0.967,14.4,side
2024-01-16 06:50:44,62.1,97.6,0.994,0.988,13.8,side
2024-01-16 06:50:46,62,97.8,0.964,0.964,14,side
2024-01-16 06:50:48,61,98.3,1,0.996,13.2,side
2024-01-16 06:50:50,61,97.7,0.985,0.968,13.6,side
2024-01-16 06:50:52,63.7,97.4,0.956,0.993,13.8,side
2024-01-16 06:50:54,63.2,97.1,1,1,14.1,side
2024-01-16 06:50:56,63.1,97.6,1,1,14.1,side
2024-01-16 06:50:58,58.6,97.9,1,0.993,13.4,side
2024-01-16 06:51:00,59.9,97.7,1,1,13.3,side
2024-01-16 06:51:02,64,97.8,0.965,0.98,13.6,side
2024-01-16 06:51:04,60.9,97.8,1,0.99,13.7,side
2024-01-16 06:51:06,61.5,97.9,0.983,1,14.1,side
2024-01-16 06:51:08,61.7,97.6,0.947,1,14.2,side
2024-01-16 06:51:10,61.7,97.8,1,1,14,side
2024-01-16 06:51:12,61.2,97.2,0.995,0.992,13.6,side
2024-01-16 06:51:14,62.5,97.5,1,0.968,14.3,side
2024-01-16 06:51:16,61.4,97.8,0.971,1,14.4,side
2024-01-16 06:51:18,62.4,97.5,0.951,0.986,13.6,side
2024-01-16 06:51:20,60.4,97.8,1,1,14.1,side
2024-01-16 06:51:22,58.2,97.4,0.979,1,14,side
2024-01-16 06:51:24,63.6,97.8,0.96,1,14.1,side
2024-01-16 06:51:26,62.3,97.8,0.999,1,13.3,side
2024-01-16 06:51:28,60.7,97.4,1,0.959,14.1,side
2024-01-16 06:51:30,60.4,97.6,1,0.997,13.7,side
2024-01-16 06:51:32,62.5,97.8,1,0.946,13,side
2024-01-16 06:51:34,62.2,97.7,0.966,1,13.7,side
2024-01-16 06:51:36,62.8,97.9,1,0.997,14.9,side
2024-01-16 06:51:38,61.5,97.6,1,0.999,13.6,side
2024-01-16 06:51:40,63.7,97.5,0.973,0.936,13.5,side
2024-01-16 06:51:42,63.4,97.7,0.937,0.992,13.8,side
2024-01-16 06:51:44,62.8,97.9,1,1,13.9,side
2024-01-16 06:51:46,63.5,97.8,0.994,1,13.9,side
2024-01-16 06:51:48,59.4,97.9,0.978,0.979,13.6,side
2024-01-16 06:51:50,62.7,97.6,0.996,0.993,14,side
2024-01-16 06:51:52,60.7,97.1,0.996,1,13.7,side
2024-01-16 06:51:54,63.2,98.5,1,0.919,14.6,side
2024-01-16 06:51:56,61.7,97.3,1,1,14.2,side
2024-01-16 06:51:58,62.8,97.5,1,0.953,14.3,side
2024-01-16 06:52:00,61,97.5,0.958,0.967,14.6,side
2024-01-16 06:52:02,61.5,97.3,1,0.988,13.5,side
2024-01-16 06:52:04,65.8,97.5,0.988,0.919,13.8,side
2024-01-16 06:52:06,60.7,97.7,1,1,13.5,side
2024-01-16 06:52:08,63.9,97.5,0.968,1,15,side
2024-01-16 06:52:10,63,97.6,0.987,0.982,14.3,side
2024-01-16 06:52:12,60.1,97.9,1,0.941,14.4,side
2024-01-16 06:52:14,61.1,97.3,1,0.961,14.8,side
2024-01-16 06:52:16,62.7,97.8,0.963,1,13.9,side
2024-01-16 06:52:18,61.6,97.4,1,0.937,13.2,side
2024-01-16 06:52:20,60.6,96.7,1,1,14.5,side
2024-01-16 06:52:22,63.1,97.3,0.999,1,13.9,side
2024-01-16 06:52:24,61.1,97.4,1,0.989,13.3,side
2024-01-16 06:52:26,58.9,97.1,0.992,0.978,14.6,side
2024-01-16 06:52:28,64.5,97.3,0.991,0.985,13.5,side
2024-01-16 06:52:30,61.5,97.8,1,0.973,13.4,side
2024-01-16 06:52:32,65.3,97.1,0.997,1,13.6,side
2024-01-16 06:52:34,60.6,97.3,0.967,1,14.9,side
2024-01-16 06:52:36,62.5,97.3,0.933,1,13.5,side
2024-01-16 06:52:38,63.1,97.2,0.978,1,13.8,side
2024-01-16 06:52:40,59.7,98.5,0.986,1,14.2,side
2024-01-16 06:52:42,61.9,97.1,1,1,14.3,side
2024-01-16 06:52:44,60.9,97.6,0.962,0.974,14,side
2024-01-16 06:52:46,63.7,97.4,0.974,0.998,14.1,side
2024-01-16 06:52:48,60.6,97.4,1,0.964,13.8,side
2024-01-16 06:52:50,60.6,97.4,1,0.973,13.3,side
2024-01-16 06:52:52,61.1,97.5,1,1,13.9,side
2024-01-16 06:52:54,61.1,97.2,0.984,1,12.9,side
2024-01-16 06:52:56,63.2,97.5,1,1,14,side
2024-01-16 06:52:58,62.1,98.1,1,1,14.1,side
2024-01-16 06:53:00,61.3,97.7,1,1,13.5,side
2024-01-16 06:53:02,63.1,97.3,0.974,1,14.9,side
2024-01-16 06:53:04,62.9,97.1,1,1,14,side
2024-01-16 06:53:06,60.6,97.3,0.981,1,14.2,side
2024-01-16 06:53:08,60.8,97.5,0.981,1,14.3,side
2024-01-16 06:53:10,60.9,98.2,0.985,1,14.3,side
2024-01-16 06:53:12,60.4,97.4,0.963,1,14.3,side
2024-01-16 06:53:14,60.1,97.6,1,0.994,14.3,side
2024-01-16 06:53:16,61.7,97.6,0.991,0.917,13.6,side
2024-01-16 06:53:18,61.4,97.8,0.985,0.971,14.1,side
2024-01-16 06:53:20,62.2,97.6,0.953,1,14.1,side
2024-01-16 06:53:22,60.5,97.4,0.99,0.968,14.2,side
2024-01-16 06:53:24,61.4,97.3,0.987,1,13.9,side
2024-01-16 06:53:26,63.4,97.4,0.982,1,14.2,side
2024-01-16 06:53:28,61.7,97.4,0.973,1,13.4,side
2024-01-16 06:53:30,65.1,97.4,0.954,1,14,side
2024-01-16 06:53:32,60.8,98,0.987,0.959,13.4,side
2024-01-16 06:53:34,61.9,97.7,1,1,13.5,side
2024-01-16 06:53:36,62.5,97.5,1,0.998,14.6,side
2024-01-16 06:53:38,58.3,97.7,1,1,14.3,side
2024-01-16 06:53:40,62,97.2,0.951,1,13.8,side
2024-01-16 06:53:42,60.2,97.4,0.992,1,13.4,side
2024-01-16 06:53:44,62.8,97.9,1,0.989,14.3,side
2024-01-16 06:53:46,62.2,97.6,0.956,0.99,14.6,side
2024-01-16 06:53:48,62.6,97.4,0.997,1,14.1,side
2024-01-16 06:53:50,59,96.9,1,0.974,13.4,side
2024-01-16 06:53:52,65.1,97.9,0.958,0.95,14.1,side
2024-01-16 06:53:54,63.9,97.3,0.996,1,13.2,side
2024-01-16 06:53:56,61.6,96.7,1,0.968,13.8,side
2024-01-16 06:53:58,62.2,97.2,0.981,1,13.8,side
2024-01-16 06:54:00,60.8,97.7,1,0.974,13.8,side
2024-01-16 06:54:02,60.7,98,1,1,14.2,side
2024-01-16 06:54:04,61.7,97.6,0.963,0.967,13.2,side
2024-01-16 06:54:06,62.1,96.9,0.965,1,13.5,side
2024-01-16 06:54:08,62.2,98,1,1,14.7,side
2024-01-16 06:54:10,62,97.3,0.982,0.943,13.5,side
2024-01-16 06:54:12,63.1,97.4,1,1,13.4,side
2024-01-16 06:54:14,58.9,96.8,1,1,14.1,side
2024-01-16 06:54:16,62.5,97.5,1,0.98,13.8,side
2024-01-16 06:54:18,62,97.1,0.996,0.986,13.3,side
2024-01-16 06:54:20,61.3,97.6,0.949,0.994,13.8,side
2024-01-16 06:54:22,62.1,97.3,1,0.98,13.9,side
2024-01-16 06:54:24,61.8,97.1,1,0.897,13.6,side
2024-01-16 06:54:26,64.5,97.9,0.933,1,13.5,side
2024-01-16 06:54:28,62.3,96.7,0.95,0.969,13.7,side
2024-01-16 06:54:30,60.7,97.5,1,0.949,13.4,side
2024-01-16 06:54:32,64.6,97,0.999,0.975,15.1,side
2024-01-16 06:54:34,61.2,97.5,1,0.997,13.8,side
2024-01-16 06:54:36,63.2,97.2,1,0.972,13.6,side
2024-01-16 06:54:38,64.1,97.9,1,1,14.4,side
2024-01-16 06:54:40,61.5,97,0.983,0.989,13.7,side
2024-01-16 06:54:42,62.9,97.4,0.997,1,13.6,side
2024-01-16 06:54:44,59.9,97.6,0.926,0.997,14.1,side
2024-01-16 06:54:46,60,97.7,1,1,14,side
2024-01-16 06:54:48,60.2,97.4,0.968,0.974,12.9,side
2024-01-16 06:54:50,64.7,97.8,1,0.975,13.7,side
2024-01-16 06:54:52,59.2,97.4,1,1,14,side
2024-01-16 06:54:54,60.8,97.7,0.988,0.954,13.7,side
2024-01-16 06:54:56,59.5,97.6,0.999,1,14.3,side
2024-01-16 06:54:58,63.1,97.9,0.996,0.993,14,side
2024-01-16 06:55:00,61.3,97.7,1,1,13.5,side
2024-01-16 06:55:02,62.5,97.4,0.931,0.988,14.2,side
2024-01-16 06:55:04,63.2,97.6,1,1,13.6,side
2024-01-16 06:55:06,61.4,98,1,0.94,14.5,side
2024-01-16 06:55:08,64.2,97.3,1,1,14.8,side
2024-01-16 06:55:10,62.5,97.7,1,0.962,14.6,side
2024-01-16 06:55:12,62,97.2,0.971,0.982,14.6,side
2024-01-16 06:55:14,62.2,97.6,0.956,1,13.9,side
2024-01-16 06:55:16,61.1,97.5,1,1,13.9,side
2024-01-16 06:55:18,62.8,97.9,0.993,0.963,13.8,side
2024-01-16 06:55:20,63.2,97.9,0.954,0.973,14.3,side
2024-01-16 06:55:22,63.3,97.4,0.987,1,13.8,side
2024-01-16 06:55:24,62.2,97.5,1,0.976,13.5,side
2024-01-16 06:55:26,63.6,98,1,1,14.5,side
2024-01-16 06:55:28,60.7,97.7,1,1,13.2,side
2024-01-16 06:55:30,63,97.4,1,0.96,13.8,side
2024-01-16 06:55:32,60.6,97.2,1,0.992,14.2,side
2024-01-16 06:55:34,63,97.4,0.944,0.976,14.5,side
2024-01-16 06:55:36,62.1,97.3,1,1,14.7,side
2024-01-16 06:55:38,60.4,97.8,0.961,0.991,14.2,side
2024-01-16 06:55:40,62.1,97.2,0.932,0.956,13.7,side
2024-01-16 06:55:42,61.4,97.5,1,1,13.2,side
2024-01-16 06:55:44,63.8,97.8,0.992,1,12.6,side
2024-01-16 06:55:46,60.1,97,1,1,14.1,side
2024-01-16 06:55:48,61.2,97,0.97,1,14.4,side
2024-01-16 06:55:50,61.5,97.1,1,1,14,side
2024-01-16 06:55:52,67.5,96.9,1,1,14.2,side
2024-01-16 06:55:54,62.1,97.1,0.944,0.975,13.8,side
2024-01-16 06:55:56,59.8,97.5,0.966,0.969,14.1,side
2024-01-16 06:55:58,62.5,97.7,0.975,1,13.6,side
2024-01-16 06:56:00,62.4,97.4,1,1,13.7,side
2024-01-16 06:56:02,58.2,97.6,1,0.999,13.8,side
2024-01-16 06:56:04,61.2,97.7,1,1,14.4,side
2024-01-16 06:56:06,63.2,97.4,0.945,0.99,14.4,side
2024-01-16 06:56:08,62.9,97.4,0.966,0.976,12.9,side
2024-01-16 06:56:10,62.2,97.8,0.984,1,14.4,side
2024-01-16 06:56:12,61.5,97.4,0.956,1,14.9,side
2024-01-16 06:56:14,64.9,97.7,1,0.999,14.6,side
2024-01-16 06:56:16,62.8,97.5,1,1,13.1,side
2024-01-16 06:56:18,62.8,97.8,1,0.961,13.5,side
2024-01-16 06:56:20,61.2,97.1,0.937,1,14.5,side
2024-01-16 06:56:22,59.9,97.1,0.989,0.984,14.4,side
2024-01-16 06:56:24,62.5,97.4,1,0.977,13.9,side
2024-01-16 06:56:26,63.9,97,1,0.932,13.3,side
2024-01-16 06:56:28,62.9,97.5,1,1,13.4,side
2024-01-16 06:56:30,62.7,97.4,1,0.973,14.4,side
2024-01-16 06:56:32,60.6,97.3,1,0.976,13.9,side
2024-01-16 06:56:34,60.8,97.8,0.959,1,14.1,side
2024-01-16 06:56:36,59.7,97.9,0.963,1,13.5,side
2024-01-16 06:56:38,62.2,97.4,1,1,13.8,side
2024-01-16 06:56:40,62.3,97.3,0.979,0.979,13.6,side
2024-01-16 06:56:42,65.8,97.9,0.963,0.964,14.1,side
2024-01-16 06:56:44,61.4,97.6,0.961,0.994,14.5,side
2024-01-16 06:56:46,63.5,97.5,1,0.963,14.7,side
2024-01-16 06:56:48,63,97.2,1,1,14.5,side
2024-01-16 06:56:50,61.6,97.1,1,1,13.4,side
2024-01-16 06:56:52,64.4,97.3,0.996,0.978,13.9,side
2024-01-16 06:56:54,60.5,97.4,0.975,0.996,14.3,side
2024-01-16 06:56:56,58.8,98,1,1,13.8,side
2024-01-16 06:56:58,64,97.3,0.992,0.992,14.3,side
2024-01-16 06:57:00,62.2,97.8,1,1,13.8,side
2024-01-16 06:57:02,63.6,97.4,1,1,14.3,side
2024-01-16 06:57:04,59.2,97.7,1,1,14.9,side
2024-01-16 06:57:06,59.7,97.3,0.987,0.975,14.2,side
2024-01-16 06:57:08,63.2,97.2,0.991,0.947,13.7,side
2024-01-16 06:57:10,63.1,97.8,0.98,0.962,13.7,side
2024-01-16 06:57:12,64.2,97.6,0.977,0.988,13.9,side
2024-01-16 06:57:14,63.3,97.6,1,0.986,13.7,side
2024-01-16 06:57:16,63.8,97.5,0.993,0.979,15,side
2024-01-16 06:57:18,61.1,97.4,1,1,14,side
2024-01-16 06:57:20,62.9,97.9,0.922,0.989,14.1,side
2024-01-16 06:57:22,65.1,98.1,0.984,0.985,14,side
2024-01-16 06:57:24,62.9,97.5,1,1,13.6,side
2024-01-16 06:57:26,62.5,97.2,1,0.98,13.5,side
2024-01-16 06:57:28,62.2,97.4,1,0.991,13.6,side
2024-01-16 06:57:30,61.1,97.8,1,1,13.8,side
2024-01-16 06:57:32,58.4,97.5,0.98,0.952,13,side
2024-01-16 06:57:34,63.4,97.8,0.993,1,14.3,side
2024-01-16 06:57:36,60.6,97.5,0.963,1,13.7,side
2024-01-16 06:57:38,63.6,98.1,0.998,1,14.7,side
2024-01-16 06:57:40,63,97.8,0.962,0.967,14.7,side
2024-01-16 06:57:42,63.8,97.7,1,1,14.4,side
2024-01-16 06:57:44,60.3,97.9,0.988,0.975,13.5,side
2024-01-16 06:57:46,62.1,97.1,0.974,1,13.6,side
2024-01-16 06:57:48,62.9,97.4,0.946,1,14,side
2024-01-16 06:57:50,59.9,97.9,1,0.984,14.3,side
2024-01-16 06:57:52,61.4,96.8,1,0.982,13.7,side
2024-01-16 06:57:54,63.9,97.5,1,0.983,13.4,side
2024-01-16 06:57:56,62.8,97.2,0.974,0.987,13.9,side
2024-01-16 06:57:58,61.3,97.3,1,0.989,14.2,side
2024-01-16 06:58:00,60.2,97.6,0.999,1,14.7,side
2024-01-16 06:58:02,61.9,97.3,1,0.973,14.3,side
2024-01-16 06:58:04,62.3,97.8,1,1,15.4,side
2024-01-16 06:58:06,61.4,97.6,0.967,0.948,14.4,side
2024-01-16 06:58:08,58.3,97.6,1,0.984,15,side
2024-01-16 06:58:10,58.5,97.7,0.992,0.988,14.6,side
2024-01-16 06:58:12,63.1,97.6,0.996,0.992,14.2,side
2024-01-16 06:58:14,60.2,97.2,0.991,0.99,13.9,side
2024-01-16 06:58:16,62.1,97.5,1,1,13.6,side
2024-01-16 06:58:18,61.6,97.1,0.998,1,13.8,side
2024-01-16 06:58:20,60.5,97.8,1,1,13,side
2024-01-16 06:58:22,62.4,97.5,0.995,1,13.7,side
2024-01-16 06:58:24,60.9,97.2,1,1,14.2,side
2024-01-16 06:58:26,64.1,97.7,0.943,1,13.5,side
2024-01-16 06:58:28,61.8,97.9,0.999,0.978,14.2,side
2024-01-16 06:58:30,64.2,97.2,1,1,14.7,side
2024-01-16 06:58:32,61.4,97.4,0.997,1,14.2,side
2024-01-16 06:58:34,60.6,97.1,1,1,14.1,side
2024-01-16 06:58:36,60.5,97.7,0.984,1,14.1,side
2024-01-16 06:58:38,63,97.4,0.978,1,14.6,side
2024-01-16 06:58:40,64.7,97.8,0.985,1,14.1,side
2024-01-16 06:58:42,61.9,97.1,1,1,13.9,side
2024-01-16 06:58:44,63.4,97.5,0.973,0.991,14.3,side
2024-01-16 06:58:46,59.4,97.2,1,1,13.4,side
2024-01-16 06:58:48,62.7,97.9,1,1,13.6,side
2024-01-16 06:58:50,61.5,97.7,1,1,14.5,side
2024-01-16 06:58:52,61.7,97.7,0.958,0.99,14.1,side
2024-01-16 06:58:54,61.5,97.3,1,1,14.3,side
2024-01-16 06:58:56,59.6,97.6,0.97,0.984,13.9,side
2024-01-16 06:58:58,59.1,97.6,1,1,14.6,side
2024-01-16 06:59:00,59.3,97.5,1,0.979,13.6,side
2024-01-16 06:59:02,62,97.2,1,1,14.6,side
2024-01-16 06:59:04,63.3,97.2,1,0.986,14.3,side
2024-01-16 06:59:06,59.6,97.6,0.933,1,14,side
2024-01-16 06:59:08,65,97.2,0.999,1,14,side
2024-01-16 06:59:10,60.8,97.6,1,1,14.3,side
2024-01-16 06:59:12,61.4,97.4,1,0.963,14.3,side
2024-01-16 06:59:14,63.3,96.8,1,1,13.9,side
2024-01-16 06:59:16,60,97.8,0.981,1,13.6,side
2024-01-16 06:59:18,61.2,97.5,0.995,1,13.9,side
2024-01-16 06:59:20,59.9,97.1,0.948,0.988,14.1,side
2024-01-16 06:59:22,61.9,97.7,0.956,1,14.6,side
2024-01-16 06:59:24,60.6,97.5,1,0.954,14,side
2024-01-16 06:59:26,63.1,97.2,1,1,14.7,side
2024-01-16 06:59:28,63.5,96.7,1,1,14.3,side
2024-01-16 06:59:30,64.4,97.3,1,0.972,13.7,side
2024-01-16 06:59:32,61.3,97.8,0.992,1,14,side
2024-01-16 06:59:34,60.1,97.5,0.977,1,12.8,side
2024-01-16 06:59:36,62.6,97.4,1,1,14.5,side
2024-01-16 06:59:38,61.4,97.8,1,1,14.8,side
2024-01-16 06:59:40,61.7,97.2,0.995,0.985,13.2,side
2024-01-16 06:59:42,63.8,97.7,0.971,1,14,side
2024-01-16 06:59:44,62.3,97.2,0.999,1,13.5,side
2024-01-16 06:59:46,62.6,97.9,1,1,14.5,side
2024-01-16 06:59:48,62.3,97.8,0.973,1,13.9,side
2024-01-16 06:59:50,56.8,97.5,0.991,0.984,14.4,side
2024-01-16 06:59:52,60.5,97.4,1,0.957,14.5,side
2024-01-16 06:59:54,60.8,97.2,0.997,0.989,13.9,side
2024-01-16 06:59:56,60.9,97.5,0.983,1,13.8,side
2024-01-16 06:59:58,63.2,98,0.991,0.97,13,side
